name,base_form,path_texture
DoorMarker,00000001,MarkerTeleport.nif
TravelMarker,00000002,Marker_Travel.nif
NorthMarker,00000003,Marker_North.nif
DivineMarker,00000005,Marker_Divine.nif
TempleMarker,00000006,Marker_Temple.nif
MapMarker,00000010,Marker_Map.NIF
HorseMarker,00000012,Marker_Horse.nif
MultiBoundMarker,00000015,
PlaneMarker,00000017,
RoomMarker,0000001F,
PortalMarker,00000020,
CollisionMarker,00000021,
COCMarkerHeading,00000032,MarkerCOCHeading.nif
RadiationMarker,00000033,Marker_Radiation.nif
XMarkerHeading,00000034,MarkerXHeading.nif
XMarker,0000003B,MarkerX.nif
CellWaterCurrentMarker,00000061,marker_current01.nif
WaterCurrentMarker,00000062,marker_current01.nif
FurnitureMarker01Sit,00000064,Furniture\FurnitureMarkerSit.nif
FurnitureMarker02Lay,00000065,Furniture\FurnitureMarkerLay.nif
FurnitureMarker03Lean,00000066,Furniture\FurnitureMarkerLean.nif
FurnitureMarker04,00000067,
FurnitureMarker05,00000068,
AnimInteractionMarker,000000A0,MarkerTeleport.nif
WaterCurrentZoneMarker,000000C4,
Farmhouse02,00000846,Architecture\Farmhouse\Farmhouse02.NIF
Farmhouse01,0000084A,Architecture\Farmhouse\Farmhouse01.NIF
FenceWoven01,000008A6,Architecture\Farmhouse\FenceWoven01.NIF
FenceWoven02,000008A7,Architecture\Farmhouse\FenceWoven02.NIF
Stonewall01,0000099B,Architecture\Farmhouse\Stonewall\Stonewall01.NIF
Stonewall01Ivy,0000099C,Architecture\Farmhouse\Stonewall\Stonewall01Ivy.NIF
Stonewall02,0000099D,Architecture\Farmhouse\Stonewall\Stonewall02.NIF
StonewallEndL01,0000099E,Architecture\Farmhouse\Stonewall\StonewallEndL01.NIF
StonewallEndL01Ivy,0000099F,Architecture\Farmhouse\Stonewall\StonewallEndL01Ivy.NIF
StonewallEndR01,000009A0,Architecture\Farmhouse\Stonewall\StonewallEndR01.NIF
StonewallEndR01Ivy,000009A1,Architecture\Farmhouse\Stonewall\StonewallEndR01Ivy.NIF
StonewallLong01,000009A2,Architecture\Farmhouse\Stonewall\StonewallLong01.NIF
StonewallTerrace01,000009C6,Architecture\Farmhouse\Stonewall\StonewallTerrace01.NIF
StonewallTerraceLong01,000009CC,Architecture\Farmhouse\Stonewall\StonewallTerraceLong01.NIF
StonewallTerraceStairs01,000009D0,Architecture\Farmhouse\Stonewall\StonewallTerraceStairs01.NIF
StonewallTerraceLong02,00000A6B,Architecture\Farmhouse\Stonewall\StonewallTerraceLong02.NIF
StonewallTerrace02,00000A6C,Architecture\Farmhouse\Stonewall\StonewallTerrace02.NIF
StonewallTerraceEndL01,00000A70,Architecture\Farmhouse\Stonewall\StonewallTerraceEndL01.NIF
StonewallTerraceRampDown01,00000A71,Architecture\Farmhouse\Stonewall\StonewallTerraceRampDown01.NIF
StonewallTerraceRampUp01,00000A72,Architecture\Farmhouse\Stonewall\StonewallTerraceRampUp01.NIF
StonewallTerraceEndR01,00000A73,Architecture\Farmhouse\Stonewall\StonewallTerraceEndR01.NIF
StonewallTerraceCorner01,00000A74,Architecture\Farmhouse\Stonewall\StonewallTerraceCorner01.NIF
LoadScreenDSSerpent01,00000DDC,LoadScreenArt\LoadScreenDSSerpent01.nif
LoadScreenDSShadow01,00000DDD,LoadScreenArt\LoadScreenDSShadow01.nif
LoadScreenDSSteed01,00000DDE,LoadScreenArt\LoadScreenDSSteed01.nif
LoadScreenDSTheif01,00000DDF,LoadScreenArt\LoadScreenDSTheif01.nif
LoadScreenDSTower01,00000DE0,LoadScreenArt\LoadScreenDSTower01.nif
LoadScreenDSWarrior01,00000DE1,LoadScreenArt\LoadScreenDSWarrior01.nif
LoadScreenDSApprentice01,00000DE2,LoadScreenArt\LoadScreenDSApprentice01.nif
LoadScreenDSAtronach01,00000DE3,LoadScreenArt\LoadScreenDSAtronach01.nif
LoadScreenDSBoethiah01,00000DE4,LoadScreenArt\LoadScreenDSBoethiah01.nif
LoadScreenDSLady01,00000DE5,LoadScreenArt\LoadScreenDSLady01.nif
LoadScreenDSLord01,00000DE6,LoadScreenArt\LoadScreenDSLord01.nif
LoadScreenDSLover01,00000DE7,LoadScreenArt\LoadScreenDSLover01.nif
LoadScreenDSMage01,00000DE8,LoadScreenArt\LoadScreenDSMage01.nif
LoadScreenDSRitual01,00000DE9,LoadScreenArt\LoadScreenDSRitual01.nif
LoadScreenMRaltar01,00000E87,LoadScreenArt\LoadScreenMRaltar01.nif
GenKitHallSm3way01,00013059,Dungeons\GenKit\GenKitHallSm3way01.nif
GenKitHallSm4way01,0001305A,Dungeons\GenKit\GenKitHallSm4way01.nif
GenKitRmCorIn01,0001305B,Dungeons\GenKit\GenKitRmCorIn01.nif
GenKitRmCorInExSmL01,0001305C,Dungeons\GenKit\GenKitRmCorInExSmL01.nif
GenKitRmCorInExSmR01,0001305D,Dungeons\GenKit\GenKitRmCorInExSmR01.nif
GenKitRmCorOut01,0001305E,Dungeons\GenKit\GenKitRmCorOut01.nif
GenKitRmMid01,0001305F,Dungeons\GenKit\GenKitRmMid01.nif
GenKitRmWall01,00013060,Dungeons\GenKit\GenKitRmWall01.nif
GenKitRmWallExSm01,00013061,Dungeons\GenKit\GenKitRmWallExSm01.nif
GenKitHallSm1way01,00013062,Dungeons\GenKit\GenKitHallSm1way01.nif
GenKitHallSm1wayExSm01,00013063,Dungeons\GenKit\GenKitHallSm1wayExSm01.nif
GenKitHallSm1wayExSmDbl01,00013064,Dungeons\GenKit\GenKitHallSm1wayExSmDbl01.nif
GenKitHallSm1wayExSmEnd01,00013065,Dungeons\GenKit\GenKitHallSm1wayExSmEnd01.nif
GenKitHallSm2way01,00013066,Dungeons\GenKit\GenKitHallSm2way01.nif
Farmhouse03,0001307A,Architecture\Farmhouse\Farmhouse03.nif
Farmhouse04,0001307B,Architecture\Farmhouse\Farmhouse04.nif
GenKitHallSm1wayStair256,000130BD,Dungeons\GenKit\GenKitHallSm1wayStair256.nif
GenKitRmStairWallL384,000130BE,Dungeons\GenKit\GenKitRmStairWallL384.nif
GenKitRmStairMid384,000130BF,Dungeons\GenKit\GenKitRmStairMid384.nif
GenKitRmStairWallR384,000130C0,Dungeons\GenKit\GenKitRmStairWallR384.nif
GenKitHallSm1wayStair128,000130C1,Dungeons\GenKit\GenKitHallSm1wayStair128.nif
TreePineForestLog01,00013250,Landscape\Trees\TreePineForestLog01.nif
TreePineForestStump01,00013251,Landscape\Trees\TreePineForestStump01.nif
NorHallSm2way01,000132FC,Dungeons\Nordic\SmHalls\NorHallSm2way01.nif
NorHallSm1way01,000132FD,Dungeons\Nordic\SmHalls\NorHallSm1way01.nif
DirtCliffs01,00013303,Landscape\DirtCliffs\DirtCliffs01.nif
ImpLRoomDoorL01,0001344D,Dungeons\Imperial\LargeRoom\ImpLRoomDoorL01.nif
ImpLRoomDoorL03,000134A6,Dungeons\Imperial\LargeRoom\ImpLRoomDoorL03.nif
ImpLRoomDoorL04,000134A7,Dungeons\Imperial\LargeRoom\ImpLRoomDoorL04.nif
ImpLRoomDoorL02,000134A8,Dungeons\Imperial\LargeRoom\ImpLRoomDoorL02.nif
DirtCliffs02,000135E2,Landscape\DirtCliffs\DirtCliffs02.nif
TreePineForestLog02,000136E8,Landscape\Trees\TreePineForestLog02.nif
TreePineForestStump02A,00013800,Landscape\Trees\TreePineForestStump02A.nif
TreePineForestStump02B,00013801,Landscape\Trees\TreePineForestStump02B.nif
NorHallSm1wayEndExSm01,00013815,Dungeons\Nordic\SmHalls\NorHallSm1wayEndExSm01.nif
NorHallSm2way02,00013816,Dungeons\Nordic\SmHalls\NorHallSm2way02.nif
NorHallSm3way01,00013817,Dungeons\Nordic\SmHalls\NorHallSm3way01.nif
NorHallSm4way01,0001381D,Dungeons\Nordic\SmHalls\NorHallSm4way01.nif
NorHallSm1wayEndCap01,0001384C,Dungeons\Nordic\SmHalls\NorHallSm1wayEndCap01.nif
NorHallSm1wayExSmDbl01,0001384D,Dungeons\Nordic\SmHalls\NorHallSm1wayExSmDbl01.nif
NorHallSm1wayExSm01,0001384E,Dungeons\Nordic\SmHalls\NorHallSm1wayExSm01.nif
NorHallSm1wayStairs128,0001384F,Dungeons\Nordic\SmHalls\NorHallSm1wayStairs128.nif
DragonMarker,000138C0,Markers\Marker_DragonLanding.nif
NorHallBg1way01,000138C1,Dungeons\Nordic\BgHalls\NorHallBg1way01.nif
DirtCliffsIsland01,00013974,Landscape\DirtCliffs\DirtCliffsIsland01.nif
DirtCliffsCornerIn01,00013976,Landscape\DirtCliffs\DirtCliffsCornerIn01.nif
DirtCliffsCornerOut01,00013A5B,Landscape\DirtCliffs\DirtCliffsCornerOut01.nif
NorHallBg2way01,00013AFB,Dungeons\Nordic\BgHalls\NorHallBg2way01.nif
NorHallBg3way01,00013B07,Dungeons\Nordic\BgHalls\NorHallBg3way01.nif
NorHallBg4way01,00013B08,Dungeons\Nordic\BgHalls\NorHallBg4way01.nif
TreePineForestUprooted01,00013B33,Landscape\Trees\TreePineForestUprooted01.nif
NorHallBg1wayStairs256,00013BEF,Dungeons\Nordic\BgHalls\NorHallBg1wayStairs256.nif
NorHallBg1wayEndExSm01,00013BF0,Dungeons\Nordic\BgHalls\NorHallBg1wayEndExSm01.nif
NorHallBg1wayEndCap01,00013BF1,Dungeons\Nordic\BgHalls\NorHallBg1wayEndCap01.nif
NorHallBg1wayExSmDbl01,00013BF2,Dungeons\Nordic\BgHalls\NorHallBg1wayExSmDbl01.nif
NorHallBg1wayExSm01,00013BF3,Dungeons\Nordic\BgHalls\NorHallBg1wayExSm01.nif
NorHallExSmExtension01,00013BFC,Dungeons\Nordic\BgHalls\NorHallExSmExtension01.nif
NorHallSm3wayExSm01,00013C45,Dungeons\Nordic\SmHalls\NorHallSm3wayExSm01.nif
FarmIntWall01,00013C76,Architecture\Farmhouse\Interior\FarmIntWall01.nif
FarmIntEnd01,00013C7E,Architecture\Farmhouse\Interior\FarmIntEnd01.nif
FarmIntDoorway01,00013E87,Architecture\Farmhouse\Interior\FarmIntDoorway01.nif
1stPersonSteelDagger,00013EB7,Weapons\Steel\1stPersonSteelDagger.nif
TestHDRBox02,00013F46,Test\TestHDRBrightRange01.nif
NorRmSmAlcove01,00013F7B,Dungeons\Nordic\SmRooms\NorRmSmAlcove01.nif
NorRmSmCorIn01,00013F7C,Dungeons\Nordic\SmRooms\NorRmSmCorIn01.nif
NorRmSmCorInExSmL01,00013F7D,Dungeons\Nordic\SmRooms\NorRmSmCorInExSmL01.nif
NorRmSmCorInExSmR01,00013F7E,Dungeons\Nordic\SmRooms\NorRmSmCorInExSmR01.nif
NorRmSmCorOutL01,00013F7F,Dungeons\Nordic\SmRooms\NorRmSmCorOutL01.nif
NorRmSmCorOutR01,00013F80,Dungeons\Nordic\SmRooms\NorRmSmCorOutR01.nif
NorRmSmMid01,00013F81,Dungeons\Nordic\SmRooms\NorRmSmMid01.nif
NorRmSmWallFront01,00013F82,Dungeons\Nordic\SmRooms\NorRmSmWallFront01.nif
NorRmSmWallFront02,00013F83,Dungeons\Nordic\SmRooms\NorRmSmWallFront02.nif
NorRmSmWallFrontExSm01,00013F84,Dungeons\Nordic\SmRooms\NorRmSmWallFrontExSm01.nif
NorRmSmWallFrontWin01,00013F85,Dungeons\Nordic\SmRooms\NorRmSmWallFrontWin01.nif
NorRmSmWallSide01,00013F86,Dungeons\Nordic\SmRooms\NorRmSmWallSide01.nif
NorRmSmWallSide02,00013F87,Dungeons\Nordic\SmRooms\NorRmSmWallSide02.nif
NorRmSmWallSideExSm01,00013F88,Dungeons\Nordic\SmRooms\NorRmSmWallSideExSm01.nif
NorRmSmWallSideWin01,00013F89,Dungeons\Nordic\SmRooms\NorRmSmWallSideWin01.nif
NorRmSmCorInExSmDbl01,00013F9C,Dungeons\Nordic\SmRooms\NorRmSmCorInExSmDbl01.nif
NorHallSm1wayStairs128ExSm01,00013FAF,Dungeons\Nordic\SmHalls\NorHallSm1wayStairs128ExSm01.nif
NorHallSm1wayStairs128ExSm02,00013FB0,Dungeons\Nordic\SmHalls\NorHallSm1wayStairs128ExSm02.nif
NorRmSmMid02,00013FD1,Dungeons\Nordic\SmRooms\NorRmSmMid02.nif
TreePineForestHollow01,00014055,Landscape\Trees\TreePineForestHollow01.nif
1stPersonSteelSword,000140EF,Weapons\Steel\1stPersonSteelSword.nif
NorPitMid01,0001419E,Dungeons\Nordic\Pits\NorPitMid01.nif
NorPitWallFront01,0001419F,Dungeons\Nordic\Pits\NorPitWallFront01.nif
NorPitWallFront02,000141A0,Dungeons\Nordic\Pits\NorPitWallFront02.nif
NorPitWallSide01,000141A1,Dungeons\Nordic\Pits\NorPitWallSide01.nif
NorPitWallSide02,000141A2,Dungeons\Nordic\Pits\NorPitWallSide02.nif
NorPitCorInL01,000141A3,Dungeons\Nordic\Pits\NorPitCorInL01.nif
NorPitCorInR01,000141A4,Dungeons\Nordic\Pits\NorPitCorInR01.nif
1stPersonSteelMace,00014305,Weapons\Steel\1stPersonSteelMace.nif
DweFarm01Int,00014444,Dungeons\Dwemer\Clutter\DweFarm01Int.nif
DweFarm02Int,0001446D,Dungeons\Dwemer\Clutter\DweFarm02Int.nif
TreePineForestCutStump01,000145C4,Landscape\Trees\TreePineForestCutStump01.nif
CaveIShaftRDoorL04,000153C5,Dungeons\Caves\Ice\ShaftRock\CaveIShaftRDoorL04.nif
CaveIShaftRDoorLB01,000153C6,Dungeons\Caves\Ice\ShaftRock\CaveIShaftRDoorLB01.nif
CaveIShaftRDoorLB02,000153C7,Dungeons\Caves\Ice\ShaftRock\CaveIShaftRDoorLB02.nif
HighPolyBasicBook03,000153D4,Clutter\Books\Book02\Character Assets\Book03.nif
CaveIShaftRDoorLB03,000153D5,Dungeons\Caves\Ice\ShaftRock\CaveIShaftRDoorLB03.nif
CaveIShaftRDoorLB04,000153D7,Dungeons\Caves\Ice\ShaftRock\CaveIShaftRDoorLB04.nif
CaveIShaftRStraight01,000153D8,Dungeons\Caves\Ice\ShaftRock\CaveIShaftRStraight01.nif
CaveIShaftRTop01,000153D9,Dungeons\Caves\Ice\ShaftRock\CaveIShaftRTop01.nif
CaveIShaftRTop01c,000153DA,Dungeons\Caves\Ice\ShaftRock\CaveIShaftRTop01c.nif
CaveIShaftRWall01,000153DB,Dungeons\Caves\Ice\ShaftRock\CaveIShaftRWall01.nif
CaveIShaftRWall02,000153DC,Dungeons\Caves\Ice\ShaftRock\CaveIShaftRWall02.nif
CaveIShaftRWall03,000153DD,Dungeons\Caves\Ice\ShaftRock\CaveIShaftRWall03.nif
CaveIShaftRWall04,000153DE,Dungeons\Caves\Ice\ShaftRock\CaveIShaftRWall04.nif
CaveIShaftRBottom01,000153DF,Dungeons\Caves\Ice\ShaftRock\CaveIShaftRBottom01.nif
CaveIShaftRDoor01,000153E0,Dungeons\Caves\Ice\ShaftRock\CaveIShaftRDoor01.nif
CaveIShaftRDoor02,000153E1,Dungeons\Caves\Ice\ShaftRock\CaveIShaftRDoor02.nif
CaveIShaftRDoor03,000153E3,Dungeons\Caves\Ice\ShaftRock\CaveIShaftRDoor03.nif
CaveIShaftRDoor04,000153E4,Dungeons\Caves\Ice\ShaftRock\CaveIShaftRDoor04.nif
CaveIShaftRDoorB01,000153E5,Dungeons\Caves\Ice\ShaftRock\CaveIShaftRDoorB01.nif
CaveIShaftRDoorB02,000153E6,Dungeons\Caves\Ice\ShaftRock\CaveIShaftRDoorB02.nif
CaveIShaftRDoorB03,000153E7,Dungeons\Caves\Ice\ShaftRock\CaveIShaftRDoorB03.nif
CaveIShaftRDoorB04,000153E8,Dungeons\Caves\Ice\ShaftRock\CaveIShaftRDoorB04.nif
CaveIShaftRDoorL01,000153E9,Dungeons\Caves\Ice\ShaftRock\CaveIShaftRDoorL01.nif
CaveIShaftRDoorL02,000153EA,Dungeons\Caves\Ice\ShaftRock\CaveIShaftRDoorL02.nif
CaveIShaftRDoorL03,000153EB,Dungeons\Caves\Ice\ShaftRock\CaveIShaftRDoorL03.nif
HighPolyBasicBook04,000153F0,Clutter\Books\Book02\Character Assets\Book04.nif
HighPolyBasicBook04a,000153F1,Clutter\Books\Book02\Character Assets\Book04a.nif
HighPolyBasicBook05,000153F4,Clutter\Books\Book02\Character Assets\Book05.nif
HighPolyBasicBook05a,000153F5,Clutter\Books\Book02\Character Assets\Book05a.nif
HighPolyBasicBook03a,000153F8,Clutter\Books\Book02\Character Assets\Book03a.nif
HighPolyBasicBook06,000153F9,Clutter\Books\Book02\Character Assets\Book06.nif
HighPolyBasicBook06a,00015406,Clutter\Books\Book02\Character Assets\Book06a.nif
CaveGDirtMound04,00015407,Dungeons\Caves\Green\DirtMound\CaveGDirtMound04.nif
CaveGDirtMound05,00015409,Dungeons\Caves\Green\DirtMound\CaveGDirtMound05.nif
CaveGDirtMound06,0001540B,Dungeons\Caves\Green\DirtMound\CaveGDirtMound06.nif
CaveGDirtMound07,0001540C,Dungeons\Caves\Green\DirtMound\CaveGDirtMound07.nif
CaveGDirtMound08,0001540D,Dungeons\Caves\Green\DirtMound\CaveGDirtMound08.nif
CaveGDirtMound01,0001540E,Dungeons\Caves\Green\DirtMound\CaveGDirtMound01.nif
CaveGDirtMound02,0001540F,Dungeons\Caves\Green\DirtMound\CaveGDirtMound02.nif
CaveGDirtMound03,00015410,Dungeons\Caves\Green\DirtMound\CaveGDirtMound03.nif
CaveIDirtMound02,00015411,Dungeons\Caves\Ice\DirtMound\CaveIDirtMound02.nif
CaveIDirtMound03,00015412,Dungeons\Caves\Ice\DirtMound\CaveIDirtMound03.nif
CaveIDirtMound04,00015413,Dungeons\Caves\Ice\DirtMound\CaveIDirtMound04.nif
CaveIDirtMound05,00015414,Dungeons\Caves\Ice\DirtMound\CaveIDirtMound05.nif
CaveIDirtMound06,00015415,Dungeons\Caves\Ice\DirtMound\CaveIDirtMound06.nif
CaveIDirtMound07,00015416,Dungeons\Caves\Ice\DirtMound\CaveIDirtMound07.nif
HighPolyBasicBook07,00015417,Clutter\Books\Book02\Character Assets\Book07.nif
HighPolyBasicBook07a,00015418,Clutter\Books\Book02\Character Assets\Book07a.nif
HighPolyNote02,0001541B,Clutter\Books\Note01\Note02.nif
HighPolyNote03,0001541C,Clutter\Books\Note01\Note03.nif
HighPolyNote04,00015421,Clutter\Books\Note01\Note04.nif
CaveIDirtMound08,00015423,Dungeons\Caves\Ice\DirtMound\CaveIDirtMound08.nif
CaveIDirtMound01,00015424,Dungeons\Caves\Ice\DirtMound\CaveIDirtMound01.nif
TundraStreamBend01,0001542A,Landscape\Tundra\TundraStreamBend01.nif
TundraStreamBend01Tundra01,0001542D,Landscape\Tundra\TundraStreamBend01.nif
HighPolyJournal02,0001542E,Clutter\Books\Book01\Character Assets\JournalBasic02.nif
HighPolyJournal03,00015438,Clutter\Books\Book01\Character Assets\JournalBasic03.nif
NorRmBgCorInL01,00016006,Dungeons\Nordic\BgRooms\NorRmBgCorInL01.nif
NorRmBgCorInR01,00016007,Dungeons\Nordic\BgRooms\NorRmBgCorInR01.nif
NorRmBgCorOutL01,00016008,Dungeons\Nordic\BgRooms\NorRmBgCorOutL01.nif
NorRmBgCorOutR01,00016009,Dungeons\Nordic\BgRooms\NorRmBgCorOutR01.nif
NorRmBgWallFront01,0001600A,Dungeons\Nordic\BgRooms\NorRmBgWallFront01.nif
NorRmBgWallFrontExSm01,0001600B,Dungeons\Nordic\BgRooms\NorRmBgWallFrontExSm01.nif
NorRmBgWallSide01,0001600C,Dungeons\Nordic\BgRooms\NorRmBgWallSide01.nif
NorRmBgWallSideExSm01,0001600D,Dungeons\Nordic\BgRooms\NorRmBgWallSideExSm01.nif
NorPitWallSideToRmBgFrontR01,0001600E,Dungeons\Nordic\Pits\NorPitWallSideToRmBgFrontR01.nif
NorPitWallSideToRmBgFrontL01,0001600F,Dungeons\Nordic\Pits\NorPitWallSideToRmBgFrontL01.nif
NorPitWallFrontToRmBgSideR01,00016010,Dungeons\Nordic\Pits\NorPitWallFrontToRmBgSideR01.nif
NorPitWallFrontToRmBgSideL01,00016011,Dungeons\Nordic\Pits\NorPitWallFrontToRmBgSideL01.nif
NorPitCorOutL01,00016012,Dungeons\Nordic\Pits\NorPitCorOutL01.nif
NorPitCorOutR01,00016013,Dungeons\Nordic\Pits\NorPitCorOutR01.nif
NorRmBgMid02,0001601F,Dungeons\Nordic\BgRooms\NorRmBgMid02.nif
NorPitWallSideStairs01,0001605B,Dungeons\Nordic\Pits\NorPitWallSideStairs01.nif
TundraStreamStraight01,00016087,Landscape\Tundra\TundraStreamStraight01.nif
TundraStreamStraight01Tundra01,0001608F,Landscape\Tundra\TundraStreamStraight01.nif
NorPitWallFrontStairs01,0001657E,Dungeons\Nordic\Pits\NorPitWallFrontStairs01.nif
SFarmhouseWindMillDirt02Whiterun,0001686D,Architecture\WhiteRun\WRBuildings\WRFarmhouseWindMill.nif
DirtCliffs03,00016D5F,Landscape\DirtCliffs\DirtCliffs03.nif
1stPersonSteelGreatSword,00016D6F,Weapons\Steel\1stPersonSteelGreatSword.nif
WRDrawbridgeSTATIC,00017052,Architecture\WhiteRun\WRDrawBridge01.nif
RuinsPuzzlePillarBase,00017179,Clutter\Ruins\RuinsPuzzlePillarBase01.nif
TreePineForestCutLog01,000173FE,Landscape\Trees\TreePineForestCutLog01.nif
TreePineForestCutLog01A,000173FF,Landscape\Trees\TreePineForestCutLog01A.nif
TreePineForestCutLog01B,00017400,Landscape\Trees\TreePineForestCutLog01B.nif
TreePineForestCutLog02,00017401,Landscape\Trees\TreePineForestCutLog02.nif
TreePineForestCutLog02A,00017402,Landscape\Trees\TreePineForestCutLog02A.nif
TreePineForestCutLog02B,00017403,Landscape\Trees\TreePineForestCutLog02B.nif
TreePineForestCutLog03,00017404,Landscape\Trees\TreePineForestCutLog03.nif
TreePineForestCutLog03A,00017405,Landscape\Trees\TreePineForestCutLog03A.nif
TreePineForestCutLog03B,00017406,Landscape\Trees\TreePineForestCutLog03B.nif
SkyrimCloudDistant06,0001751E,Sky\CloudDistant06.nif
SkyrimCloudDistant05,0001751F,Sky\CloudDistant05.nif
SkyrimCloudDistant04,00017520,Sky\CloudDistant04.nif
SkyrimCloudDistant03,00017521,Sky\CloudDistant03.nif
FishRack01,0001769A,Clutter\DeadAnimals\FishRack01.nif
StockadeScaffoldBridge04,00017AB6,Clutter\Stockade\StockadeScaffoldBridge04.nif
FXspiderWebWall01,00017BB6,Effects\FXspiderWebWall01.nif
FXSpiderwebCorner01,00017BB9,Effects\FXSpiderwebCorner04.nif
FXSpiderwebCorner03,00017BE2,Effects\FXSpiderwebCorner03.nif
TundraStreamStraight01Coast01,00017CD1,Landscape\Tundra\TundraStreamStraight01.nif
TundraPond01Coast1,00017CD2,Landscape\Tundra\TundraPond01.nif
TundraStreamBend01Coast01,00017CD3,Landscape\Tundra\TundraStreamBend01.nif
NorTowerRuins01,00017EDE,Dungeons\Nordic\Exterior\Towers\NorTowerRuins01.nif
RockCliff08,00017F19,Landscape\Rocks\RockCliff08.nif
RockCaveEntrance01,00017F1A,Landscape\Rocks\RockCaveEntrance01.nif
IcebergLarge_LightSN,000180E2,Landscape\Ice\IcebergLarge.nif
IcebergSmall02_HeavySN,000180E5,Landscape\Ice\IcebergSmall02.nif
RoadChunkM03,00018127,Landscape\Roads\RoadChunkM03.nif
RoadChunkL01,0001812A,Landscape\Roads\RoadChunkL01.nif
RoadChunkL02,0001812D,Landscape\Roads\RoadChunkL02.nif
RoadChunkL03,0001812F,Landscape\Roads\RoadChunkL03.nif
RoadChunkM04,00018145,Landscape\Roads\RoadChunkM04.nif
RoadChunkS01,0001814C,Landscape\Roads\RoadChunkS01.nif
RoadChunkS02,0001814D,Landscape\Roads\RoadChunkS02.nif
RoadChunkS03,0001814E,Landscape\Roads\RoadChunkS03.nif
RoadChunkS04,0001814F,Landscape\Roads\RoadChunkS04.nif
RockM01,00018195,Landscape\Rocks\RockM01.nif
RockS01,00018198,Landscape\Rocks\RockS01.nif
RockL01,00018199,Landscape\Rocks\RockL01.nif
RockL02,0001819A,Landscape\Rocks\RockL02.nif
RockM02,0001819B,Landscape\Rocks\RockM02.nif
StockadeScaffoldTopRope01,000183C0,Clutter\Stockade\StockadeScaffoldTopRope01.nif
StockadeScaffoldTopPost01,000183CC,Clutter\Stockade\StockadeScaffoldTopPost01.nif
StockadeScaffoldTop0Sided02,000183CF,Clutter\Stockade\StockadeScaffoldTop1Sided02.nif
StockadeScaffoldTopRope02,000183D8,Clutter\Stockade\StockadeScaffoldTopRope02.nif
StockadeScaffoldTopRope03,000183D9,Clutter\Stockade\StockadeScaffoldTopRope03.nif
StockadeScaffoldTopPost03,000183DA,Clutter\Stockade\StockadeScaffoldTopPost03.nif
StockadeScaffoldTop3Sided02,000183DB,Clutter\Stockade\StockadeScaffoldTop3Sided02.nif
StockadeScaffoldTop2Sided03,000183DC,Clutter\Stockade\StockadeScaffoldTop2Sided03.nif
StockadeScaffoldTopPost02,000183DD,Clutter\Stockade\StockadeScaffoldTopPost02.nif
RuinsSconce,000183F5,Clutter\Ruins\RuinSconce01.nif
NorCatHallSm1way01,0001843A,Dungeons\Nordic\Catacombs\SmHalls\NorCatHallSm1way01.nif
NorCatHallSm2way01,0001843B,Dungeons\Nordic\Catacombs\SmHalls\NorCatHallSm2way01.nif
StatueTalos01snow,00018483,Clutter\Statues\StatueTalos01.nif
FirewoodPileLarge01,000185B2,Clutter\Firewood\FirewoodPileLarge01.nif
FirewoodPileMedium01,000185B5,Clutter\Firewood\FirewoodPileMedium01.nif
FirewoodPileSmall01,000185B6,Clutter\Firewood\FirewoodPileSmall01.nif
RockPileL03,000185BD,Landscape\Rocks\RockPileL03.nif
1stPersonElvenBow,00018814,Weapons\Elven\ElvenBowSkinned.nif
RockL03,00018BA5,Landscape\Rocks\RockL03.nif
RockPileS02,00018BA6,Landscape\Rocks\RockPileS02.nif
RockS02,00018BA7,Landscape\Rocks\RockS02.nif
NorCatHallSm1way02,00018BAA,Dungeons\Nordic\Catacombs\SmHalls\NorCatHallSm1way02.nif
NorCatHallSm1way03,00018BAB,Dungeons\Nordic\Catacombs\SmHalls\NorCatHallSm1way03.nif
NorCatHallSm1wayEndCap01,00018BAC,Dungeons\Nordic\Catacombs\SmHalls\NorCatHallSm1wayEndCap01.nif
NorCatHallSm1wayEndCapExSm01,00018BAD,Dungeons\Nordic\Catacombs\SmHalls\NorCatHallSm1wayEndCapExSm01.nif
NorCatHallSm3way01,00018BAE,Dungeons\Nordic\Catacombs\SmHalls\NorCatHallSm3way01.nif
NorCatHallSm3way02,00018BAF,Dungeons\Nordic\Catacombs\SmHalls\NorCatHallSm3way02.nif
NorCatHallSm4way01,00018BB0,Dungeons\Nordic\Catacombs\SmHalls\NorCatHallSm4way01.nif
NorCatHallSm4way02,00018BB1,Dungeons\Nordic\Catacombs\SmHalls\NorCatHallSm4way02.nif
markarthblocktemp01,00018C10,Architecture\Markarth\markarthblocktemp01.nif
RockPileS04PineForest02,00018C9E,Landscape\Rocks\RockPileS04.nif
NorCatHallSm1wayExtension01,00018DEB,Dungeons\Nordic\Catacombs\SmHalls\NorCatHallSm1wayExtension01.nif
DA01BrokenStarStatic,00018E6E,Clutter\Daedric\AzuraStarBroken.nif
FarmhouseSmith01,00018FE1,Architecture\Farmhouse\Smith01.nif
WRMainRoadPlains,000193E6,Architecture\WhiteRun\WRTerrain\WRMainRoadPlains.nif
WRStairsWater01,0001941A,Architecture\WhiteRun\WRCityWalls\WRStairsWater01.nif
WRMainRoadMarket,0001941B,Architecture\WhiteRun\WRTerrain\WRMainRoadMarket.nif
RuinsSconceAndBase,000194B9,Clutter\Ruins\RuinSconce01WithBase.nif
RuinsSconceBaseNoShadow,000194BC,Clutter\Ruins\RuinSconce01BaseNoShadow.nif
WRDrayGoodsBase,000196E3,Architecture\WhiteRun\WRTerrain\WRDryGoodsBase.nif
WRDrunkenHuntsmanBase,000196E5,Architecture\WhiteRun\WRTerrain\WRDrunkenHuntsmanBase.nif
WRBreezeBase,000196E6,Architecture\WhiteRun\WRTerrain\WRBreezeBase.nif
WRGreyManeBase,000196E7,Architecture\WhiteRun\WRTerrain\WRGreyManeBase.nif
RockPileS01,000196EF,Landscape\Rocks\RockPileS01.nif
DirtCliffs03Snow01,000197C2,Landscape\DirtCliffs\DirtCliffs03.nif
DirtCliffsCornerIn01Snow01,00019845,Landscape\DirtCliffs\DirtCliffsCornerIn01.nif
DirtCliffsCornerOut01Snow01,00019856,Landscape\DirtCliffs\DirtCliffsCornerOut01.nif
DirtCliffsIsland01Snow01,00019885,Landscape\DirtCliffs\DirtCliffsIsland01.nif
SDoorFrameExterior01,0001991B,Architecture\Solitude\SDoorFrameExterior01.nif
RockM03,00019AF7,Landscape\Rocks\RockM03.nif
HayMound01,00019B13,Clutter\Hay\HayMound01.nif
HayScatter01,00019B15,Clutter\Hay\HayScatter01.nif
HayScatter02,00019B16,Clutter\Hay\HayScatter02.nif
HayScatter03,00019B17,Clutter\Hay\HayScatter03.nif
HayScatter04,00019B18,Clutter\Hay\HayScatter04.nif
HayScatter05,00019B19,Clutter\Hay\HayScatter05.nif
HayScatter06,00019B1A,Clutter\Hay\HayScatter06.nif
RuinsLargeFloorSconce,00019E27,Clutter\Ruins\RuinLargeFloorSconce.nif
SlighthouseFireOff,0001A0B4,Architecture\Solitude\Clutter\SlighthouseFireOff.nif
NorHallOfStories01,0001A49B,Dungeons\Nordic\Chambers\NorHallOfStories01.nif
NorHallOfStoriesArch01,0001A4B3,Dungeons\Nordic\Chambers\NorHallOfStoriesArch01.nif
NorPlatBgStairSingle01,0001A4B8,Dungeons\Nordic\Platforms\NorPlatBgStairSingle01.nif
RockL04,0001A6E2,Landscape\Rocks\RockL04.nif
NorTmpHallBg1way01,0001A721,Dungeons\Nordic\Temple\BgHalls\NorTmpHallBg1way01.nif
1stPersonSteelWarAxe,0001AC65,Weapons\Steel\1stPersonSteelWarAxe.nif
StockadeStairs01,0001AE13,Clutter\Stockade\StockadeStairs01.nif
StockadeWallStraight01,0001AE15,Clutter\Stockade\StockadeWallStraight01.nif
StockadeWallCornerIn01,0001AE16,Clutter\Stockade\StockadeWallCornerIn01.nif
StockadeWallCornerOut01,0001AE17,Clutter\Stockade\StockadeWallCornerOut01.nif
StockadeBarrier01,0001AE18,Clutter\Stockade\StockadeBarrier01.nif
StockadeBridgeLong01,0001AE19,Clutter\Stockade\StockadeBridgeLong01.nif
StockadeBridgeShort01,0001AE1A,Clutter\Stockade\StockadeBridgeShort01.nif
StockadeTower01,0001AE1B,Clutter\Stockade\StockadeTower01.nif
RuinsLargeCeilingSconce,0001B061,Clutter\Ruins\RuinCeilingSconce01.nif
RuinsSconceRopeLong,0001B063,Clutter\Ruins\RuinsCeilingRopeLong.nif
RuinsSconceRopeShort,0001B065,Clutter\Ruins\RuinsCeilingRopeShort.nif
RuinsSconceRopeBroken,0001B069,Clutter\Ruins\RuinsCeilingRopeBroken.nif
RockM04,0001B0A7,Landscape\Rocks\RockM04.nif
RockL05,0001B0A8,Landscape\Rocks\RockL05.nif
RockS03,0001B0A9,Landscape\Rocks\RockS03.nif
CaveGLHall1Way01,0001B166,Dungeons\Caves\Green\LargeHall\CaveGLHall1Way01.nif
CaveGLHall3Way02,0001B167,Dungeons\Caves\Green\LargeHall\CaveGLHall3Way02.nif
CaveGLHall4Way01,0001B168,Dungeons\Caves\Green\LargeHall\CaveGLHall4Way01.nif
CaveGLHallDeadEnd01,0001B169,Dungeons\Caves\Green\LargeHall\CaveGLHallDeadEnd01.nif
CaveGLHallDeadEnd02,0001B16A,Dungeons\Caves\Green\LargeHall\CaveGLHallDeadEnd02.nif
CaveGLHallDoor01,0001B16B,Dungeons\Caves\Green\LargeHall\CaveGLHallDoor01.nif
CaveGLHallDoor02,0001B16C,Dungeons\Caves\Green\LargeHall\CaveGLHallDoor02.nif
CaveGLHallRamp01,0001B16D,Dungeons\Caves\Green\LargeHall\CaveGLHallRamp01.nif
CaveGLHallRamp02,0001B16E,Dungeons\Caves\Green\LargeHall\CaveGLHallRamp02.nif
CaveGLHall2Way01,0001B16F,Dungeons\Caves\Green\LargeHall\CaveGLHall2Way01.nif
CaveGLHall2Way02,0001B170,Dungeons\Caves\Green\LargeHall\CaveGLHall2Way02.nif
CaveGLHall3Way01,0001B171,Dungeons\Caves\Green\LargeHall\CaveGLHall3Way01.nif
CaveGLRoomDoor03,0001B172,Dungeons\Caves\Green\LargeRoom\CaveGLRoomDoor03.nif
CaveGLRoomDoor04,0001B173,Dungeons\Caves\Green\LargeRoom\CaveGLRoomDoor04.nif
CaveGLRoomDoorB01,0001B174,Dungeons\Caves\Green\LargeRoom\CaveGLRoomDoorB01.nif
CaveGLRoomDoorB02,0001B175,Dungeons\Caves\Green\LargeRoom\CaveGLRoomDoorB02.nif
CaveGLRoomDoorB03,0001B176,Dungeons\Caves\Green\LargeRoom\CaveGLRoomDoorB03.nif
CaveGLRoomDoorB04,0001B177,Dungeons\Caves\Green\LargeRoom\CaveGLRoomDoorB04.nif
CaveGLRoomDoorL01,0001B178,Dungeons\Caves\Green\LargeRoom\CaveGLRoomDoorL01.nif
CaveGLRoomDoorL02,0001B179,Dungeons\Caves\Green\LargeRoom\CaveGLRoomDoorL02.nif
CaveGLRoomDoorL03,0001B17A,Dungeons\Caves\Green\LargeRoom\CaveGLRoomDoorL03.nif
CaveGLRoomDoorL04,0001B17B,Dungeons\Caves\Green\LargeRoom\CaveGLRoomDoorL04.nif
CaveGLRoomDoorLB01,0001B17C,Dungeons\Caves\Green\LargeRoom\CaveGLRoomDoorLB01.nif
CaveGLRoomDoorLB02,0001B17D,Dungeons\Caves\Green\LargeRoom\CaveGLRoomDoorLB02.nif
CaveGLRoomDoorLB03,0001B17E,Dungeons\Caves\Green\LargeRoom\CaveGLRoomDoorLB03.nif
CaveGLRoomDoorLB04,0001B17F,Dungeons\Caves\Green\LargeRoom\CaveGLRoomDoorLB04.nif
CaveGLRoomInCorner01,0001B180,Dungeons\Caves\Green\LargeRoom\CaveGLRoomInCorner01.nif
CaveGLRoomInCorner02,0001B181,Dungeons\Caves\Green\LargeRoom\CaveGLRoomInCorner02.nif
CaveGLRoomInCorner03,0001B182,Dungeons\Caves\Green\LargeRoom\CaveGLRoomInCorner03.nif
CaveGLRoomInCorner04,0001B183,Dungeons\Caves\Green\LargeRoom\CaveGLRoomInCorner04.nif
CaveGLRoomMid01,0001B184,Dungeons\Caves\Green\LargeRoom\CaveGLRoomMid01.nif
CaveGLRoomWall01,0001B185,Dungeons\Caves\Green\LargeRoom\CaveGLRoomWall01.nif
CaveGLRoomWall02,0001B186,Dungeons\Caves\Green\LargeRoom\CaveGLRoomWall02.nif
CaveGLRoomWall03,0001B187,Dungeons\Caves\Green\LargeRoom\CaveGLRoomWall03.nif
CaveGLRoomWall04,0001B188,Dungeons\Caves\Green\LargeRoom\CaveGLRoomWall04.nif
CaveGLRoomCorner01,0001B189,Dungeons\Caves\Green\LargeRoom\CaveGLRoomCorner01.nif
CaveGLRoomCorner02,0001B18A,Dungeons\Caves\Green\LargeRoom\CaveGLRoomCorner02.nif
CaveGLRoomCorner03,0001B18B,Dungeons\Caves\Green\LargeRoom\CaveGLRoomCorner03.nif
CaveGLRoomCorner04,0001B18C,Dungeons\Caves\Green\LargeRoom\CaveGLRoomCorner04.nif
CaveGLRoomDoor01,0001B18D,Dungeons\Caves\Green\LargeRoom\CaveGLRoomDoor01.nif
CaveGLRoomDoor02,0001B18E,Dungeons\Caves\Green\LargeRoom\CaveGLRoomDoor02.nif
CaveGHall3Way02,0001B18F,Dungeons\Caves\Green\SmallHall\CaveGHall3Way02.nif
CaveGHall4Way01,0001B190,Dungeons\Caves\Green\SmallHall\CaveGHall4Way01.nif
CaveGHallDeadEnd01,0001B191,Dungeons\Caves\Green\SmallHall\CaveGHallDeadEnd01.nif
CaveGHallDeadEnd02,0001B192,Dungeons\Caves\Green\SmallHall\CaveGHallDeadEnd02.nif
CaveGHallRamp01,0001B193,Dungeons\Caves\Green\SmallHall\CaveGHallRamp01.nif
CaveGHallRamp02,0001B194,Dungeons\Caves\Green\SmallHall\CaveGHallRamp02.nif
CaveGHall1Way01,0001B196,Dungeons\Caves\Green\SmallHall\CaveGHall1Way01.nif
CaveGHall2Way01,0001B197,Dungeons\Caves\Green\SmallHall\CaveGHall2Way01.nif
CaveGHall2Way02,0001B198,Dungeons\Caves\Green\SmallHall\CaveGHall2Way02.nif
CaveGHall3Way01,0001B199,Dungeons\Caves\Green\SmallHall\CaveGHall3Way01.nif
CaveGRoomDoor03,0001B19A,Dungeons\Caves\Green\SmallRoom\CaveGRoomDoor03.nif
CaveGRoomDoor04,0001B19B,Dungeons\Caves\Green\SmallRoom\CaveGRoomDoor04.nif
CaveGRoomDoorB01,0001B19C,Dungeons\Caves\Green\SmallRoom\CaveGRoomDoorB01.nif
CaveGRoomDoorB02,0001B19D,Dungeons\Caves\Green\SmallRoom\CaveGRoomDoorB02.nif
CaveGRoomDoorB03,0001B19E,Dungeons\Caves\Green\SmallRoom\CaveGRoomDoorB03.nif
CaveGRoomDoorB04,0001B19F,Dungeons\Caves\Green\SmallRoom\CaveGRoomDoorB04.nif
CaveGRoomInCorner01,0001B1A0,Dungeons\Caves\Green\SmallRoom\CaveGRoomInCorner01.nif
CaveGRoomInCorner02,0001B1A1,Dungeons\Caves\Green\SmallRoom\CaveGRoomInCorner02.nif
CaveGRoomInCorner03,0001B1A2,Dungeons\Caves\Green\SmallRoom\CaveGRoomInCorner03.nif
CaveGRoomInCorner04,0001B1A3,Dungeons\Caves\Green\SmallRoom\CaveGRoomInCorner04.nif
CaveGRoomMid01,0001B1A4,Dungeons\Caves\Green\SmallRoom\CaveGRoomMid01.nif
CaveGRoomWall01,0001B1A5,Dungeons\Caves\Green\SmallRoom\CaveGRoomWall01.nif
CaveGRoomWall02,0001B1A6,Dungeons\Caves\Green\SmallRoom\CaveGRoomWall02.nif
CaveGRoomWall03,0001B1A7,Dungeons\Caves\Green\SmallRoom\CaveGRoomWall03.nif
CaveGRoomWall04,0001B1A8,Dungeons\Caves\Green\SmallRoom\CaveGRoomWall04.nif
CaveGRoomCorner01,0001B1A9,Dungeons\Caves\Green\SmallRoom\CaveGRoomCorner01.nif
CaveGRoomCorner02,0001B1AA,Dungeons\Caves\Green\SmallRoom\CaveGRoomCorner02.nif
CaveGRoomCorner03,0001B1AB,Dungeons\Caves\Green\SmallRoom\CaveGRoomCorner03.nif
CaveGRoomCorner04,0001B1AC,Dungeons\Caves\Green\SmallRoom\CaveGRoomCorner04.nif
CaveGRoomDoor01,0001B1AD,Dungeons\Caves\Green\SmallRoom\CaveGRoomDoor01.nif
CaveGRoomDoor02,0001B1AE,Dungeons\Caves\Green\SmallRoom\CaveGRoomDoor02.nif
NorTmpHallBg1waySEndL01,0001B1B0,Dungeons\Nordic\Temple\BgHalls\NorTmpHallBg1waySEndL01.nif
NorTmpHallBg1waySEndR01,0001B1B1,Dungeons\Nordic\Temple\BgHalls\NorTmpHallBg1waySEndR01.nif
NorTmpHallBg1waySL2R01,0001B1B2,Dungeons\Nordic\Temple\BgHalls\NorTmpHallBg1waySL2R01.nif
NorTmpHallBg1waySR2L01,0001B1B3,Dungeons\Nordic\Temple\BgHalls\NorTmpHallBg1waySR2L01.nif
NorTmpHallBg1wayStairsDown01,0001B1B4,Dungeons\Nordic\Temple\BgHalls\NorTmpHallBg1wayStairsDown01.nif
NorTmpHallBg1wayStairsUp01,0001B1B5,Dungeons\Nordic\Temple\BgHalls\NorTmpHallBg1wayStairsUp01.nif
NorTmpHallBg1wayS01,0001B1B6,Dungeons\Nordic\Temple\BgHalls\NorTmpHallBg1wayS01.nif
RuinsWallSconce,0001B410,Clutter\Ruins\RuinWallSconce01.nif
RuinsWallSconceShadow,0001B427,Clutter\Ruins\RuinWallSconce01Skirt.nif
CaveGShaftStraight01,0001B773,Dungeons\Caves\Green\Shafts\CaveGShaftStraight01.nif
CaveGShaftTop01,0001B77B,Dungeons\Caves\Green\Shafts\CaveGShaftTop01.nif
CaveGShaftBottom01,0001B77C,Dungeons\Caves\Green\Shafts\CaveGShaftBottom01.nif
CaveGShaftWall03,0001B77F,Dungeons\Caves\Green\Shafts\CaveGShaftWall03.nif
CaveGShaftWall04,0001B780,Dungeons\Caves\Green\Shafts\CaveGShaftWall04.nif
CaveGShaftWall01,0001B781,Dungeons\Caves\Green\Shafts\CaveGShaftWall01.nif
CaveGShaftWall02,0001B782,Dungeons\Caves\Green\Shafts\CaveGShaftWall02.nif
CaveGShaftDoorL02,0001B78B,Dungeons\Caves\Green\Shafts\CaveGShaftDoorL02.nif
CaveGShaftDoorL01,0001B78C,Dungeons\Caves\Green\Shafts\CaveGShaftDoorL01.nif
RiftenRWThievesGuild01,0001BBA0,Dungeons\Riften\ThievesGuild\RiftenRWThievesGuild01.nif
CaveILHall2Way01,0001BBEF,Dungeons\Caves\Ice\LargeHall\CaveILHall2Way01.nif
CaveILHall2Way02,0001BBF0,Dungeons\Caves\Ice\LargeHall\CaveILHall2Way02.nif
CaveILHall3Way01,0001BBF1,Dungeons\Caves\Ice\LargeHall\CaveILHall3Way01.nif
CaveILHall3Way02,0001BBF2,Dungeons\Caves\Ice\LargeHall\CaveILHall3Way02.nif
CaveILHall4Way01,0001BBF3,Dungeons\Caves\Ice\LargeHall\CaveILHall4Way01.nif
CaveIFHall2Way02,0001BBF4,Dungeons\Caves\Ice\LargeHall\CaveIFHall2Way02.nif
CaveIFHall2Way01,0001BBF5,Dungeons\Caves\Ice\LargeHall\CaveIFHall2Way01.nif
CaveILHallDeadEnd01,0001BC12,Dungeons\Caves\Ice\LargeHall\CaveILHallDeadEnd01.nif
CaveILHallDeadEnd02,0001BC13,Dungeons\Caves\Ice\LargeHall\CaveILHallDeadEnd02.nif
BlacksmithAnvilStatic,0001BCC2,Clutter\Blacksmith\BlacksmithAnvil01.nif
BlacksmithWorkbench01,0001BCC3,Clutter\Blacksmith\BlacksmithWorkbench01.nif
BlacksmithSharpeningWheel01,0001BCC4,Clutter\Blacksmith\BlacksmithSharpeningWheelStatic.nif
NorPitWallSideToRmBgSideL01,0001BE07,Dungeons\Nordic\Pits\NorPitWallSideToRmBgSideL01.nif
NorPitWallSideStairs02,0001BE08,Dungeons\Nordic\Pits\NorPitWallSideStairs02.nif
NorPitWallFrontStairs02,0001BE09,Dungeons\Nordic\Pits\NorPitWallFrontStairs02.nif
NorPitWallFrontToRmBgFrontR01,0001BE0A,Dungeons\Nordic\Pits\NorPitWallFrontToRmBgFrontR01.nif
NorPitWallFrontToRmBgFrontL01,0001BE0B,Dungeons\Nordic\Pits\NorPitWallFrontToRmBgFrontL01.nif
NorPitWallSideToRmBgSideR01,0001BE0C,Dungeons\Nordic\Pits\NorPitWallSideToRmBgSideR01.nif
WRHouseStores01,0001BF78,Architecture\WhiteRun\WRBuildings\WRHouseStores01.nif
RockPileM01FieldGrass01Moss,0001BFB0,Landscape\Rocks\RockPileM01Tundra.nif
CaveGShaftDoorLB02,0001BFD6,Dungeons\Caves\Green\Shafts\CaveGShaftDoorLB02.nif
CaveGShaftDoorLB03,0001BFD7,Dungeons\Caves\Green\Shafts\CaveGShaftDoorLB03.nif
CaveGShaftDoorLB04,0001BFD8,Dungeons\Caves\Green\Shafts\CaveGShaftDoorLB04.nif
CaveGShaftDoor01,0001BFD9,Dungeons\Caves\Green\Shafts\CaveGShaftDoor01.nif
CaveGShaftDoor02,0001BFDA,Dungeons\Caves\Green\Shafts\CaveGShaftDoor02.nif
CaveGShaftDoor03,0001BFDB,Dungeons\Caves\Green\Shafts\CaveGShaftDoor03.nif
CaveGShaftDoorL03,0001BFDC,Dungeons\Caves\Green\Shafts\CaveGShaftDoorL03.nif
CaveGShaftDoorL04,0001BFDD,Dungeons\Caves\Green\Shafts\CaveGShaftDoorL04.nif
CaveGShaftDoorLB01,0001BFDE,Dungeons\Caves\Green\Shafts\CaveGShaftDoorLB01.nif
ComplexSceneMARKER,0001C035,Markers\Misc\ComplexSceneMarker01.nif
testwindtempletalos,0001C093,Architecture\Windhelm\tempassets\tempwindtempletalos.nif
HandCart01,0001C0C0,Clutter\Carts\HandCart01.nif
HandCart02,0001C0C5,Clutter\Carts\HandCart02.nif
CaveGShaftDoorB01,0001C168,Dungeons\Caves\Green\Shafts\CaveGShaftDoorB01.nif
CaveGShaftDoorB02,0001C169,Dungeons\Caves\Green\Shafts\CaveGShaftDoorB02.nif
CaveGShaftDoorB03,0001C16A,Dungeons\Caves\Green\Shafts\CaveGShaftDoorB03.nif
CaveGShaftDoorB04,0001C16B,Dungeons\Caves\Green\Shafts\CaveGShaftDoorB04.nif
CaveGShaftDoor04,0001C16C,Dungeons\Caves\Green\Shafts\CaveGShaftDoor04.nif
1stPersonDragonPriestDagger,0001C1FD,Weapons\DragonPriest\DragonPriestDagger.nif
1stPersonDragonPriestStaff,0001C200,Weapons\DragonPriest\DragonPriestStaff.nif
CaveGBalconyMid01,0001C291,Dungeons\Caves\Green\Balcony\CaveGBalconyMid01.nif
CaveGBalconyStraight01,0001C292,Dungeons\Caves\Green\Balcony\CaveGBalconyStraight01.nif
CaveGBalconyStraight02,0001C293,Dungeons\Caves\Green\Balcony\CaveGBalconyStraight02.nif
CaveGBalconyStraight03,0001C294,Dungeons\Caves\Green\Balcony\CaveGBalconyStraight03.nif
CaveGBalconyStraight04,0001C295,Dungeons\Caves\Green\Balcony\CaveGBalconyStraight04.nif
CaveGBalconyCorner01,0001C296,Dungeons\Caves\Green\Balcony\CaveGBalconyCorner01.nif
CaveGBalconyCorner02,0001C297,Dungeons\Caves\Green\Balcony\CaveGBalconyCorner02.nif
NorBridge1wayEndCapFree01,0001C2D9,Dungeons\Nordic\Bridges\NorBridge1wayEndCapFree01.nif
NorBridge1way01x256,0001C2DA,Dungeons\Nordic\Bridges\NorBridge1way01x256.nif
NorBridge1way01x512,0001C2DB,Dungeons\Nordic\Bridges\NorBridge1way01x512.nif
NorBridgeRmBgWallSideExSm02,0001C2DC,Dungeons\Nordic\Bridges\NorBridgeRmBgWallSideExSm02.nif
NorBridgeMid1way02,0001C2DD,Dungeons\Nordic\Bridges\NorBridgeMid1way02.nif
NorBridge1way02x256,0001C2DE,Dungeons\Nordic\Bridges\NorBridge1way02x256.nif
NorBridgePitWallSide02,0001C2DF,Dungeons\Nordic\Bridges\NorBridgePitWallSide02.nif
NorBridge1wayEndCap02,0001C2E0,Dungeons\Nordic\Bridges\NorBridge1wayEndCap02.nif
NorBridgePitWallFront02,0001C2E1,Dungeons\Nordic\Bridges\NorBridgePitWallFront02.nif
NorBridgeRmBgWallFrontExSm02,0001C2E2,Dungeons\Nordic\Bridges\NorBridgeRmBgWallFrontExSm02.nif
NorBridge1wayEndCap01,0001C2E6,Dungeons\Nordic\Bridges\NorBridge1wayEndCap01.nif
NorBridge1waySup02x256,0001C2E7,Dungeons\Nordic\Bridges\NorBridge1waySup02x256.nif
NorBridgeMid01,0001C2E8,Dungeons\Nordic\Bridges\NorBridgeMid01.nif
NorBridgeMid1way01,0001C2E9,Dungeons\Nordic\Bridges\NorBridgeMid1way01.nif
NorBridgeMid02,0001C2EA,Dungeons\Nordic\Bridges\NorBridgeMid02.nif
NorBridgeMid03,0001C2EB,Dungeons\Nordic\Bridges\NorBridgeMid03.nif
NorBridgePitWallFront01,0001C2EC,Dungeons\Nordic\Bridges\NorBridgePitWallFront01.nif
NorBridgePitWallSide01,0001C2ED,Dungeons\Nordic\Bridges\NorBridgePitWallSide01.nif
NorBridgeRmBgWallFrontExSm01,0001C2EE,Dungeons\Nordic\Bridges\NorBridgeRmBgWallFrontExSm01.nif
NorBridgeRmBgWallSideExSm01,0001C2EF,Dungeons\Nordic\Bridges\NorBridgeRmBgWallSideExSm01.nif
NorRmBgMid01,0001C2F3,Dungeons\Nordic\BgRooms\NorRmBgMid01.nif
NorBridgeMid04,0001C385,Dungeons\Nordic\Bridges\NorBridgeMid04.nif
NorBridgePitWallSide01ExSm02,0001C392,Dungeons\Nordic\Bridges\NorBridgePitWallSide01ExSm02.nif
NorBridgePitWallSide02ExSm02,0001C393,Dungeons\Nordic\Bridges\NorBridgePitWallSide02ExSm02.nif
NorBridgePitWallFront02ExSm02,0001C394,Dungeons\Nordic\Bridges\NorBridgePitWallFront02ExSm02.nif
NorBridgePitWallFront01ExSm02,0001C395,Dungeons\Nordic\Bridges\NorBridgePitWallFront01ExSm02.nif
RoadStraight01,0001C42F,Landscape\Roads\RoadStraight01.nif
RoadStraightLong01,0001C433,Landscape\Roads\RoadStraightLong01.nif
RoadStraight02,0001C435,Landscape\Roads\RoadStraight02.nif
CaveGBalconyCurve03,0001C4AE,Dungeons\Caves\Green\Balcony\CaveGBalconyCurve03.nif
CaveGBalconyCurve04,0001C4AF,Dungeons\Caves\Green\Balcony\CaveGBalconyCurve04.nif
CaveGBalconyICorner01,0001C4B0,Dungeons\Caves\Green\Balcony\CaveGBalconyICorner01.nif
CaveGBalconyICorner02,0001C4B1,Dungeons\Caves\Green\Balcony\CaveGBalconyICorner02.nif
CaveGBalconyICorner03,0001C4B2,Dungeons\Caves\Green\Balcony\CaveGBalconyICorner03.nif
CaveGBalconyICorner04,0001C4B3,Dungeons\Caves\Green\Balcony\CaveGBalconyICorner04.nif
CaveGBalconyMid02,0001C4B4,Dungeons\Caves\Green\Balcony\CaveGBalconyMid02.nif
CaveGBalconyCorner03,0001C4B5,Dungeons\Caves\Green\Balcony\CaveGBalconyCorner03.nif
CaveGBalconyCorner04,0001C4B6,Dungeons\Caves\Green\Balcony\CaveGBalconyCorner04.nif
CaveGBalconyCurve01,0001C4B7,Dungeons\Caves\Green\Balcony\CaveGBalconyCurve01.nif
CaveGBalconyCurve02,0001C4B8,Dungeons\Caves\Green\Balcony\CaveGBalconyCurve02.nif
1stPersonSteelWarhammer,0001C4F3,Weapons\Steel\1stPersonSteelWarhammer.nif
FarmWall01,0001C56E,Architecture\Farmhouse\FarmWall01.nif
Walkway01,0001C570,Architecture\Farmhouse\Walkway\Walkway01.nif
Walkway02,0001C571,Architecture\Farmhouse\Walkway\Walkway02.nif
NorBridgeRmBgWallSide02ExSm02,0001C62C,Dungeons\Nordic\Bridges\NorBridgeRmBgWallSide02ExSm02.nif
NorBridgeRmBgWallFront02ExSm02,0001C62D,Dungeons\Nordic\Bridges\NorBridgeRmBgWallFront02ExSm02.nif
CaveGLWallStraight01,0001C760,Dungeons\Caves\Green\LargeWall\CaveGLWallStraight01.nif
CaveGLWallDoorL01,0001C766,Dungeons\Caves\Green\LargeWall\CaveGLWallDoorL01.nif
CaveGLWallDoorLB01,0001C767,Dungeons\Caves\Green\LargeWall\CaveGLWallDoorLB01.nif
CaveGLWallInCorner01,0001C768,Dungeons\Caves\Green\LargeWall\CaveGLWallInCorner01.nif
CaveGLWallInCorner02,0001C769,Dungeons\Caves\Green\LargeWall\CaveGLWallInCorner02.nif
CaveGLWallStraight02,0001C76A,Dungeons\Caves\Green\LargeWall\CaveGLWallStraight02.nif
CaveGLWallCorner01,0001C76B,Dungeons\Caves\Green\LargeWall\CaveGLWallCorner01.nif
CaveGLWallCorner02,0001C76C,Dungeons\Caves\Green\LargeWall\CaveGLWallCorner02.nif
CaveGLWallDoor01,0001C76D,Dungeons\Caves\Green\LargeWall\CaveGLWallDoor01.nif
CaveGLWallDoorB01,0001C7AE,Dungeons\Caves\Green\LargeWall\CaveGLWallDoorB01.nif
CaveGWallInCorner01,0001C9CA,Dungeons\Caves\Green\SmallWall\CaveGWallInCorner01.nif
CaveGWallInCorner02,0001C9CB,Dungeons\Caves\Green\SmallWall\CaveGWallInCorner02.nif
CaveGWallStraight01,0001C9CC,Dungeons\Caves\Green\SmallWall\CaveGWallStraight01.nif
CaveGWallStraight02,0001C9CD,Dungeons\Caves\Green\SmallWall\CaveGWallStraight02.nif
CaveGWallCorner01,0001C9CE,Dungeons\Caves\Green\SmallWall\CaveGWallCorner01.nif
CaveGWallCorner02,0001C9CF,Dungeons\Caves\Green\SmallWall\CaveGWallCorner02.nif
CaveGWallDoor01,0001C9D0,Dungeons\Caves\Green\SmallWall\CaveGWallDoor01.nif
CaveGWallDoorB01,0001C9D1,Dungeons\Caves\Green\SmallWall\CaveGWallDoorB01.nif
RockShelf01,0001CB4C,Landscape\Rocks\RockShelf01.nif
1stPersonDraugrBattleAxe,0001CB63,Weapons\Draugr\1stPersonDraugrBattleAxe.nif
FXSawdustOnThefloor01,0001CC0C,Effects\FXSawdustOnThe floor01.nif
FXSawdustOnThefloor02,0001CC0F,Effects\FXSawdustOnThe floor02.nif
WRHouse02,0001CD25,Architecture\WhiteRun\WRBuildings\WRHouse02.nif
CaveGPillar02,0001CD67,Dungeons\Caves\Green\Pillars\CaveGPillar02.nif
CaveGPillar03,0001CD68,Dungeons\Caves\Green\Pillars\CaveGPillar03.nif
CaveGPillar04,0001CD69,Dungeons\Caves\Green\Pillars\CaveGPillar04.nif
CaveGPillar05,0001CD6A,Dungeons\Caves\Green\Pillars\CaveGPillar05.nif
CaveGPillar06,0001CD6B,Dungeons\Caves\Green\Pillars\CaveGPillar06.nif
CaveGLPillar01,0001CD6C,Dungeons\Caves\Green\Pillars\CaveGLPillar01.nif
CaveGLPillar02,0001CD6D,Dungeons\Caves\Green\Pillars\CaveGLPillar02.nif
CaveGLPillar03,0001CD6E,Dungeons\Caves\Green\Pillars\CaveGLPillar03.nif
CaveGLPillar04,0001CD6F,Dungeons\Caves\Green\Pillars\CaveGLPillar04.nif
CaveGLPillar05,0001CD70,Dungeons\Caves\Green\Pillars\CaveGLPillar05.nif
CaveGLPillar06,0001CD71,Dungeons\Caves\Green\Pillars\CaveGLPillar06.nif
CaveGPillar01,0001CD72,Dungeons\Caves\Green\Pillars\CaveGPillar01.nif
RoadSCurveRamp01,0001CD86,Landscape\Roads\RoadSCurveRamp01.nif
Road3way01,0001CD87,Landscape\Roads\Road3way01.nif
CaveGCliffs03NS,0001CDE8,Dungeons\Caves\Green\Cliffs\CaveGCliffs03NS.nif
CaveGCliffsCornerIn01,0001CDE9,Dungeons\Caves\Green\Cliffs\CaveGCliffsCornerIn01.nif
CaveGCliffsCornerIn01NS,0001CDEA,Dungeons\Caves\Green\Cliffs\CaveGCliffsCornerIn01NS.nif
CaveGCliffsCornerOut01,0001CDEB,Dungeons\Caves\Green\Cliffs\CaveGCliffsCornerOut01.nif
CaveGCliffsCornerOut01NS,0001CDEC,Dungeons\Caves\Green\Cliffs\CaveGCliffsCornerOut01NS.nif
CaveGCliffsIsland01,0001CDED,Dungeons\Caves\Green\Cliffs\CaveGCliffsIsland01.nif
CaveGCliffsIsland01NS,0001CDEE,Dungeons\Caves\Green\Cliffs\CaveGCliffsIsland01NS.nif
CaveGCliffs01,0001CDEF,Dungeons\Caves\Green\Cliffs\CaveGCliffs01.nif
CaveGCliffs02,0001CDF0,Dungeons\Caves\Green\Cliffs\CaveGCliffs02.nif
CaveGCliffs03,0001CDF1,Dungeons\Caves\Green\Cliffs\CaveGCliffs03.nif
CaveGFloor01,0001CDFB,Dungeons\Caves\Green\LargeWall\CaveGFloor01.nif
CaveGCeiling01,0001CDFC,Dungeons\Caves\Green\LargeWall\CaveGCeiling01.nif
RockCliff01,0001CF9F,Landscape\Rocks\RockCliff01.nif
NorRmSmFloorRaised01,0001D493,Dungeons\Nordic\SmRooms\NorRmSmFloorRaised01.nif
NorRmSmFloorRaised02,0001D4A5,Dungeons\Nordic\SmRooms\NorRmSmFloorRaised02.nif
NorPlatCorIn01,0001D4AA,Dungeons\Nordic\Platforms\NorPlatCorIn01.nif
NorPlatCorOut01,0001D4AB,Dungeons\Nordic\Platforms\NorPlatCorOut01.nif
NorPlatMid01,0001D4AC,Dungeons\Nordic\Platforms\NorPlatMid01.nif
NorPlatWall01,0001D4AD,Dungeons\Nordic\Platforms\NorPlatWall01.nif
NorPlatWallStair01,0001D4AE,Dungeons\Nordic\Platforms\NorPlatWallStair01.nif
NorBridgePitWallFront03,0001D4AF,Dungeons\Nordic\Bridges\NorBridgePitWallFront03.nif
NorBridgePitWallSide03,0001D4B0,Dungeons\Nordic\Bridges\NorBridgePitWallSide03.nif
RoadSCurveR01,0001DA55,Landscape\Roads\RoadSCurveR01.nif
RoadStrToCurveRampL01,0001DA56,Landscape\Roads\RoadStrToCurveRampL01.nif
NorHallExSmPortcullis01,0001DA58,Dungeons\Nordic\BgHalls\NorHallExSmPortcullis01.nif
RoadStraightLongRamp01,0001E1B9,Landscape\Roads\RoadStraightLongRamp01.nif
NorSec2way01,0001E1BB,Dungeons\Nordic\SecretPass\NorSec2way01.nif
NorSec1wayShiftL01,0001E1BC,Dungeons\Nordic\SecretPass\NorSec1wayShiftL01.nif
NorSec1wayShiftR01,0001E1BD,Dungeons\Nordic\SecretPass\NorSec1wayShiftR01.nif
NorSec1wayRamp384,0001E1BE,Dungeons\Nordic\SecretPass\NorSec1wayRamp384.nif
NorSec1way01,0001E1BF,Dungeons\Nordic\SecretPass\NorSec1way01.nif
NorSecRmSmWallSideExSm01,0001E1C0,Dungeons\Nordic\SecretPass\NorSecRmSmWallSideExSm01.nif
NorSecRmSmWallFrontExSm01,0001E1C1,Dungeons\Nordic\SecretPass\NorSecRmSmWallFrontExSm01.nif
NorSec1way02,0001E1D0,Dungeons\Nordic\SecretPass\NorSec1way02.nif
NorSec2way02,0001E1D1,Dungeons\Nordic\SecretPass\NorSec2way02.nif
NorRmBgMidCeilingOnlyLow01,0001E1DB,Dungeons\Nordic\BgRooms\NorRmBgMidCeilingOnlyLow01.nif
NorRmBgMidFloorOnly01,0001E1DC,Dungeons\Nordic\BgRooms\NorRmBgMidFloorOnly01.nif
MeadBarrel01,0001E3A3,Clutter\Meadery\MeadBarrel01.nif
DBNightMotherCoffin,0001E649,Clutter\Ruins\Ruins_Altar01.nif
NorTowerRuinsIntBotFloor01,0001E680,Dungeons\Nordic\Exterior\Towers\NorTowerRuinsIntBotFloor01.nif
NorTowerRuinsIntTopFloor01,0001E681,Dungeons\Nordic\Exterior\Towers\NorTowerRuinsIntTopFloor01.nif
NorTowerRuinsIntTopFloor02,0001E682,Dungeons\Nordic\Exterior\Towers\NorTowerRuinsIntTopFloor02.nif
NorTowerRuinsIntTopFloor03,0001E683,Dungeons\Nordic\Exterior\Towers\NorTowerRuinsIntTopFloor03.nif
NorTowerRuinsIntTopFloorStairs01,0001E684,Dungeons\Nordic\Exterior\Towers\NorTowerRuinsIntTopFloorStairs01.nif
NorTowerRuinsIntTopFloorStairs02,0001E685,Dungeons\Nordic\Exterior\Towers\NorTowerRuinsIntTopFloorStairs02.nif
NorTowerRuinsRamp01,0001E686,Dungeons\Nordic\Exterior\Towers\NorTowerRuinsRamp01.nif
RoadStraightLongRamp02,0001E93C,Landscape\Roads\RoadStraightLongRamp02.nif
RoadCurveLong45R01,0001E93E,Landscape\Roads\RoadCurveLong45R01.nif
CaveGLHall1Way128Short01,0001EC27,Dungeons\Caves\Green\LargeHall\CaveGLHall1Way128Short01.nif
CaveGLHall1Way64Short01,0001EC28,Dungeons\Caves\Green\LargeHall\CaveGLHall1Way64Short01.nif
CaveGLHallDoorB01,0001EC29,Dungeons\Caves\Green\LargeHall\CaveGLHallDoorB01.nif
CaveGLHallDoorBB01,0001EC2A,Dungeons\Caves\Green\LargeHall\CaveGLHallDoorBB01.nif
CaveGLHallDoorL01,0001EC2B,Dungeons\Caves\Green\LargeHall\CaveGLHallDoorL01.nif
CaveGLHallDoorLB01,0001EC2C,Dungeons\Caves\Green\LargeHall\CaveGLHallDoorLB01.nif
CaveGLHallDoorR01,0001EC2D,Dungeons\Caves\Green\LargeHall\CaveGLHallDoorR01.nif
CaveGLHallDoorRB01,0001EC2E,Dungeons\Caves\Green\LargeHall\CaveGLHallDoorRB01.nif
CaveGLHall1Way128D01,0001EC2F,Dungeons\Caves\Green\LargeHall\CaveGLHall1Way128D01.nif
CaveGLHall1Way128L01,0001EC30,Dungeons\Caves\Green\LargeHall\CaveGLHall1Way128L01.nif
CaveGLHall1Way128R01,0001EC31,Dungeons\Caves\Green\LargeHall\CaveGLHall1Way128R01.nif
CaveGLHall1Way128U01,0001EC32,Dungeons\Caves\Green\LargeHall\CaveGLHall1Way128U01.nif
CaveGLHall1Way256Short01,0001EC33,Dungeons\Caves\Green\LargeHall\CaveGLHall1Way256Short01.nif
CaveGLHall1Way64D01,0001EC34,Dungeons\Caves\Green\LargeHall\CaveGLHall1Way64D01.nif
CaveGLHall1Way64L01,0001EC35,Dungeons\Caves\Green\LargeHall\CaveGLHall1Way64L01.nif
CaveGLHall1Way64R01,0001EC36,Dungeons\Caves\Green\LargeHall\CaveGLHall1Way64R01.nif
CaveGLHall1Way64U01,0001EC37,Dungeons\Caves\Green\LargeHall\CaveGLHall1Way64U01.nif
CaveGLHallDetwist01,0001EC38,Dungeons\Caves\Green\LargeHall\CaveGLHallDetwist01.nif
CaveGLHallDetwist02,0001EC39,Dungeons\Caves\Green\LargeHall\CaveGLHallDetwist02.nif
CaveGHall1Way128Short01,0001EC3A,Dungeons\Caves\Green\SmallHall\CaveGHall1Way128Short01.nif
CaveGHall1Way128U01,0001EC3B,Dungeons\Caves\Green\SmallHall\CaveGHall1Way128U01.nif
CaveGHall1Way64D01,0001EC3C,Dungeons\Caves\Green\SmallHall\CaveGHall1Way64D01.nif
CaveGHall1Way64L01,0001EC3D,Dungeons\Caves\Green\SmallHall\CaveGHall1Way64L01.nif
CaveGHall1Way64R01,0001EC3E,Dungeons\Caves\Green\SmallHall\CaveGHall1Way64R01.nif
CaveGHall1Way64Short01,0001EC3F,Dungeons\Caves\Green\SmallHall\CaveGHall1Way64Short01.nif
CaveGHall1Way64U01,0001EC40,Dungeons\Caves\Green\SmallHall\CaveGHall1Way64U01.nif
CaveGHallDetwist01,0001EC41,Dungeons\Caves\Green\SmallHall\CaveGHallDetwist01.nif
CaveGHallDetwist02,0001EC42,Dungeons\Caves\Green\SmallHall\CaveGHallDetwist02.nif
CaveGHall1Way128D01,0001EC43,Dungeons\Caves\Green\SmallHall\CaveGHall1Way128D01.nif
CaveGHall1Way128L01,0001EC44,Dungeons\Caves\Green\SmallHall\CaveGHall1Way128L01.nif
CaveGHall1Way128R01,0001EC45,Dungeons\Caves\Green\SmallHall\CaveGHall1Way128R01.nif
TundraStreamStraight01Reachmoss,0001ECEB,Landscape\Tundra\TundraStreamStraight01.nif
DweRunner01,0001ED36,Clutter\Dwemer\DweRunner01.nif
DweRunnerEnd01,0001ED39,Clutter\Dwemer\DweRunnerEnd01.nif
DweRunnerEnd02,0001ED3D,Clutter\Dwemer\DweRunnerEnd02.nif
BannerAnchor01,0001ED86,Clutter\Skuldafn\SkuldafnBannerAnchor02.nif
DweRunner04,0001ED8C,Clutter\Dwemer\DweRunner04.nif
DweRunner05,0001ED8D,Clutter\Dwemer\DweRunner05.nif
DweRunner02,0001EDD3,Clutter\Dwemer\DweRunner02.nif
DweRunner03,0001EDD4,Clutter\Dwemer\DweRunner03.nif
DweShelfSolid01,0001EDD5,Clutter\Dwemer\DweShelfSolid01.nif
DweShelfSolid02,0001EDD6,Clutter\Dwemer\DweShelfSolid02.nif
DweShelfSolid03,0001EDD7,Clutter\Dwemer\DweShelfSolid03.nif
DweShelf01,0001EDD8,Clutter\Dwemer\DweShelf01.nif
DweShelf02,0001EDD9,Clutter\Dwemer\DweShelf02.nif
DweShelf03,0001EDDA,Clutter\Dwemer\DweShelf03.nif
CaveILHallRamp01,0001EED9,Dungeons\Caves\Ice\LargeHall\CaveILHallRamp01.nif
CaveILHallRamp02,0001EEDA,Dungeons\Caves\Ice\LargeHall\CaveILHallRamp02.nif
CaveILHall1Way02,0001EEDB,Dungeons\Caves\Ice\LargeHall\CaveILHall1Way02.nif
CaveILHall1Way03,0001EEDC,Dungeons\Caves\Ice\LargeHall\CaveILHall1Way03.nif
CaveILHall1Way64D01,0001EEDD,Dungeons\Caves\Ice\LargeHall\CaveILHall1Way64D01.nif
CaveILHall1Way64L01,0001EEDE,Dungeons\Caves\Ice\LargeHall\CaveILHall1Way64L01.nif
CaveILHall1Way64R01,0001EEDF,Dungeons\Caves\Ice\LargeHall\CaveILHall1Way64R01.nif
CaveILHall1Way64Short01,0001EEE0,Dungeons\Caves\Ice\LargeHall\CaveILHall1Way64Short01.nif
CaveILHall1Way64U01,0001EEE1,Dungeons\Caves\Ice\LargeHall\CaveILHall1Way64U01.nif
CaveILHall1Way128D01,0001EEE2,Dungeons\Caves\Ice\LargeHall\CaveILHall1Way128D01.nif
CaveILHall1Way128L01,0001EEE3,Dungeons\Caves\Ice\LargeHall\CaveILHall1Way128L01.nif
CaveILHall1Way128R01,0001EEE4,Dungeons\Caves\Ice\LargeHall\CaveILHall1Way128R01.nif
CaveILHall1Way128Short01,0001EEE5,Dungeons\Caves\Ice\LargeHall\CaveILHall1Way128Short01.nif
CaveILHall1Way128U01,0001EEE6,Dungeons\Caves\Ice\LargeHall\CaveILHall1Way128U01.nif
CaveILHall1Way256Short01,0001EEE7,Dungeons\Caves\Ice\LargeHall\CaveILHall1Way256Short01.nif
CaveILHallDetwist01,0001EEE8,Dungeons\Caves\Ice\LargeHall\CaveILHallDetwist01.nif
CaveILHallDetwist02,0001EEE9,Dungeons\Caves\Ice\LargeHall\CaveILHallDetwist02.nif
RockCliff02Snow01,0001EF3B,Landscape\Rocks\RockCliff02.nif
DirtCliffsCornerIn01PineForest02,0001EF3C,Landscape\DirtCliffs\DirtCliffsCornerIn01.nif
DirtCliffsCornerIn01GrassSnow02,0001EF3F,Landscape\DirtCliffs\DirtCliffsCornerIn01.nif
RockM03Snow,0001EF47,Landscape\Rocks\RockM03.nif
RockL01SnowLight,0001EF48,Landscape\Rocks\RockL01.nif
RockL03SnowLight,0001EF49,Landscape\Rocks\RockL03.nif
DirtCliffs03PineForest01,0001EF4A,Landscape\DirtCliffs\DirtCliffs03.nif
DirtCliffsCornerOut01PineForest01,0001EF4B,Landscape\DirtCliffs\DirtCliffsCornerOut01.nif
RockPileS01Rocks01SnowLight,0001EF4C,Landscape\Rocks\RockPileS01.nif
RockPileM02DirtSnowPath,0001EF4E,Landscape\Rocks\RockPileM02.nif
RockPileL01SnowLight,0001EF52,Landscape\Rocks\RockPileL01.nif
RockL04Snow,0001EF55,Landscape\Rocks\RockL04.nif
RockL02SnowLight,0001EF56,Landscape\Rocks\RockL02.nif
RockCliff02Rocks01SnowLight,0001EF59,Landscape\Rocks\RockCliff02.nif
RockCliff07Dirt02,0001EF5A,Landscape\Rocks\RockCliff07.nif
RockL04SnowLight,0001EF5B,Landscape\Rocks\RockL04.nif
RockPileM01DirtSnowPath,0001EF65,Landscape\Rocks\RockPileM01.nif
RockCliff05Snow,0001EF6C,Landscape\Rocks\RockCliff05.nif
RockCliff05Rocks01,0001EF6D,Landscape\Rocks\RockCliff05.nif
RockPileM01Rocks01,0001EF89,Landscape\Rocks\RockPileM01.nif
RockPileL04,0001EFA2,Landscape\Rocks\RockPileL04.nif
RockPileL04DirtSnowPathSnow,0001EFEA,Landscape\Rocks\RockPileL04.nif
WHgrayquarter06,0001EFED,Architecture\Windhelm\WHgrayquarter06.nif
WHgrayquarter05,0001EFEE,Architecture\Windhelm\WHgrayquarter05.nif
WHgrayquarter04,0001EFF3,Architecture\Windhelm\WHgrayquarter04.nif
WHgrayquarter03,0001EFFC,Architecture\Windhelm\WHgrayquarter03.nif
WHgrayquarter02,0001EFFD,Architecture\Windhelm\WHgrayquarter02.nif
WHgrayquarter01,0001F00A,Architecture\Windhelm\WHgrayquarter01.nif
RockPileL02ReachDirt01,0001F1C5,Landscape\Rocks\RockPileL02.nif
RockPileL03ReachDirt01,0001F1C6,Landscape\Rocks\RockPileL03.nif
RockShelf01ReachDirt01,0001F1C7,Landscape\Rocks\RockShelf01.nif
RockPileL04ReachDirt01,0001F1C8,Landscape\Rocks\RockPileL04.nif
FarmLumbermill01,0001F200,Architecture\Farmhouse\Lumbermill01.nif
FarmWallEntrance02,0001F21C,Architecture\Farmhouse\FarmWallEntrance02.nif
WalkwayCEnd01,0001F237,Architecture\Farmhouse\Walkway\WalkwayCEnd01.nif
CandleHornWall01,0001F248,Clutter\Candles\CandleHornWall01.nif
CandleHornFloor01,0001F249,Clutter\Candles\CandleHornFloor01.nif
CandleHornTable01,0001F24A,Clutter\Candles\CandleHornTable01.nif
1stPersonBasicKnife,0001F25C,Clutter\Dining Set\BasicKnife01.nif
1stPersonBasicFork,0001F25D,Clutter\Dining Set\BasicFork01.nif
NorHallBg1wayToCaveG01,0001F2BB,Dungeons\Nordic\BgHalls\NorHallBg1wayToCaveG01.nif
NorTempleExterior01,0001F6D5,Dungeons\Nordic\Exterior\NorTempleExterior01.nif
MrkRiverBaseLower,0001F764,Architecture\Markarth\MrkRiverBaseLower.nif
MrkRiverBaseUpper,0001F765,Architecture\Markarth\MrkRiverBaseUpper.nif
MrkMillGearAssembly01,0001F7D1,Dungeons\Dwemer\Clutter\MrkMillGearAssembly01.nif
MineCEMid01Falmer,0001F936,Dungeons\Mines\CaveEpic\MineCEMid01.nif
MineCECeiling01Falmer,0001F938,Dungeons\Mines\CaveEpicWall\MineCECeiling01.nif
MineCECorner02Falmer,0001F939,Dungeons\Mines\CaveEpic\MineCECorner02.nif
DweFurnitureChair01STATIC,0001F96A,Furniture\Dwemer\DweFurnitureChair01.nif
MineCECorner03Falmer,0001F96E,Dungeons\Mines\CaveEpic\MineCECorner03.nif
MineCECorner04Falmer,0001F971,Dungeons\Mines\CaveEpic\MineCECorner04.nif
MineCEDoor01Falmer,0001F984,Dungeons\Mines\CaveEpic\MineCEDoor01.nif
MineCEDoor02Falmer,0001F985,Dungeons\Mines\CaveEpic\MineCEDoor02.nif
MineCEDoor03Falmer,0001F988,Dungeons\Mines\CaveEpic\MineCEDoor03.nif
MineCEDoor04Falmer,0001F989,Dungeons\Mines\CaveEpic\MineCEDoor04.nif
MineCEICorner01Falmer,0001F999,Dungeons\Mines\CaveEpic\MineCEICorner01.nif
MineCEICorner02Falmer,0001F99A,Dungeons\Mines\CaveEpic\MineCEICorner02.nif
MineCEICorner03Falmer,0001F99C,Dungeons\Mines\CaveEpic\MineCEICorner03.nif
MineCEICorner04Falmer,0001F9A5,Dungeons\Mines\CaveEpic\MineCEICorner04.nif
MineCEWall01Falmer,0001F9A6,Dungeons\Mines\CaveEpic\MineCEWall01.nif
MineCEWall02Falmer,0001F9AA,Dungeons\Mines\CaveEpic\MineCEWall02.nif
MineCEWall03Falmer,0001F9B1,Dungeons\Mines\CaveEpic\MineCEWall03.nif
MineCEWall04Falmer,0001F9B2,Dungeons\Mines\CaveEpic\MineCEWall04.nif
MineCECorner01Falmer,0001F9B3,Dungeons\Mines\CaveEpic\MineCECorner01.nif
MineCEDoorUp01Falmer,0001F9B4,Dungeons\Mines\CaveEpic\MineCEDoorUp01.nif
MineCShaftTop01Falmer,0001FB2A,Dungeons\Mines\CaveShaft\MineCShaftTop01.nif
DweFurnitureChair02STATIC,0001FC5E,Furniture\Dwemer\DweFurnitureChair02.nif
DweFurnitureBedDouble01STATIC,0001FC5F,Furniture\Dwemer\DweFurnitureBedDouble01.nif
DweFurnitureBedSingle01STATIC,0001FC60,Furniture\Dwemer\DweFurnitureBedSingle01.nif
Tombstone01,0001FCCC,Clutter\Tombstones\Tombstone01.nif
Tombstone02,0001FCF3,Clutter\Tombstones\Tombstone02.nif
Tombstone03,0001FCF4,Clutter\Tombstones\Tombstone03.nif
CaveILHallDoorL01,0001FE9E,Dungeons\Caves\Ice\LargeHall\CaveILHallDoorL01.nif
CaveILHallDoorLB01,0001FE9F,Dungeons\Caves\Ice\LargeHall\CaveILHallDoorLB01.nif
CaveILHallDoorR01,0001FEA0,Dungeons\Caves\Ice\LargeHall\CaveILHallDoorR01.nif
CaveILHallDoorRB01,0001FEA1,Dungeons\Caves\Ice\LargeHall\CaveILHallDoorRB01.nif
CaveIFHall1Way02,0001FEA2,Dungeons\Caves\Ice\LargeHall\CaveIFHall1Way02.nif
CaveIFHall1Way03,0001FEA3,Dungeons\Caves\Ice\LargeHall\CaveIFHall1Way03.nif
CaveIFHall1Way64D01,0001FEA4,Dungeons\Caves\Ice\LargeHall\CaveIFHall1Way64D01.nif
CaveIFHall1Way64L01,0001FEA5,Dungeons\Caves\Ice\LargeHall\CaveIFHall1Way64L01.nif
CaveIFHall1Way64R01,0001FEA6,Dungeons\Caves\Ice\LargeHall\CaveIFHall1Way64R01.nif
CaveIFHall1Way64Short01,0001FEA7,Dungeons\Caves\Ice\LargeHall\CaveIFHall1Way64Short01.nif
CaveIFHall1Way64U01,0001FEA8,Dungeons\Caves\Ice\LargeHall\CaveIFHall1Way64U01.nif
CaveIFHall1Way128D01,0001FEA9,Dungeons\Caves\Ice\LargeHall\CaveIFHall1Way128D01.nif
CaveIFHall1Way128L01,0001FEAA,Dungeons\Caves\Ice\LargeHall\CaveIFHall1Way128L01.nif
CaveIFHall1Way128R01,0001FEAB,Dungeons\Caves\Ice\LargeHall\CaveIFHall1Way128R01.nif
CaveIFHall1Way128Short01,0001FEAC,Dungeons\Caves\Ice\LargeHall\CaveIFHall1Way128Short01.nif
CaveIFHall1Way128U01,0001FEAD,Dungeons\Caves\Ice\LargeHall\CaveIFHall1Way128U01.nif
CaveIFHall1Way256Short01,0001FEAE,Dungeons\Caves\Ice\LargeHall\CaveIFHall1Way256Short01.nif
CaveIFHall3Way01,0001FEAF,Dungeons\Caves\Ice\LargeHall\CaveIFHall3Way01.nif
CaveIFHall3Way02,0001FEB0,Dungeons\Caves\Ice\LargeHall\CaveIFHall3Way02.nif
CaveIFHall4Way01,0001FEB1,Dungeons\Caves\Ice\LargeHall\CaveIFHall4Way01.nif
CaveIFHallDeadEnd01,0001FEB2,Dungeons\Caves\Ice\LargeHall\CaveIFHallDeadEnd01.nif
CaveIFHallDeadEnd02,0001FEB3,Dungeons\Caves\Ice\LargeHall\CaveIFHallDeadEnd02.nif
CaveIFHallDetwist01,0001FEB4,Dungeons\Caves\Ice\LargeHall\CaveIFHallDetwist01.nif
CaveIFHallDetwist02,0001FEB5,Dungeons\Caves\Ice\LargeHall\CaveIFHallDetwist02.nif
CaveIFHallDoor01,0001FEB6,Dungeons\Caves\Ice\LargeHall\CaveIFHallDoor01.nif
CaveIFHallDoor02,0001FEB7,Dungeons\Caves\Ice\LargeHall\CaveIFHallDoor02.nif
CaveIFHallDoorB01,0001FEB8,Dungeons\Caves\Ice\LargeHall\CaveIFHallDoorB01.nif
CaveIFHallDoorBB01,0001FEBA,Dungeons\Caves\Ice\LargeHall\CaveIFHallDoorBB01.nif
CaveIFHallDoorL01,0001FEBB,Dungeons\Caves\Ice\LargeHall\CaveIFHallDoorL01.nif
CaveIFHallDoorLB01,0001FEBC,Dungeons\Caves\Ice\LargeHall\CaveIFHallDoorLB01.nif
CaveIFHallDoorR01,0001FEBF,Dungeons\Caves\Ice\LargeHall\CaveIFHallDoorR01.nif
CaveIFHallDoorRB01,0001FEC0,Dungeons\Caves\Ice\LargeHall\CaveIFHallDoorRB01.nif
CaveIFHallRamp01,0001FEC1,Dungeons\Caves\Ice\LargeHall\CaveIFHallRamp01.nif
CaveIFHallRamp02,0001FEC2,Dungeons\Caves\Ice\LargeHall\CaveIFHallRamp02.nif
CaveILHallDoor01,0001FEC3,Dungeons\Caves\Ice\LargeHall\CaveILHallDoor01.nif
CaveILHallDoor02,0001FEC4,Dungeons\Caves\Ice\LargeHall\CaveILHallDoor02.nif
CaveILHallDoorB01,0001FEC5,Dungeons\Caves\Ice\LargeHall\CaveILHallDoorB01.nif
CaveILHallDoorBB01,0001FEC6,Dungeons\Caves\Ice\LargeHall\CaveILHallDoorBB01.nif
MountainCliff02,000201F4,Landscape\Mountains\MountainCliff02.nif
MountainCliff02_LightSN,000201F6,Landscape\Mountains\MountainCliff02.nif
MountainCliff02_HeavySN,000201F7,Landscape\Mountains\MountainCliff02.nif
CaveGEWall01,00020466,Dungeons\Caves\Green\Epic\CaveGEWall01.nif
CaveGEWall04,000204AA,Dungeons\Caves\Green\Epic\CaveGEWall04.nif
CaveGEWall02,000204AB,Dungeons\Caves\Green\Epic\CaveGEWall02.nif
CaveGEWall03,000204AC,Dungeons\Caves\Green\Epic\CaveGEWall03.nif
RockPileM01,00020548,Landscape\Rocks\RockPileM01.nif
SMdFWalKitchen02,00020676,Architecture\Solitude\Interiors\SMdFWalKitchen02.nif
SMdFWalKitchen03,0002067F,Architecture\Solitude\Interiors\SMdFWalKitchen03.nif
RockCliff02,000206CF,Landscape\Rocks\RockCliff02.nif
NorHallOfStoriesEndExBg01,00020930,Dungeons\Nordic\Chambers\NorHallOfStoriesEndExBg01.nif
NorHallBg1wayEndExBg01,00020940,Dungeons\Nordic\BgHalls\NorHallBg1wayEndExBg01.nif
SanguineRose,00020A90,Weapons\SanguineRose\SanguineRose.nif
1stPersonSteelBattleAxe,00020E27,Weapons\Steel\1stPersonSteelBattleAxe.nif
RockPileL04Snow01,00020F11,Landscape\Rocks\RockPileL04.nif
RockPileM02Rocks01Snow,00020F27,Landscape\Rocks\RockPileM02.nif
RockPileM02Rocks01,00020F37,Landscape\Rocks\RockPileM02.nif
CaveGLHallEntrance01,00020F39,Dungeons\Caves\Green\LargeHall\CaveGLHallEntrance01.nif
CaveGLHallEntrance02,00020F71,Dungeons\Caves\Green\LargeHall\CaveGLHallEntrance02.nif
CaveGLHallDoor02Ice,000211CF,Dungeons\Caves\Green\LargeHall\CaveGLHallDoor02.nif
CaveGLHall2Way02cIce,000211D0,Dungeons\Caves\Green\LargeHall\CaveGLHall2Way02c.nif
CaveGLHallRamp02Ice,000211D1,Dungeons\Caves\Green\LargeHall\CaveGLHallRamp02.nif
CaveGLHallEntrance01Ice,000211D2,Dungeons\Caves\Green\LargeHall\CaveGLHallEntrance01.nif
UpperTableRound01,0002136B,Clutter\Upperclass\UpperTableRound01.nif
UpperTableSquare01,0002136C,Clutter\Upperclass\UpperTableSquare01.nif
UpperNightstand01,0002136D,Clutter\Upperclass\UpperNightstand01.nif
UpperShelf01,0002136E,Clutter\Upperclass\UpperShelf01.nif
CaveIRoomWall01,0002158A,Dungeons\Caves\Ice\SmallRoom\CaveIRoomWall01.nif
CaveGECorner04,00021A75,Dungeons\Caves\Green\Epic\CaveGECorner04.nif
CaveGEICorner01,00021A76,Dungeons\Caves\Green\Epic\CaveGEICorner01.nif
CaveGEICorner02_Falmer,00021A77,Dungeons\Caves\Green\Epic\CaveGEICorner02.nif
CaveGEICorner03,00021A78,Dungeons\Caves\Green\Epic\CaveGEICorner03.nif
CaveGEICorner04,00021A79,Dungeons\Caves\Green\Epic\CaveGEICorner04.nif
CaveGEMid01,00021A7A,Dungeons\Caves\Green\Epic\CaveGEMid01.nif
CaveGECorner01,00021A7B,Dungeons\Caves\Green\Epic\CaveGECorner01.nif
CaveGECorner02,00021A7C,Dungeons\Caves\Green\Epic\CaveGECorner02.nif
CaveGECorner03,00021A7D,Dungeons\Caves\Green\Epic\CaveGECorner03.nif
RockPileS01FieldGrass01,00021E70,Landscape\Rocks\RockPileS01.nif
WRHouseShack01,00021EB2,Architecture\WhiteRun\WRBuildings\WRHouseShack01.nif
NorTempleExteriorRib01,00021F31,Dungeons\Nordic\Exterior\NorTempleExteriorRib01.nif
CaveGEWallUp03,00021F34,Dungeons\Caves\Green\Epic\CaveGEWallUp03.nif
CaveGEWallUp04,00021F35,Dungeons\Caves\Green\Epic\CaveGEWallUp04.nif
CaveGECornerUp01,00021F36,Dungeons\Caves\Green\Epic\CaveGECornerUp01.nif
CaveGECornerUp02,00021F37,Dungeons\Caves\Green\Epic\CaveGECornerUp02.nif
CaveGECornerUp03,00021F38,Dungeons\Caves\Green\Epic\CaveGECornerUp03.nif
CaveGECornerUp04,00021F39,Dungeons\Caves\Green\Epic\CaveGECornerUp04.nif
CaveGEICornerUp01,00021F3A,Dungeons\Caves\Green\Epic\CaveGEICornerUp01.nif
CaveGEICornerUp02,00021F3B,Dungeons\Caves\Green\Epic\CaveGEICornerUp02.nif
CaveGEICornerUp03,00021F3C,Dungeons\Caves\Green\Epic\CaveGEICornerUp03.nif
CaveGEICornerUp04,00021F3D,Dungeons\Caves\Green\Epic\CaveGEICornerUp04.nif
CaveGEWallUp01,00021F3E,Dungeons\Caves\Green\Epic\CaveGEWallUp01.nif
CaveGEWallUp02,00021F3F,Dungeons\Caves\Green\Epic\CaveGEWallUp02.nif
CritterLandingMarker_Small,00022201,Critters\CritterMarkerSmall.nif
SLgFStaSol02,000223BF,Architecture\Solitude\Interiors\SLgFStaSol02.nif
RockCliff07GrassSnow_LightSN,000223F0,Landscape\Rocks\RockCliff07.nif
RockCliff05GrassSnow01_LightSN,000223F2,Landscape\Rocks\RockCliff05.nif
RockCliff05RiverbedEdge01,00022460,Landscape\Rocks\RockCliff05.nif
Bridge01,00022468,Landscape\Bridges\Bridge01.nif
CaveGEDoorUp02,00022488,Dungeons\Caves\Green\Epic\CaveGEDoorUp02.nif
CaveGEDoorUp03,00022489,Dungeons\Caves\Green\Epic\CaveGEDoorUp03.nif
CaveGEDoorUp04,0002248A,Dungeons\Caves\Green\Epic\CaveGEDoorUp04.nif
CaveGEDoor01,0002248B,Dungeons\Caves\Green\Epic\CaveGEDoor01.nif
CaveGEDoor02,0002248C,Dungeons\Caves\Green\Epic\CaveGEDoor02.nif
CaveGEDoor03,0002248D,Dungeons\Caves\Green\Epic\CaveGEDoor03.nif
CaveGEDoor04,0002248E,Dungeons\Caves\Green\Epic\CaveGEDoor04.nif
CaveGEDoorUp01,0002248F,Dungeons\Caves\Green\Epic\CaveGEDoorUp01.nif
CaveGEWallInCorner01,00022490,Dungeons\Caves\Green\EpicWall\CaveGEWallInCorner01.nif
CaveGEWallInCorner02,00022491,Dungeons\Caves\Green\EpicWall\CaveGEWallInCorner02.nif
CaveGEWallStraight01,00022492,Dungeons\Caves\Green\EpicWall\CaveGEWallStraight01.nif
CaveGEWallStraight02,00022493,Dungeons\Caves\Green\EpicWall\CaveGEWallStraight02.nif
CaveGEPillar01,00022494,Dungeons\Caves\Green\Pillars\CaveGEPillar01.nif
CaveGEPillar02,00022495,Dungeons\Caves\Green\Pillars\CaveGEPillar02.nif
CaveGEPillar03,00022496,Dungeons\Caves\Green\Pillars\CaveGEPillar03.nif
CaveGEPillar04,00022497,Dungeons\Caves\Green\Pillars\CaveGEPillar04.nif
CaveGEPillar05,00022498,Dungeons\Caves\Green\Pillars\CaveGEPillar05.nif
CaveGEPillar06,00022499,Dungeons\Caves\Green\Pillars\CaveGEPillar06.nif
CaveGECeiling01,0002249A,Dungeons\Caves\Green\EpicWall\CaveGECeiling01.nif
CaveGEWallCorner01,0002249B,Dungeons\Caves\Green\EpicWall\CaveGEWallCorner01.nif
CaveGEWallCorner02,0002249C,Dungeons\Caves\Green\EpicWall\CaveGEWallCorner02.nif
CaveGEBalconyICorner02,000224CA,Dungeons\Caves\Green\EpicBalcony\CaveGEBalconyICorner02.nif
CaveGEBalconyICorner01,000224CB,Dungeons\Caves\Green\EpicBalcony\CaveGEBalconyICorner01.nif
CaveGEBalconyCurve04,000224CC,Dungeons\Caves\Green\EpicBalcony\CaveGEBalconyCurve04.nif
CaveGEBalconyCurve03,000224CD,Dungeons\Caves\Green\EpicBalcony\CaveGEBalconyCurve03.nif
CaveGEBalconyCurve02,000224CE,Dungeons\Caves\Green\EpicBalcony\CaveGEBalconyCurve02.nif
CaveGEBalconyCurve01,000224CF,Dungeons\Caves\Green\EpicBalcony\CaveGEBalconyCurve01.nif
CaveGEBalconyCorner04,000224D0,Dungeons\Caves\Green\EpicBalcony\CaveGEBalconyCorner04.nif
CaveGEBalconyCorner03,000224D1,Dungeons\Caves\Green\EpicBalcony\CaveGEBalconyCorner03.nif
CaveGEBalconyCorner02,000224D2,Dungeons\Caves\Green\EpicBalcony\CaveGEBalconyCorner02.nif
CaveGEBalconyCorner01,000224D3,Dungeons\Caves\Green\EpicBalcony\CaveGEBalconyCorner01.nif
CaveGEBalconyStraight04,000224D4,Dungeons\Caves\Green\EpicBalcony\CaveGEBalconyStraight04.nif
CaveGEBalconyStraight03,000224D5,Dungeons\Caves\Green\EpicBalcony\CaveGEBalconyStraight03.nif
CaveGEBalconyStraight02,000224D6,Dungeons\Caves\Green\EpicBalcony\CaveGEBalconyStraight02.nif
CaveGEBalconyStraight01,000224D7,Dungeons\Caves\Green\EpicBalcony\CaveGEBalconyStraight01.nif
CaveGEBalconyMid02,000224D8,Dungeons\Caves\Green\EpicBalcony\CaveGEBalconyMid02.nif
CaveGEBalconyMid01,000224D9,Dungeons\Caves\Green\EpicBalcony\CaveGEBalconyMid01.nif
CaveGEBalconyICorner04,000224DA,Dungeons\Caves\Green\EpicBalcony\CaveGEBalconyICorner04.nif
CaveGEBalconyICorner03,000224DB,Dungeons\Caves\Green\EpicBalcony\CaveGEBalconyICorner03.nif
CaveGRockPileS01,000224E1,Dungeons\Caves\Green\Rocks\CaveGRockPileS01.nif
CaveGRockPileS02,000224E2,Dungeons\Caves\Green\Rocks\CaveGRockPileS02.nif
CaveGRockS01,000224E3,Dungeons\Caves\Green\Rocks\CaveGRockS01.nif
CaveGRockS02,000224E4,Dungeons\Caves\Green\Rocks\CaveGRockS02.nif
CaveGRockS03,000224E5,Dungeons\Caves\Green\Rocks\CaveGRockS03.nif
CaveGRockL01,000224E6,Dungeons\Caves\Green\Rocks\CaveGRockL01.nif
CaveGRockL02,000224E7,Dungeons\Caves\Green\Rocks\CaveGRockL02.nif
CaveGRockL03,000224E8,Dungeons\Caves\Green\Rocks\CaveGRockL03.nif
CaveGRockL04,000224E9,Dungeons\Caves\Green\Rocks\CaveGRockL04.nif
CaveGRockL05,000224EA,Dungeons\Caves\Green\Rocks\CaveGRockL05.nif
CaveGRockM01,000224EB,Dungeons\Caves\Green\Rocks\CaveGRockM01.nif
CaveGRockM02,000224EC,Dungeons\Caves\Green\Rocks\CaveGRockM02.nif
CaveGRockM03,000224ED,Dungeons\Caves\Green\Rocks\CaveGRockM03.nif
CaveGRockM04,000224EE,Dungeons\Caves\Green\Rocks\CaveGRockM04.nif
CaveGBoulderL05,000224FA,Dungeons\Caves\Green\Rocks\CaveGBoulderL05.nif
CaveGBoulderM01,000224FB,Dungeons\Caves\Green\Rocks\CaveGBoulderM01.nif
CaveGBoulderM02,000224FC,Dungeons\Caves\Green\Rocks\CaveGBoulderM02.nif
CaveGBoulderM03,000224FD,Dungeons\Caves\Green\Rocks\CaveGBoulderM03.nif
CaveGBoulderM04,000224FE,Dungeons\Caves\Green\Rocks\CaveGBoulderM04.nif
CaveGBoulderPileS01,000224FF,Dungeons\Caves\Green\Rocks\CaveGBoulderPileS01.nif
CaveGBoulderPileS02,00022500,Dungeons\Caves\Green\Rocks\CaveGBoulderPileS02.nif
CaveGBoulderS01,00022501,Dungeons\Caves\Green\Rocks\CaveGBoulderS01.nif
CaveGBoulderS02,00022502,Dungeons\Caves\Green\Rocks\CaveGBoulderS02.nif
CaveGBoulderS03,00022503,Dungeons\Caves\Green\Rocks\CaveGBoulderS03.nif
CaveGBoulderL01,00022504,Dungeons\Caves\Green\Rocks\CaveGBoulderL01.nif
CaveGBoulderL02,00022505,Dungeons\Caves\Green\Rocks\CaveGBoulderL02.nif
CaveGBoulderL03,00022506,Dungeons\Caves\Green\Rocks\CaveGBoulderL03.nif
CaveGBoulderL04,00022507,Dungeons\Caves\Green\Rocks\CaveGBoulderL04.nif
SOVintStrDoorL01,000225C5,Architecture\Sovengarde\SovngardeInterior\SOVintStrDoorL01.nif
SOVintStrDoorR01,000225C6,Architecture\Sovengarde\SovngardeInterior\SOVintStrDoorR01.nif
RockShelf01RiverbedEdge01,0002265B,Landscape\Rocks\RockShelf01.nif
RockPileL04RiverBottom01,00022665,Landscape\Rocks\RockPileL04.nif
RockPileM02RiverBottom01,00022666,Landscape\Rocks\RockPileM02.nif
RockCliff01RiverBottom01,00022668,Landscape\Rocks\RockCliff01.nif
RockCliff07RiverbedEdge01,0002266F,Landscape\Rocks\RockCliff07.nif
RockPileS01FieldGrass02,0002268E,Landscape\Rocks\RockPileS01.nif
RockPileL01,000226BA,Landscape\Rocks\RockPileL01.nif
DirtCliffs02PineForest01,00022763,Landscape\DirtCliffs\DirtCliffs02.nif
RockPileL04PineForest01,00022831,Landscape\Rocks\RockPileL04.nif
NorBridgeWoodPlanks01snow,000228FC,Dungeons\Nordic\Bridges\NorBridgeWoodPlanks01.nif
WRHouseBlackSmith01,00022E46,Architecture\WhiteRun\WRBuildings\WRHouseBlackSmith01.nif
CaveGLEWallDoor01,00022E91,Dungeons\Caves\Green\LargeWall\CaveGLEWallDoor01.nif
CaveGLEWallDoorB01,00022E92,Dungeons\Caves\Green\LargeWall\CaveGLEWallDoorB01.nif
CaveGLEWallDoorL01,00022E93,Dungeons\Caves\Green\LargeWall\CaveGLEWallDoorL01.nif
CaveGLEWallDoorLB01,00022E94,Dungeons\Caves\Green\LargeWall\CaveGLEWallDoorLB01.nif
CaveGLEWallInCorner01,00022E95,Dungeons\Caves\Green\LargeWall\CaveGLEWallInCorner01.nif
CaveGLEWallInCorner02,00022E96,Dungeons\Caves\Green\LargeWall\CaveGLEWallInCorner02.nif
CaveGLEWallStraight01,00022E97,Dungeons\Caves\Green\LargeWall\CaveGLEWallStraight01.nif
CaveGLEWallStraight02,00022E98,Dungeons\Caves\Green\LargeWall\CaveGLEWallStraight02.nif
CaveGLEWallCorner01,00022E99,Dungeons\Caves\Green\LargeWall\CaveGLEWallCorner01.nif
CaveGLEWallCorner02,00022E9A,Dungeons\Caves\Green\LargeWall\CaveGLEWallCorner02.nif
CaveGBalconyShelf01,00022E9B,Dungeons\Caves\Green\Balcony\CaveGBalconyShelf01.nif
CaveGBalconyShelf02,00022E9C,Dungeons\Caves\Green\Balcony\CaveGBalconyShelf02.nif
CaveGBalconyRamp02,00022E9D,Dungeons\Caves\Green\Balcony\CaveGBalconyRamp02.nif
CaveGBalconyRamp01,00022E9E,Dungeons\Caves\Green\Balcony\CaveGBalconyRamp01.nif
CaveGBalconyShaftBridge01,00022E9F,Dungeons\Caves\Green\Balcony\CaveGBalconyShaftBridge01.nif
CaveGEBalconyShaftBridge01,00022EA0,Dungeons\Caves\Green\EpicBalcony\CaveGEBalconyShaftBridge01.nif
CaveGEBalconyShelf01,00022EA1,Dungeons\Caves\Green\EpicBalcony\CaveGEBalconyShelf01.nif
CaveGEBalconyShelf02,00022EA2,Dungeons\Caves\Green\EpicBalcony\CaveGEBalconyShelf02.nif
CaveGEBalconyRamp01,00022EA3,Dungeons\Caves\Green\EpicBalcony\CaveGEBalconyRamp01.nif
CaveGEBalconyRamp02,00022EA4,Dungeons\Caves\Green\EpicBalcony\CaveGEBalconyRamp02.nif
NorTempleExteriorRibFree06,00022F1F,Dungeons\Nordic\Exterior\NorTempleExteriorRibFree06.nif
NorTempleExteriorRibFree05,00022F20,Dungeons\Nordic\Exterior\NorTempleExteriorRibFree05.nif
NorTempleExteriorRibFree03,00022F21,Dungeons\Nordic\Exterior\NorTempleExteriorRibFree03.nif
NorTempleExteriorRibFree02,00022F22,Dungeons\Nordic\Exterior\NorTempleExteriorRibFree02.nif
NorTempleExteriorRibFree01,00022F23,Dungeons\Nordic\Exterior\NorTempleExteriorRibFree01.nif
SOVintStrOpenL,000233D4,Architecture\Sovengarde\SovngardeInterior\SOVintStrOpenL.nif
SOVintStrOpenR,000233E1,Architecture\Sovengarde\SovngardeInterior\SOVintStrOpenR.nif
RoadChunkL03RiverBottom01,000233E9,Landscape\Roads\RoadChunkL03.nif
RockPileM02,000233EF,Landscape\Rocks\RockPileM02.nif
dunKagrenzelFX,000233F7,Magic\HealFXHand01.nif
RoadChunkM01RiverBottom01,00023620,Landscape\Roads\RoadChunkM01.nif
RoadChunkL01RiverbedEdge01,0002368A,Landscape\Roads\RoadChunkL01.nif
RoadChunkL02RivbedEdge01,0002368C,Landscape\Roads\RoadChunkL02.nif
RoadChunkS02RiverbedEdge01,00023693,Landscape\Roads\RoadChunkS02.nif
1stPersonDraugrGreatsword,000236A4,Weapons\Draugr\1stPersonDraugrGreatSword.nif
RoadChunkM04RiverBottom01,00023800,Landscape\Roads\RoadChunkM04.nif
RoadChunkM03RiverBottom01,00023802,Landscape\Roads\RoadChunkM03.nif
WRCompanionBase01,00023808,Architecture\WhiteRun\WRTerrain\WRCompanionBase01.nif
Smanhole,00023839,Architecture\Solitude\Smanhole.nif
HagravenHouse03_snow,00023910,Clutter\Hagraven\HagravenHouse03.nif
DraugrBodyLaying0000,00023968,Clutter\Bodies\DraugrBodyLaying01.nif
1stPersonSteelBow,00023B5A,Weapons\Steel\SteelBow.nif
MQpathToHHShrineSnow,00023DD5,Architecture\HighHrothgar\MQEtchedShrine.nif
SOVintStrWinL,000240CB,Architecture\Sovengarde\SovngardeInterior\SOVintStrWinL.nif
SOVintStrWinR,000240E3,Architecture\Sovengarde\SovngardeInterior\SOVintStrWinR.nif
NorTmpHallBg1wayWall02,00024354,Dungeons\Nordic\Temple\BgHalls\NorTmpHallBg1wayWall02.nif
NorHallBg1wayRamp256,00024358,Dungeons\Nordic\BgHalls\NorHallBg1wayRamp256.nif
CaveIRoomCorner03,00024AC4,Dungeons\Caves\Ice\SmallRoom\CaveIRoomCorner03.nif
CaveIRoomCorner04,00024AC5,Dungeons\Caves\Ice\SmallRoom\CaveIRoomCorner04.nif
CaveIRoomMid01,00024AC6,Dungeons\Caves\Ice\SmallRoom\CaveIRoomMid01.nif
CaveIRoomWall02,00024AC7,Dungeons\Caves\Ice\SmallRoom\CaveIRoomWall02.nif
CaveIRoomWall03,00024AC8,Dungeons\Caves\Ice\SmallRoom\CaveIRoomWall03.nif
CaveIRoomWall04,00024AC9,Dungeons\Caves\Ice\SmallRoom\CaveIRoomWall04.nif
CaveIRoomCorner01,00024ACA,Dungeons\Caves\Ice\SmallRoom\CaveIRoomCorner01.nif
CaveIRoomCorner02,00024ACB,Dungeons\Caves\Ice\SmallRoom\CaveIRoomCorner02.nif
CaveIRoomDoor03,00024ADA,Dungeons\Caves\Ice\SmallRoom\CaveIRoomDoor03.nif
CaveIRoomDoor04,00024ADB,Dungeons\Caves\Ice\SmallRoom\CaveIRoomDoor04.nif
CaveIRoomICorner01,00024ADC,Dungeons\Caves\Ice\SmallRoom\CaveIRoomICorner01.nif
CaveIRoomICorner02,00024ADD,Dungeons\Caves\Ice\SmallRoom\CaveIRoomICorner02.nif
CaveIRoomICorner03,00024ADE,Dungeons\Caves\Ice\SmallRoom\CaveIRoomICorner03.nif
CaveIRoomICorner04,00024ADF,Dungeons\Caves\Ice\SmallRoom\CaveIRoomICorner04.nif
CaveIRoomDoor01,00024AE0,Dungeons\Caves\Ice\SmallRoom\CaveIRoomDoor01.nif
CaveIRoomDoor02,00024AE1,Dungeons\Caves\Ice\SmallRoom\CaveIRoomDoor02.nif
CaveIRoomDoorB03,00024B03,Dungeons\Caves\Ice\SmallRoom\CaveIRoomDoorB03.nif
CaveIRoomDoorB04,00024B04,Dungeons\Caves\Ice\SmallRoom\CaveIRoomDoorB04.nif
CaveIRoomDoorB01,00024B05,Dungeons\Caves\Ice\SmallRoom\CaveIRoomDoorB01.nif
CaveIRoomDoorB02,00024B06,Dungeons\Caves\Ice\SmallRoom\CaveIRoomDoorB02.nif
RockShelf01Rocks01,00024B88,Landscape\Rocks\RockShelf01.nif
RockPileL04Rocks01,00024B97,Landscape\Rocks\RockPileL04.nif
RockPileL04Rocks01SnowLight,00024B98,Landscape\Rocks\RockPileL04.nif
RockL05Snow,00024B9B,Landscape\Rocks\RockL05.nif
RockCliff03Snow,00024BAD,Landscape\Rocks\RockCliff03.nif
RockPileS01DirtSnowPathSnowLight,00024BBA,Landscape\Rocks\RockPileS01.nif
RockCliff01Snow01_HeavySN,00024BC5,Landscape\Rocks\RockCliff01.nif
RockPileS01Rocks01,00024BDD,Landscape\Rocks\RockPileS01.nif
RockPileL02Rocks01,00024C61,Landscape\Rocks\RockPileL02.nif
RockCliff04Snow,00024C94,Landscape\Rocks\RockCliff04.nif
CommonTable01,00024CB9,Clutter\Common\CommonTable01.nif
RockCliff06Snow,00024D15,Landscape\Rocks\RockCliff06.nif
SOVintExtBuildingPiece01,00024DF1,Architecture\Sovengarde\SovngardeInterior\SOVintExtBuildingPiece01.nif
RockPileS02Rocks01,00024E22,Landscape\Rocks\RockPileS02.nif
SOVintStairsMain01,00024E34,Architecture\Sovengarde\SovngardeInterior\SOVintStairsMain01.nif
DirtCliffs01FieldGrass01,00024E48,Landscape\DirtCliffs\DirtCliffs01.nif
RockPileL03FieldGrass01Moss,00024E4A,Landscape\Rocks\RockPileL03Moss.nif
CaveGHall1Way02c,00024E70,Dungeons\Caves\Green\SmallHall\CaveGHall1Way02c.nif
RockPileL02FieldGrass01Moss,00024E7B,Landscape\Rocks\RockPileL02Tundra.nif
CaveGHall1Way01c,00024E7C,Dungeons\Caves\Green\SmallHall\CaveGHall1Way01c.nif
RockPileM02FieldGrass01Moss,00024E8F,Landscape\Rocks\RockPileM02Tundra.nif
NorShaftTrapDoorSTATIC,00024F07,Dungeons\Nordic\Doors\Animated\TrapDoor\Ruins_TrapDoor01.nif
NorShaftTrapDoorSmallerSTATIC,00024F08,Dungeons\Nordic\Doors\Animated\TrapDoor\Ruins_TrapDoorSmaller01.nif
SVittoriaViciHouse,00024F1E,Architecture\Solitude\SVittoriaViciHouse.nif
CandleHornChandelier01,00024F20,Clutter\Candles\CandleHornChandelier01.nif
RockPileS02Rocks01Snow,00024F39,Landscape\Rocks\RockPileS02.nif
RockPileS01PineForest01,00024F46,Landscape\Rocks\RockPileS01.nif
MineScaffoldBase4Sided01ice,00025064,Dungeons\Mines\Scaffolding\MineScaffoldBase4Sided01.nif
MineScaffoldBaseSupportW01ice,00025065,Dungeons\Mines\Scaffolding\MineScaffoldBaseSupportW01.nif
SOVintCor01,00025178,Architecture\Sovengarde\SovngardeInterior\SOVintCor01.nif
NorDwelling03ExtBaseA,000251A5,Dungeons\Nordic\Exterior\Dwellings\NorDwelling03ExtBaseA.nif
NorDwelling03ExtBaseB,000251B0,Dungeons\Nordic\Exterior\Dwellings\NorDwelling03ExtBaseB.nif
NorDwelling03ExtCourtA,000251BB,Dungeons\Nordic\Exterior\Dwellings\NorDwelling03ExtCourtA.nif
NorDwelling03ExtCourtB,000251E2,Dungeons\Nordic\Exterior\Dwellings\NorDwelling03ExtCourtB.nif
SkyHavenWallTest03,0002520A,Architecture\SkyHavenTemple\SkyHavenWallTest03.nif
NorDwelling03ExtCourtCap01,0002520B,Dungeons\Nordic\Exterior\Dwellings\NorDwelling03ExtCourtCap01.nif
NorDwelling03ExtCourtStairs01,0002520C,Dungeons\Nordic\Exterior\Dwellings\NorDwelling03ExtCourtStairs01.nif
NorDwelling03ExtPylons01,0002520D,Dungeons\Nordic\Exterior\Dwellings\NorDwelling03ExtPylons01.nif
NorDwelling03IntA01,00025211,Dungeons\Nordic\Exterior\Dwellings\NorDwelling03IntA01.nif
NorDwelling03IntA02,00025219,Dungeons\Nordic\Exterior\Dwellings\NorDwelling03IntA02.nif
NorDwelling04ExtBaseA,0002521A,Dungeons\Nordic\Exterior\Dwellings\NorDwelling04ExtBaseA.nif
NorDwelling04ExtBaseB,0002521B,Dungeons\Nordic\Exterior\Dwellings\NorDwelling04ExtBaseB.nif
NorDwelling04ExtBaseC,0002521C,Dungeons\Nordic\Exterior\Dwellings\NorDwelling04ExtBaseC.nif
NorDwelling04IntB01,0002521D,Dungeons\Nordic\Exterior\Dwellings\NorDwelling04IntB01.nif
NorDwelling03ExtBaseASnow,0002521E,Dungeons\Nordic\Exterior\Dwellings\NorDwelling03ExtBaseA.nif
NorDwelling03ExtPylons01Snow,0002521F,Dungeons\Nordic\Exterior\Dwellings\NorDwelling03ExtPylons01.nif
NorDwelling04ExtBaseASnow,00025220,Dungeons\Nordic\Exterior\Dwellings\NorDwelling04ExtBaseA.nif
SkyHavenTempleTempLayout01,00025222,Architecture\SkyHavenTemple\SkyHavenTempleTempLayout01.nif
RockCliff08SnowRocks01,00025265,Landscape\Rocks\RockCliff08.nif
DwePlatBgCorDblEnd01Snow,000257C8,Dungeons\Dwemer\Platforms\DwePlatBgCorDblEnd01.nif
DweClutterArchLarge01Snow,00025802,Dungeons\Dwemer\Clutter\DweClutterArchLarge01.nif
DweClutterColmLarge01Snow,00025808,Dungeons\Dwemer\Clutter\DweClutterColmLarge01.nif
NorDwelling03ExtBaseBSnow,00025843,Dungeons\Nordic\Exterior\Dwellings\NorDwelling03ExtBaseB.nif
NorDwelling03ExtCourtASnow,00025844,Dungeons\Nordic\Exterior\Dwellings\NorDwelling03ExtCourtA.nif
NorDwelling03ExtCourtBSnow,00025845,Dungeons\Nordic\Exterior\Dwellings\NorDwelling03ExtCourtB.nif
NorDwelling03ExtCourtCap01Snow,00025846,Dungeons\Nordic\Exterior\Dwellings\NorDwelling03ExtCourtCap01.nif
NorDwelling03ExtCourtStairs01Snow,00025848,Dungeons\Nordic\Exterior\Dwellings\NorDwelling03ExtCourtStairs01.nif
NorDwelling04ExtBaseBSnow,00025849,Dungeons\Nordic\Exterior\Dwellings\NorDwelling04ExtBaseB.nif
NorDwelling04ExtBaseCSnow,0002584A,Dungeons\Nordic\Exterior\Dwellings\NorDwelling04ExtBaseC.nif
CaveGShaftTop01c,0002589E,Dungeons\Caves\Green\Shafts\CaveGShaftTop01c.nif
MrkKeepSteps01aTEMP,00025CE5,Architecture\Markarth\MrkKeepSteps01aTEMP.nif
MrkMillBridgeWalkway01new,00025CF5,Architecture\Markarth\MrkMillBridgeWalkway01new.nif
RoadStraightLong02,00025D61,Landscape\Roads\RoadStraightLong02.nif
MrkTempleCrag02,00025D78,Architecture\Markarth\MrkTempleCrag02.nif
MrkTempleCrag02Rocks01,00025D96,Architecture\Markarth\MrkTempleCrag02Rocks01.nif
MrkKeepCanalBridge04,00025D99,Architecture\Markarth\MrkKeepCanalBridge04.nif
MrkKeepLand02b,00025D9D,Architecture\Markarth\MrkKeepLand02b.nif
RockCliff03,00025DA8,Landscape\Rocks\RockCliff03.nif
MountainCliffSlopeFrozenMarshIce01,00025DB3,Landscape\Mountains\MountainCliffSlope.nif
MountainTrim01FrozenMarshIce01,00025DB7,Landscape\Mountains\MountainTrim01.nif
TestNorBridgeMid04snowy,00026144,Dungeons\Nordic\Bridges\NorBridgeMid04.nif
NorRmSmFloorRaised01sn_light,00026145,Dungeons\Nordic\SmRooms\NorRmSmFloorRaised01.nif
SkyrimCloudDistant01,0002630D,Sky\CloudDistant01.nif
SkyrimCloudDistant02,0002630E,Sky\CloudDistant02.nif
NorTable01NoShadow,000267CD,Clutter\Ruins\RuinsTable01.nif
NorThroneSTATIC,000267D5,Furniture\Nordic\Ruins_Chair01.nif
TestCaveGRoomMid01cIcy,00026863,Dungeons\Caves\Green\SmallRoom\CaveGRoomMid01c.nif
WalkwayRamp01,00026908,Architecture\Farmhouse\Walkway\WalkwayRamp01.nif
RockL03Snow,00026959,Landscape\Rocks\RockL03.nif
RockM01Snow,0002695A,Landscape\Rocks\RockM01.nif
RockL02Snow,0002695B,Landscape\Rocks\RockL02.nif
RockL01Snow,0002695C,Landscape\Rocks\RockL01.nif
RockS01Snow,0002695D,Landscape\Rocks\RockS01.nif
RockM02Snow,0002695E,Landscape\Rocks\RockM02.nif
RockS02Snow,0002695F,Landscape\Rocks\RockS02.nif
RockPileS01Snow,00026960,Landscape\Rocks\RockPileS01.nif
CaveGECorner01c,00026BE5,Dungeons\Caves\Green\Epic\CaveGECorner01c.nif
CaveGEWall01c,00026BF1,Dungeons\Caves\Green\Epic\CaveGEWall01c.nif
CaveGEMid01c,00026BF2,Dungeons\Caves\Green\Epic\CaveGEMid01c.nif
CaveGECorner04c,00026BF3,Dungeons\Caves\Green\Epic\CaveGECorner04c.nif
CaveGECorner03c,00026BF4,Dungeons\Caves\Green\Epic\CaveGECorner03c.nif
CaveGECorner02c,00026BF5,Dungeons\Caves\Green\Epic\CaveGECorner02c.nif
CaveGEWall03c,00026BF6,Dungeons\Caves\Green\Epic\CaveGEWall03c.nif
CaveGEWall04c,00026BF7,Dungeons\Caves\Green\Epic\CaveGEWall04c.nif
CaveGEWall02c,00026BF8,Dungeons\Caves\Green\Epic\CaveGEWall02c.nif
CaveGLHall1Way02c,00026BF9,Dungeons\Caves\Green\LargeHall\CaveGLHall1Way02c.nif
CaveGLHall1Way02,00026BFA,Dungeons\Caves\Green\LargeHall\CaveGLHall1Way02.nif
CaveGLHall1Way01c,00026BFB,Dungeons\Caves\Green\LargeHall\CaveGLHall1Way01c.nif
CaveGLHallDeadEnd02c,00026BFC,Dungeons\Caves\Green\LargeHall\CaveGLHallDeadEnd02c.nif
CaveGLHallDeadEnd01c,00026BFD,Dungeons\Caves\Green\LargeHall\CaveGLHallDeadEnd01c.nif
CaveGLHall2Way02c,00026BFE,Dungeons\Caves\Green\LargeHall\CaveGLHall2Way02c.nif
CaveGLHall2Way01c,00026BFF,Dungeons\Caves\Green\LargeHall\CaveGLHall2Way01c.nif
CaveGLRoomMid01c,00026C00,Dungeons\Caves\Green\LargeRoom\CaveGLRoomMid01c.nif
CaveGLRoomCorner04c,00026C01,Dungeons\Caves\Green\LargeRoom\CaveGLRoomCorner04c.nif
CaveGLRoomCorner03c,00026C02,Dungeons\Caves\Green\LargeRoom\CaveGLRoomCorner03c.nif
CaveGLRoomCorner02c,00026C03,Dungeons\Caves\Green\LargeRoom\CaveGLRoomCorner02c.nif
CaveGLRoomCorner01c,00026C04,Dungeons\Caves\Green\LargeRoom\CaveGLRoomCorner01c.nif
CaveGLRoomWall04c,00026C05,Dungeons\Caves\Green\LargeRoom\CaveGLRoomWall04c.nif
CaveGLRoomWall03c,00026C06,Dungeons\Caves\Green\LargeRoom\CaveGLRoomWall03c.nif
CaveGLRoomWall02c,00026C07,Dungeons\Caves\Green\LargeRoom\CaveGLRoomWall02c.nif
CaveGLRoomWall01c,00026C08,Dungeons\Caves\Green\LargeRoom\CaveGLRoomWall01c.nif
CaveGHall2Way02c,00026C09,Dungeons\Caves\Green\SmallHall\CaveGHall2Way02c.nif
CaveGHall2Way01c,00026C0A,Dungeons\Caves\Green\SmallHall\CaveGHall2Way01c.nif
CaveGHallDeadEnd02c,00026C0B,Dungeons\Caves\Green\SmallHall\CaveGHallDeadEnd02c.nif
CaveGHallDeadEnd01c,00026C0C,Dungeons\Caves\Green\SmallHall\CaveGHallDeadEnd01c.nif
CaveGRoomMid01c,00026C0D,Dungeons\Caves\Green\SmallRoom\CaveGRoomMid01c.nif
CaveGRoomCorner04c,00026C0E,Dungeons\Caves\Green\SmallRoom\CaveGRoomCorner04c.nif
CaveGRoomCorner03c,00026C0F,Dungeons\Caves\Green\SmallRoom\CaveGRoomCorner03c.nif
CaveGRoomCorner02c,00026C10,Dungeons\Caves\Green\SmallRoom\CaveGRoomCorner02c.nif
CaveGRoomCorner01c,00026C11,Dungeons\Caves\Green\SmallRoom\CaveGRoomCorner01c.nif
CaveGRoomWall04c,00026C12,Dungeons\Caves\Green\SmallRoom\CaveGRoomWall04c.nif
CaveGRoomWall03c,00026C13,Dungeons\Caves\Green\SmallRoom\CaveGRoomWall03c.nif
CaveGRoomWall02c,00026C14,Dungeons\Caves\Green\SmallRoom\CaveGRoomWall02c.nif
CaveGRoomWall01c,00026C15,Dungeons\Caves\Green\SmallRoom\CaveGRoomWall01c.nif
NorRmShaftMidStairGroundSup01,00026E5A,Dungeons\Nordic\Shafts\NorRmShaftMidStairGroundSup01.nif
NorRmShaftMidStairBot01,00026E5B,Dungeons\Nordic\Shafts\NorRmShaftMidStairBot01.nif
NorRmShaftMidStairDeck01,00026E5C,Dungeons\Nordic\Shafts\NorRmShaftMidStairDeck01.nif
NorRmShaftMidStairDeck02,00026E5D,Dungeons\Nordic\Shafts\NorRmShaftMidStairDeck02.nif
NorRmShaftMidStair01,00026E5E,Dungeons\Nordic\Shafts\NorRmShaftMidStair01.nif
NorRmShaftMidStairTop01,00026E5F,Dungeons\Nordic\Shafts\NorRmShaftMidStairTop01.nif
NorRmShaftMidCapBot01,00026E60,Dungeons\Nordic\Shafts\NorRmShaftMidCapBot01.nif
NorRmShaftMidCapTop01,00026E61,Dungeons\Nordic\Shafts\NorRmShaftMidCapTop01.nif
NorRmShaftMidExSm01,00026E62,Dungeons\Nordic\Shafts\NorRmShaftMidExSm01.nif
NorTmpHallBg1wayWall02a,00026E76,Dungeons\Nordic\Temple\BgHalls\NorTmpHallBg1wayWall02a.nif
NorTmpHallBg1wayWall02aSnow,00026E77,Dungeons\Nordic\Temple\BgHalls\NorTmpHallBg1wayWall02a.nif
NorTmpExtPlatStairMid01,00026F74,Dungeons\Nordic\Exterior\NorTmpExtPlatStairMid01.nif
NorTmpExtPlatStairCapR01,00026F75,Dungeons\Nordic\Exterior\NorTmpExtPlatStairCapR01.nif
NorTmpExtPlatStairCapL01,00026F76,Dungeons\Nordic\Exterior\NorTmpExtPlatStairCapL01.nif
NorTmpExtPlatMid01,00026F77,Dungeons\Nordic\Exterior\NorTmpExtPlatMid01.nif
NorTmpExtPlatMid02,00026F78,Dungeons\Nordic\Exterior\NorTmpExtPlatMid02.nif
NorTmpExtPlatCorIn01,00026F79,Dungeons\Nordic\Exterior\NorTmpExtPlatCorIn01.nif
NorTmpExtPlatCorDblEnd01,00026F7A,Dungeons\Nordic\Exterior\NorTmpExtPlatCorDblEnd01.nif
NorTmpExtPlatCorOut01,00026F7B,Dungeons\Nordic\Exterior\NorTmpExtPlatCorOut01.nif
NorTmpExtPlatWall02,00026F7C,Dungeons\Nordic\Exterior\NorTmpExtPlatWall02.nif
NorTmpExtPlatWall01,00026F7D,Dungeons\Nordic\Exterior\NorTmpExtPlatWall01.nif
NorTmpExtPlatStairMid02,00026F98,Dungeons\Nordic\Exterior\NorTmpExtPlatStairMid02.nif
NorTmpExtPlatCorDblEnd01Snow,00026FA0,Dungeons\Nordic\Exterior\NorTmpExtPlatCorDblEnd01.nif
NorTempleExterior01Snow,00026FA1,Dungeons\Nordic\Exterior\NorTempleExterior01.nif
ShipLargeKatariahInside01,00026FC2,Dungeons\Ship\ShipLargeKatariahInside01.nif
NorTempleExteriorRibFree07,00026FC3,Dungeons\Nordic\Exterior\NorTempleExteriorRibFree07.nif
NorTempleExteriorRibFree04,00026FC8,Dungeons\Nordic\Exterior\NorTempleExteriorRibFree04.nif
NorTempleExteriorRibFree01Snow,00026FCA,Dungeons\Nordic\Exterior\NorTempleExteriorRibFree01.nif
NorTempleExteriorRibFree02Snow,00026FCB,Dungeons\Nordic\Exterior\NorTempleExteriorRibFree02.nif
NorTempleExteriorRib01Snow,00026FCC,Dungeons\Nordic\Exterior\NorTempleExteriorRib01.nif
NorTempleExteriorRibFree05Snow,00026FCD,Dungeons\Nordic\Exterior\NorTempleExteriorRibFree05.nif
NorTempleExteriorRibFree04Snow,00026FCE,Dungeons\Nordic\Exterior\NorTempleExteriorRibFree04.nif
NorTempleExteriorRibFree06Snow,00026FCF,Dungeons\Nordic\Exterior\NorTempleExteriorRibFree06.nif
NorTempleExteriorRibFree07Snow,00026FD0,Dungeons\Nordic\Exterior\NorTempleExteriorRibFree07.nif
NorTmpExtPlatCorIn01Snow,00026FD1,Dungeons\Nordic\Exterior\NorTmpExtPlatCorIn01.nif
NorTmpExtPlatCorOut01Snow,00026FD2,Dungeons\Nordic\Exterior\NorTmpExtPlatCorOut01.nif
NorTmpExtPlatMid01Snow,00026FD3,Dungeons\Nordic\Exterior\NorTmpExtPlatMid01.nif
NorTmpExtPlatMid02Snow,00026FD4,Dungeons\Nordic\Exterior\NorTmpExtPlatMid02.nif
NorTmpExtPlatStairCapL01Snow,00026FD5,Dungeons\Nordic\Exterior\NorTmpExtPlatStairCapL01.nif
NorTmpExtPlatStairCapR01snow,00026FD6,Dungeons\Nordic\Exterior\NorTmpExtPlatStairCapR01.nif
NorTmpExtPlatStairMid01Snow,00026FD7,Dungeons\Nordic\Exterior\NorTmpExtPlatStairMid01.nif
NorTmpExtPlatStairMid02Light_SN,00026FD8,Dungeons\Nordic\Exterior\NorTmpExtPlatStairMid02.nif
NorTmpExtPlatWall01Snow,00026FD9,Dungeons\Nordic\Exterior\NorTmpExtPlatWall01.nif
NorTmpExtPlatWall02Snow,00026FDA,Dungeons\Nordic\Exterior\NorTmpExtPlatWall02.nif
NorTempleExteriorRibFree03Snow,00026FDD,Dungeons\Nordic\Exterior\NorTempleExteriorRibFree03.nif
NorTempleExterior01Base,00026FDE,Dungeons\Nordic\Exterior\NorTempleExterior01Base.nif
NorTempleExterior01BaseSnow,00026FDF,Dungeons\Nordic\Exterior\NorTempleExterior01Base.nif
NorTempleExteriorRib01Base,00026FE0,Dungeons\Nordic\Exterior\NorTempleExteriorRib01Base.nif
NorTempleExteriorRib01BaseSnow,00026FE1,Dungeons\Nordic\Exterior\NorTempleExteriorRib01Base.nif
RoadCurve90R01,00027007,Landscape\Roads\RoadCurve90R01.nif
BarCornerIn01,0002702A,Clutter\BarSet\BarCornerIn01.nif
BarCornerOut01,0002702B,Clutter\BarSet\BarCornerOut01.nif
BarLeft01,0002702C,Clutter\BarSet\BarLeft01.nif
BarRight01,0002702D,Clutter\BarSet\BarRight01.nif
BarStraight01,0002702E,Clutter\BarSet\BarStraight01.nif
RockPileL02,00027034,Landscape\Rocks\RockPileL02.nif
SkyrimCloudShape06_O_50,00027289,Sky\CloudShape06_O_50.nif
SkyrimCloudShape06_O_25,00027299,Sky\CloudShape06_O_25.nif
SkyrimCloudShape06_O,000272A6,Sky\CloudShape06_O.nif
SkyrimCloudShape06_50,000272A8,Sky\CloudShape06_50.nif
SkyrimCloudShape06_25,000272AD,Sky\CloudShape06_25.nif
SkyrimCloudShape06,000272AE,Sky\CloudShape06.nif
SkyrimCloudShape05_O_50,000272AF,Sky\CloudShape05_O_50.nif
SkyrimCloudShape05_O_25,000272B0,Sky\CloudShape05_O_25.nif
SkyrimCloudShape05_O,000272B1,Sky\CloudShape05_O.nif
SkyrimCloudShape05_50,000272B2,Sky\CloudShape05_50.nif
SkyrimCloudShape05_25,000272B3,Sky\CloudShape05_25.nif
SkyrimCloudShape05,000272C4,Sky\CloudShape05.nif
SkyrimCloudShape04_O_50,000272CC,Sky\CloudShape04_O_50.nif
SkyrimCloudShape04_O_25,000272D3,Sky\CloudShape04_O_25.nif
SkyrimCloudShape04_O,000272DB,Sky\CloudShape04_O.nif
SkyrimCloudShape04_50,000272E5,Sky\CloudShape04_50.nif
SkyrimCloudShape04_25,0002730F,Sky\CloudShape04_25.nif
SkyrimCloudShape04,00027323,Sky\CloudShape04.nif
SkyrimCloudShape03_O_50,00027338,Sky\CloudShape03_O_50.nif
SkyrimCloudShape03_O_25,00027349,Sky\CloudShape03_O_25.nif
SkyrimCloudShape03_O,0002738B,Sky\CloudShape03_O.nif
SkyrimCloudShape03_50,000273AB,Sky\CloudShape03_50.nif
SkyrimCloudShape03_25,000273AC,Sky\CloudShape03_25.nif
SkyrimCloudShape03,000273B0,Sky\CloudShape03.nif
SkyrimCloudShape02_O_50,000273B7,Sky\CloudShape02_O_50.nif
SkyrimCloudShape02_O_25,000273B8,Sky\CloudShape02_O_25.nif
SkyrimCloudShape02_O,000273BF,Sky\CloudShape02_O.nif
SkyrimCloudShape02_50,000273C1,Sky\CloudShape02_50.nif
SkyrimCloudShape02_25,000273D4,Sky\CloudShape02_25.nif
SkyrimCloudShape02,000273D9,Sky\CloudShape02.nif
SkyrimCloudShape01_O_50,000273DC,Sky\CloudShape01_O_50.nif
SkyrimCloudShape01_O_25,000273E0,Sky\CloudShape01_O_25.nif
SkyrimCloudShape01_O,000273E6,Sky\CloudShape01_O.nif
SkyrimCloudShape01_50,000273E8,Sky\CloudShape01_50.nif
SkyrimCloudShape01_25,000273E9,Sky\CloudShape01_25.nif
SkyrimCloudShape01,000273F3,Sky\CloudShape01.nif
SkyrimCloudDistant06_O_50,000273F5,Sky\CloudDistant06_O_50.nif
SkyrimCloudDistant06_O_25,000273FA,Sky\CloudDistant06_O_25.nif
SkyrimCloudDistant06_O,000273FC,Sky\CloudDistant06_O.nif
SkyrimCloudDistant06_50,00027408,Sky\CloudDistant06_50.nif
SkyrimCloudDistant06_25,0002740C,Sky\CloudDistant06_25.nif
SkyrimCloudDistant05_O_50,0002740F,Sky\CloudDistant05_O_50.nif
SkyrimCloudDistant05_O_25,00027425,Sky\CloudDistant05_O_25.nif
SkyrimCloudDistant05_O,00027426,Sky\CloudDistant05_O.nif
SkyrimCloudDistant05_50,00027430,Sky\CloudDistant05_50.nif
SkyrimCloudDistant05_25,00027432,Sky\CloudDistant05_25.nif
SkyrimCloudDistant04_O_50,00027437,Sky\CloudDistant04_O_50.nif
SkyrimCloudDistant04_O_25,0002743A,Sky\CloudDistant04_O_25.nif
SkyrimCloudDistant04_O,0002743B,Sky\CloudDistant04_O.nif
SkyrimCloudDistant04_50,00027447,Sky\CloudDistant04_50.nif
SkyrimCloudDistant04_25,0002744C,Sky\CloudDistant04_25.nif
SkyrimCloudDistant03_O_50,0002745A,Sky\CloudDistant03_O_50.nif
SkyrimCloudDistant03_O_25,0002746E,Sky\CloudDistant03_O_25.nif
SkyrimCloudDistant03_O,00027472,Sky\CloudDistant03_O.nif
SkyrimCloudDistant03_50,0002747A,Sky\CloudDistant03_50.nif
SkyrimCloudDistant03_25,0002747C,Sky\CloudDistant03_25.nif
SkyrimCloudDistant02_O_50,0002747D,Sky\CloudDistant02_O_50.nif
SkyrimCloudDistant02_O_25,0002747E,Sky\CloudDistant02_O_25.nif
SkyrimCloudDistant02_O,00027481,Sky\CloudDistant02_O.nif
SkyrimCloudDistant02_50,00027483,Sky\CloudDistant02_50.nif
SkyrimCloudDistant02_25,00027499,Sky\CloudDistant02_25.nif
SkyrimCloudDistant01_O_25,000274A6,Sky\CloudDistant01_O_25.nif
SkyrimCloudDistant01_O_50,000274B5,Sky\CloudDistant01_O_50.nif
SkyrimCloudDistant01_25,000274B7,Sky\CloudDistant01_25.nif
SkyrimCloudDistant01_50,000274B8,Sky\CloudDistant01_50.nif
SkyrimCloudDistant01_O,0002754F,Sky\CloudDistant01_O.nif
MountainCliff04,00027D1D,Landscape\Mountains\MountainCliff04.nif
MountainCliff03,00027D1F,Landscape\Mountains\MountainCliff03.nif
MountainCliff03_LightSN,00027DD9,Landscape\Mountains\MountainCliff03.nif
MountainCliff03_HeavySN,00027DDA,Landscape\Mountains\MountainCliff03.nif
MountainCliff04_LightSN,00027DDB,Landscape\Mountains\MountainCliff04.nif
MountainCliff04_HeavySN,00027DDC,Landscape\Mountains\MountainCliff04.nif
SLgFColSol02,00027EBD,Architecture\Solitude\Interiors\SLgFColSol02.nif
FarmBColumn01,00028215,Architecture\Farmhouse\Interior\Basement\FarmBColumn01.nif
FarmBCorner01,00028216,Architecture\Farmhouse\Interior\Basement\FarmBCorner01.nif
FarmBCorner02,00028217,Architecture\Farmhouse\Interior\Basement\FarmBCorner02.nif
FarmBCorner03,00028218,Architecture\Farmhouse\Interior\Basement\FarmBCorner03.nif
FarmBCorner04,00028219,Architecture\Farmhouse\Interior\Basement\FarmBCorner04.nif
FarmBICorner01,0002821A,Architecture\Farmhouse\Interior\Basement\FarmBICorner01.nif
FarmBICorner02,0002821B,Architecture\Farmhouse\Interior\Basement\FarmBICorner02.nif
FarmBICorner03,0002821D,Architecture\Farmhouse\Interior\Basement\FarmBICorner03.nif
FarmBICorner04,0002821E,Architecture\Farmhouse\Interior\Basement\FarmBICorner04.nif
FarmBMiddle01,0002821F,Architecture\Farmhouse\Interior\Basement\FarmBMiddle01.nif
FarmBMiddle02,00028241,Architecture\Farmhouse\Interior\Basement\FarmBMiddle02.nif
FarmBWall01,00028332,Architecture\Farmhouse\Interior\Basement\FarmBWall01.nif
FarmBWall02,0002834A,Architecture\Farmhouse\Interior\Basement\FarmBWall02.nif
FarmBWall03,0002834B,Architecture\Farmhouse\Interior\Basement\FarmBWall03.nif
FarmBWall04,0002834C,Architecture\Farmhouse\Interior\Basement\FarmBWall04.nif
DweFurnitureBench01Static,00028395,Furniture\Dwemer\DweFurnitureBench01.nif
CaveGHall1Way01cMossTEMP,00028759,Dungeons\Caves\Green\SmallHall\CaveGHall1Way01c.nif
CaveGShaftTop01cMossTEMP,0002875A,Dungeons\Caves\Green\Shafts\CaveGShaftTop01c.nif
CaveGBalconyShaftBridge01MossTEMP,0002875B,Dungeons\Caves\Green\Balcony\CaveGBalconyShaftBridge01.nif
CaveGShaftBottom01MossTEMP,0002875C,Dungeons\Caves\Green\Shafts\CaveGShaftBottom01.nif
CaveGShaftStraight01MossTEMP,0002875D,Dungeons\Caves\Green\Shafts\CaveGShaftStraight01.nif
CaveGRockPileS01SnowTEMP,00028790,Dungeons\Caves\Green\Rocks\CaveGRockPileS01.nif
CaveGRockS01SnowTEMP,00028791,Dungeons\Caves\Green\Rocks\CaveGRockS01.nif
CaveGECorner01cMossTEMP,00028792,Dungeons\Caves\Green\Epic\CaveGECorner01c.nif
CaveGLPillar01SnowTEMP,00028793,Dungeons\Caves\Green\Pillars\CaveGLPillar01.nif
Farmhouse02Snow,00028794,Architecture\Farmhouse\Farmhouse02.NIF
CaveGRockL01SnowTEMP,00028795,Dungeons\Caves\Green\Rocks\CaveGRockL01.nif
CaveGHall1Way01MossTEMP,000287A9,Dungeons\Caves\Green\SmallHall\CaveGHall1Way01.nif
CaveGHallRamp01MossTEMP,000287AA,Dungeons\Caves\Green\SmallHall\CaveGHallRamp01.nif
CaveGHall1Way01SnowTEMP,000287B5,Dungeons\Caves\Green\SmallHall\CaveGHall1Way01.nif
CaveGHallRamp01SnowTEMP,000287B6,Dungeons\Caves\Green\SmallHall\CaveGHallRamp01.nif
CaveGHall1Way128D01MossTEMP,000287B9,Dungeons\Caves\Green\SmallHall\CaveGHall1Way128D01.nif
CaveGRockPileS01MossTEMP,000287BB,Dungeons\Caves\Green\Rocks\CaveGRockPileS01.nif
TreePineForestCutLog03Moss,000287BD,Landscape\Trees\TreePineForestCutLog03.nif
CaveGCliffsIsland01NSMossTEMP,000287BE,Dungeons\Caves\Green\Cliffs\CaveGCliffsIsland01NS.nif
CaveGEDoor01Hole,000287BF,Dungeons\Caves\Green\Epic\CaveGEDoor01Hole.nif
CaveGEDoor02Hole,000287C0,Dungeons\Caves\Green\Epic\CaveGEDoor02Hole.nif
CaveGECorner04Hole,000287C1,Dungeons\Caves\Green\Epic\CaveGECorner04Hole.nif
CaveGECorner03Hole,000287C2,Dungeons\Caves\Green\Epic\CaveGECorner03Hole.nif
CaveGECorner02Hole,000287C3,Dungeons\Caves\Green\Epic\CaveGECorner02Hole.nif
CaveGECorner01Hole,000287C4,Dungeons\Caves\Green\Epic\CaveGECorner01Hole.nif
CaveGEWall03Hole,000287C5,Dungeons\Caves\Green\Epic\CaveGEWall03Hole.nif
CaveGEWall04Hole,000287C6,Dungeons\Caves\Green\Epic\CaveGEWall04Hole.nif
CaveGEWall02Hole,000287C7,Dungeons\Caves\Green\Epic\CaveGEWall02Hole.nif
CaveGEWall01Hole,000287C8,Dungeons\Caves\Green\Epic\CaveGEWall01Hole.nif
CaveGEICorner03Hole,000287C9,Dungeons\Caves\Green\Epic\CaveGEICorner03Hole.nif
CaveGEICorner04Hole,000287CA,Dungeons\Caves\Green\Epic\CaveGEICorner04Hole.nif
CaveGEICorner02Hole,000287CB,Dungeons\Caves\Green\Epic\CaveGEICorner02Hole.nif
CaveGEICorner01Hole,000287CC,Dungeons\Caves\Green\Epic\CaveGEICorner01Hole.nif
CaveGEDoorUp04Hole,000287CD,Dungeons\Caves\Green\Epic\CaveGEDoorUp04Hole.nif
CaveGEDoorUp02Hole,000287CE,Dungeons\Caves\Green\Epic\CaveGEDoorUp02Hole.nif
CaveGEDoorUp03Hole,000287CF,Dungeons\Caves\Green\Epic\CaveGEDoorUp03Hole.nif
CaveGEDoorUp01Hole,000287D0,Dungeons\Caves\Green\Epic\CaveGEDoorUp01Hole.nif
CaveGEDoor04Hole,000287D1,Dungeons\Caves\Green\Epic\CaveGEDoor04Hole.nif
CaveGEDoor03Hole,000287D2,Dungeons\Caves\Green\Epic\CaveGEDoor03Hole.nif
CaveGShaftBottom01SnowTEMP,000287FF,Dungeons\Caves\Green\Shafts\CaveGShaftBottom01.nif
CaveGHall1Way03c,00028802,Dungeons\Caves\Green\SmallHall\CaveGHall1Way03c.nif
CaveGLHall1Way03c,00028803,Dungeons\Caves\Green\LargeHall\CaveGLHall1Way03c.nif
RuinsBench01NoShadow,000289D5,Furniture\Nordic\Ruins_Bench01.nif
RuinsAltar,000289DA,Clutter\Ruins\Ruins_Altar01.nif
NorTmpExtPlatFloorRaised01,00028A62,Dungeons\Nordic\Exterior\NorTmpExtPlatFloorRaised01.nif
NorTmpExtPlatFloorRaised01Snow,00028A64,Dungeons\Nordic\Exterior\NorTmpExtPlatFloorRaised01.nif
NorTmpExtStairsFree01,00028A6D,Dungeons\Nordic\Exterior\NorTmpExtStairsFree01.nif
NorTmpExtStairsFree01Snow,00028A6F,Dungeons\Nordic\Exterior\NorTmpExtStairsFree01.nif
NorTmpExtDebris08,00028A72,Dungeons\Nordic\Exterior\NorTmpExtDebris08.nif
NorTmpExtDebris07,00028A73,Dungeons\Nordic\Exterior\NorTmpExtDebris07.nif
NorTmpExtDebris06,00028A74,Dungeons\Nordic\Exterior\NorTmpExtDebris06.nif
NorTmpExtDebris05,00028A75,Dungeons\Nordic\Exterior\NorTmpExtDebris05.nif
NorTmpExtDebris04,00028A76,Dungeons\Nordic\Exterior\NorTmpExtDebris04.nif
NorTmpExtDebris03,00028A77,Dungeons\Nordic\Exterior\NorTmpExtDebris03.nif
NorTmpExtDebris02,00028A78,Dungeons\Nordic\Exterior\NorTmpExtDebris02.nif
NorTmpExtDebris01,00028A79,Dungeons\Nordic\Exterior\NorTmpExtDebris01.nif
NorTmpExtDebris01Snow,00028A83,Dungeons\Nordic\Exterior\NorTmpExtDebris01.nif
NorTmpExtDebris02Snow,00028A84,Dungeons\Nordic\Exterior\NorTmpExtDebris02.nif
NorTmpExtDebris03Snow,00028A85,Dungeons\Nordic\Exterior\NorTmpExtDebris03.nif
NorTmpExtDebris04Snow,00028A86,Dungeons\Nordic\Exterior\NorTmpExtDebris04.nif
NorTmpExtDebris05Snow,00028A87,Dungeons\Nordic\Exterior\NorTmpExtDebris05.nif
NorTmpExtDebris06Snow,00028A88,Dungeons\Nordic\Exterior\NorTmpExtDebris06.nif
NorTmpExtDebris07Snow,00028A89,Dungeons\Nordic\Exterior\NorTmpExtDebris07.nif
NorTmpExtDebris08Snow,00028A8A,Dungeons\Nordic\Exterior\NorTmpExtDebris08.nif
NorTmpExtPlatTower01,00028A8B,Dungeons\Nordic\Exterior\NorTmpExtPlatTower01.nif
NorTmpExtPlatTowerBridge01,00028A8C,Dungeons\Nordic\Exterior\NorTmpExtPlatTowerBridge01.nif
NorTmpExtPlatTowerBridgeFree01,00028A8D,Dungeons\Nordic\Exterior\NorTmpExtPlatTowerBridgeFree01.nif
NorTmpExtPlatTower01Snow,00028A94,Dungeons\Nordic\Exterior\NorTmpExtPlatTower01.nif
NorTmpExtPlatTowerBridge01Snow,00028A95,Dungeons\Nordic\Exterior\NorTmpExtPlatTowerBridge01.nif
NorTmpExtPlatTowerBridgeFree01Snow,00028A96,Dungeons\Nordic\Exterior\NorTmpExtPlatTowerBridgeFree01.nif
NorTmpExtPlatTower02,00028AA7,Dungeons\Nordic\Exterior\NorTmpExtPlatTower02.nif
NorTmpExtPlatTower02Snow,00028AA8,Dungeons\Nordic\Exterior\NorTmpExtPlatTower02.nif
TestChaurus,00028AAF,Actors\Chaurus\TestChaurus.nif
CounterLeft01,00028B0E,Clutter\CounterSet\CounterLeft01.nif
CounterRight01,00028B0F,Clutter\CounterSet\CounterRight01.nif
CounterStraight01,00028B10,Clutter\CounterSet\CounterStraight01.nif
CounterCornerIn01,00028B14,Clutter\CounterSet\CounterCornerIn01.nif
CounterCornerOut01,00028B16,Clutter\CounterSet\CounterCornerOut01.nif
WRHouseGreyMane01,00028E17,Architecture\WhiteRun\WRBuildings\WRHouseGreyMane01.nif
NorTmpHallBg1wayEntrance01,0002903B,Dungeons\Nordic\Temple\BgHalls\NorTmpHallBg1wayEntrance01.nif
CaveIHall1Way01,0002904A,Dungeons\Caves\Ice\SmallHall\CaveIHall1Way01.nif
CaveIHall1Way02,00029067,Dungeons\Caves\Ice\SmallHall\CaveIHall1Way02.nif
1stPersonOrcishWarAxe,000296E9,Weapons\Orcish\1stPersonOrcishHandAxe.nif
1stPersonOrcishMace,00029705,Weapons\Orcish\1stPersonOrcishMace.nif
1stPersonOrcishBattleAxe,00029708,Weapons\Orcish\1stPersonOrcishBattleAxe.nif
1stPersonOrcishWarhammer,0002970C,Weapons\Orcish\1stPersonOrcishWarhammer.nif
1stPersonOrcishGreatsword,00029713,Weapons\Orcish\1stPersonOrcishGreatsword.nif
1stPersonOrcishSword,0002971E,Weapons\Orcish\1stPersonOrcishSword.nif
1stPersonOrcishDagger,00029720,Weapons\Orcish\1stPersonOrcishDagger.nif
ImpRoomWall01,00029987,Dungeons\Imperial\SmallRoom\ImpRoomWall01.nif
ImpRoomWall04,0002998C,Dungeons\Imperial\SmallRoom\ImpRoomWall04.nif
ImpRoomMid01,0002998D,Dungeons\Imperial\SmallRoom\ImpRoomMid01.nif
ImpRoomWall02,0002998E,Dungeons\Imperial\SmallRoom\ImpRoomWall02.nif
ImpRoomWall03,0002998F,Dungeons\Imperial\SmallRoom\ImpRoomWall03.nif
ImpRoomCorner01,00029994,Dungeons\Imperial\SmallRoom\ImpRoomCorner01.nif
ImpRoomCorner03,00029995,Dungeons\Imperial\SmallRoom\ImpRoomCorner03.nif
ImpRoomCorner04,00029996,Dungeons\Imperial\SmallRoom\ImpRoomCorner04.nif
ImpRoomCorner02,00029997,Dungeons\Imperial\SmallRoom\ImpRoomCorner02.nif
ImpRoomICorner03,0002999C,Dungeons\Imperial\SmallRoom\ImpRoomICorner03.nif
ImpRoomICorner04,0002999D,Dungeons\Imperial\SmallRoom\ImpRoomICorner04.nif
ImpRoomICorner01,0002999E,Dungeons\Imperial\SmallRoom\ImpRoomICorner01.nif
ImpRoomICorner02,0002999F,Dungeons\Imperial\SmallRoom\ImpRoomICorner02.nif
ImpRoomDoorB02,000299AD,Dungeons\Imperial\SmallRoom\ImpRoomDoorB02.nif
ImpRoomDoorB03,000299AE,Dungeons\Imperial\SmallRoom\ImpRoomDoorB03.nif
ImpRoomDoorB04,000299AF,Dungeons\Imperial\SmallRoom\ImpRoomDoorB04.nif
ImpRoomDoor01,000299B0,Dungeons\Imperial\SmallRoom\ImpRoomDoor01.nif
ImpRoomDoor02,000299B1,Dungeons\Imperial\SmallRoom\ImpRoomDoor02.nif
ImpRoomDoor03,000299B2,Dungeons\Imperial\SmallRoom\ImpRoomDoor03.nif
ImpRoomDoor04,000299B3,Dungeons\Imperial\SmallRoom\ImpRoomDoor04.nif
ImpRoomDoorB01,000299B4,Dungeons\Imperial\SmallRoom\ImpRoomDoorB01.nif
ImpRoomBrace01,000299BA,Dungeons\Imperial\SmallRoom\ImpRoomBrace01.nif
RockCliff04,00029D98,Landscape\Rocks\RockCliff04.nif
CaveIHall2Way01,00029DA3,Dungeons\Caves\Ice\SmallHall\CaveIHall2Way01.nif
CaveIHallDeadEnd01,00029DA6,Dungeons\Caves\Ice\SmallHall\CaveIHallDeadEnd01.nif
CaveIHallDeadEnd02,00029DA7,Dungeons\Caves\Ice\SmallHall\CaveIHallDeadEnd02.nif
StockadeTower01Light_SN,0002A27B,Clutter\Stockade\StockadeTower01.nif
StockadeBridgeLong01Light_SN,0002A27C,Clutter\Stockade\StockadeBridgeLong01.nif
StockadeWallCornerIn01Light_SN,0002A293,Clutter\Stockade\StockadeWallCornerIn01.nif
StockadeStairs01Light_SN,0002A295,Clutter\Stockade\StockadeStairs01.nif
StockadeWallWalkway01Light_SN,0002A29C,Clutter\Stockade\StockadeWallWalkway01.nif
StockadeScaffoldRamp01Light_SN,0002A2A0,Clutter\Stockade\StockadeScaffoldRamp01.nif
StockadeBuildingCorner01Light_SN,0002A2A8,Clutter\Stockade\StockadeBuildingCorner01.nif
StockadeBuildingStraight01Light_SN,0002A2A9,Clutter\Stockade\StockadeBuildingStraight01.nif
StockadeBuildingEnd01Light_SN,0002A2AA,Clutter\Stockade\StockadeBuildingEnd01.nif
StockadeLeanTo01Light_SN,0002A30A,Clutter\Stockade\StockadeLeanTo01.nif
StockadeScaffoldStairs01Light_SN,0002A335,Clutter\Stockade\StockadeScaffoldRamp01Snow.nif
StockadeBridgeExtraExtraLong01Light_SN,0002A336,Clutter\Stockade\StockadeBridgeExtraExtraLong01.nif
StockadeScaffoldBase4Sided01Light_SN,0002A337,Clutter\Stockade\StockadeScaffoldBase4Sided01.nif
StockadeScaffoldBase2Sided02Light_SN,0002A338,Clutter\Stockade\StockadeScaffoldBase2Sided02.nif
StockadeScaffoldTop2Sided02Light_SN,0002A339,Clutter\Stockade\StockadeScaffoldTop2Sided02B.nif
StockadeScaffoldBase3Sided01Light_SN,0002A33A,Clutter\Stockade\StockadeScaffoldBase3Sided01.nif
StockadeScaffoldBase1Sided01Light_SN,0002A33B,Clutter\Stockade\StockadeScaffoldBase1Sided01.nif
StockadeFreewallBeam01Light_SN,0002A33C,Clutter\Stockade\StockadeFreewallBeam01.nif
StockadeScaffoldBase0Sided01Light_SN,0002A33D,Clutter\Stockade\StockadeScaffoldBase0Sided01.nif
StockadeScaffoldBaseSupportW01Light_SN,0002A33E,Clutter\Stockade\StockadeScaffoldBaseSupportW01.nif
StockadeScaffoldBase2Sided01Light_SN,0002A33F,Clutter\Stockade\StockadeScaffoldBase2Sided01.nif
StockadeScaffoldTop3Sided01Light_SN,0002A340,Clutter\Stockade\StockadeScaffoldTop3Sided01B.nif
StockadeScaffoldTop2Sided01Light_SN,0002A341,Clutter\Stockade\StockadeScaffoldTop2Sided01B.nif
StockadeScaffoldTop1Sided01Light_SN,0002A342,Clutter\Stockade\StockadeScaffoldTop1Sided01B.nif
StockadeScaffoldTop4Sided01Light_SN,0002A343,Clutter\Stockade\StockadeScaffoldTop4Sided01B.nif
StockadeScaffoldTop0Sided01Light_SN,0002A344,Clutter\Stockade\StockadeScaffoldTop0Sided01B.nif
StockadeBridgeExtraLong01Light_SN,0002A345,Clutter\Stockade\StockadeBridgeExtraLong01.nif
StockadeFreeWall01Light_SN,0002A346,Clutter\Stockade\StockadeFreeWall01.nif
StockadeFreeWall02Light_SN,0002A347,Clutter\Stockade\StockadeFreeWall02.nif
StockadeFreeWall03Light_SN,0002A348,Clutter\Stockade\StockadeFreeWall03.nif
StockadeFreeWall04Light_SN,0002A349,Clutter\Stockade\StockadeFreeWall04.nif
StockadeScaffoldBase0Sided02Light_SN,0002A34A,Clutter\Stockade\StockadeScaffoldBase0Sided02.nif
StockadeWoodbeam02Light_SN,0002A34B,Clutter\Stockade\StockadeWoodbeam02.nif
StockadeWoodbeam01Light_SN,0002A34C,Clutter\Stockade\StockadeWoodbeam01.nif
StockadeWoodbeam03Light_SN,0002A34D,Clutter\Stockade\StockadeWoodbeam03.nif
StockadeWoodbeamShort01Light_SN,0002A34E,Clutter\Stockade\StockadeWoodbeamShort01.nif
StockadeWoodbeamShort02Light_SN,0002A34F,Clutter\Stockade\StockadeWoodbeamShort02.nif
NorPitWallSideEnclosure01,0002A497,Dungeons\Nordic\Pits\NorPitWallSideEnclosure01.nif
RuinsSconceSnow,0002A572,Clutter\Ruins\RuinSconce01.nif
RuinsLargeCeilingSconceSnow,0002A576,Clutter\Ruins\RuinCeilingSconce01.nif
testRuinsWallSconceSnowy,0002A577,Clutter\Ruins\RuinWallSconce01.nif
NorCatHallBg1way01,0002A5F5,Dungeons\Nordic\Catacombs\BgHalls\NorCatHallBg1way01.nif
NorRmBgWallSideExBg01,0002A5F8,Dungeons\Nordic\BgRooms\NorRmBgWallSideExBg01.nif
NorRmBgWallFrontExBg01,0002A5F9,Dungeons\Nordic\BgRooms\NorRmBgWallFrontExBg01.nif
NorRmSmWallSideExBg01,0002A5FA,Dungeons\Nordic\SmRooms\NorRmSmWallSideExBg01.nif
SOVintTopStr01,0002A616,Architecture\Sovengarde\SovngardeInterior\SOVintTopStr01.nif
SOVintTopStrWin01,0002A627,Architecture\Sovengarde\SovngardeInterior\SOVintTopStrWin01.nif
SOVintStairsWing01,0002A635,Architecture\Sovengarde\SovngardeInterior\SOVintStairsWing01.nif
NorRmSmWallFrontExBg01,0002A642,Dungeons\Nordic\SmRooms\NorRmSmWallFrontExBg01.nif
NorExSmFree01,0002A6E1,Dungeons\Nordic\SmRooms\NorExSmFree01.nif
ImpTowerBase01,0002A6F1,Dungeons\Imperial\Tower\ImpTowerBase01.nif
StockadeWallCornerOut01Light_SN,0002A744,Clutter\Stockade\StockadeWallCornerOut01.nif
Farmhouse05,0002A745,Architecture\Farmhouse\Farmhouse05.nif
Farmhouse06,0002A747,Architecture\Farmhouse\Farmhouse06.nif
ImpTowerInWall01,0002A75D,Dungeons\Imperial\Tower\ImpTowerInWall01.nif
ImpTowerOutWall01,0002A770,Dungeons\Imperial\Tower\ImpTowerOutWall01.nif
ImpTowerRingWall01,0002A77C,Dungeons\Imperial\Tower\ImpTowerRingWall01.nif
ImpTowerInDoor01,0002ABAA,Dungeons\Imperial\Tower\ImpTowerInDoor01.nif
NorPitCorInREnclosure01,0002ABE5,Dungeons\Nordic\Pits\NorPitCorInREnclosure01.nif
NorPitCorInLEnclosure01,0002ABE6,Dungeons\Nordic\Pits\NorPitCorInLEnclosure01.nif
NorPitWallFrontEnclosure02,0002ABE7,Dungeons\Nordic\Pits\NorPitWallFrontEnclosure02.nif
NorPitWallFrontEnclosure01,0002ABE8,Dungeons\Nordic\Pits\NorPitWallFrontEnclosure01.nif
NorPitWallSideEnclosure02,0002ABE9,Dungeons\Nordic\Pits\NorPitWallSideEnclosure02.nif
NorPitWallFrontToRmBgSideREnc01,0002ABF5,Dungeons\Nordic\Pits\NorPitWallFrontToRmBgSideREnc01.nif
NorPitWallSideToRmBgFrontREnc01,0002ABF6,Dungeons\Nordic\Pits\NorPitWallSideToRmBgFrontREnc01.nif
NorPitWallSideToRmBgFrontLEnc01,0002ABF7,Dungeons\Nordic\Pits\NorPitWallSideToRmBgFrontLEnc01.nif
NorPitWallFrontToRmBgSideLEnc01,0002ABF8,Dungeons\Nordic\Pits\NorPitWallFrontToRmBgSideLEnc01.nif
NorRmBgWallFrontExSmCenter01,0002ABFC,Dungeons\Nordic\BgRooms\NorRmBgWallFrontExSmCenter01.nif
NorRmBgWallSideExSmCenter01,0002ABFD,Dungeons\Nordic\BgRooms\NorRmBgWallSideExSmCenter01.nif
ImpTowerInEmpty,0002AC59,Dungeons\Imperial\Tower\ImpTowerInEmpty.nif
ImpTowerRingDoor01,0002AC5A,Dungeons\Imperial\Tower\ImpTowerRingDoor01.nif
ImpTowerOutDoor02,0002AC5E,Dungeons\Imperial\Tower\ImpTowerOutDoor02.nif
ImpTowerOutDoor01,0002AC5F,Dungeons\Imperial\Tower\ImpTowerOutDoor01.nif
WRBreezehome01,0002AC8B,Architecture\WhiteRun\WRBuildings\WRBreezehome01.nif
ImpTowerOutStairs01,0002AC99,Dungeons\Imperial\Tower\ImpTowerOutStairs01.nif
CaveGHall1Way128U01Falmer,0002ADC2,Dungeons\Caves\Green\SmallHall\CaveGHall1Way128U01.nif
CaveGLRoomMid01cFalmer,0002ADC4,Dungeons\Caves\Green\LargeRoom\CaveGLRoomMid01c.nif
CaveGHall1Way128D01Falmer,0002ADC5,Dungeons\Caves\Green\SmallHall\CaveGHall1Way128D01.nif
CaveIHall2Way02,0002ADD8,Dungeons\Caves\Ice\SmallHall\CaveIHall2Way02.nif
NorRmShaftBeam01,0002B86C,Dungeons\Nordic\Shafts\NorRmShaftBeam01.nif
NorRmShaftBot01,0002B86D,Dungeons\Nordic\Shafts\NorRmShaftBot01.nif
NorRmShaftMid01,0002B86E,Dungeons\Nordic\Shafts\NorRmShaftMid01.nif
NorRmShaftTop01,0002B86F,Dungeons\Nordic\Shafts\NorRmShaftTop01.nif
NorRmSmMidFloorOnly01,0002B899,Dungeons\Nordic\SmRooms\NorRmSmMidFloorOnly01.nif
RockCliff07,0002B900,Landscape\Rocks\RockCliff07.nif
RockCliff06,0002B903,Landscape\Rocks\RockCliff06.nif
RockCliff05,0002BAB8,Landscape\Rocks\RockCliff05.nif
RockCliff02Rocks01,0002BABB,Landscape\Rocks\RockCliff02.nif
ImpExtTower01Dark,0002BC0F,Dungeons\Imperial\Exterior\ImpExtTower01Dark.nif
ImpExtWindow01Dark,0002BC10,Dungeons\Imperial\Exterior\ImpExtWindow01Dark.nif
ImpWindow01Dark,0002BC11,Dungeons\Imperial\ClutterKits\ImpWindow01Dark.nif
ImpWindow02,0002BC12,Dungeons\Imperial\ClutterKits\ImpWindow02.nif
WoodenChair01Static,0002BCD3,Furniture\WoodenChair01.nif
WoodenBarStool01Static,0002BCD5,Furniture\WoodenBarStool.nif
CaveILHall1Way01,0002BD15,Dungeons\Caves\Ice\LargeHall\CaveILHall1Way01.nif
RockL02Ice,0002BD1C,Landscape\Rocks\RockL02.nif
RockPileS01Ice,0002BD20,Landscape\Rocks\RockPileS01.nif
RockM01Ice,0002BD22,Landscape\Rocks\RockM01.nif
RockL03Ice,0002BD24,Landscape\Rocks\RockL03.nif
ShipAnchorWheel01,0002BD8F,Dungeons\Ship\QuestItems\ShipAnchorWheel01.nif
ShipAnchorWoodhole01,0002BD90,Dungeons\Ship\QuestItems\ShipAnchorWoodhole01.nif
ShipAnchorChain01,0002BD92,Dungeons\Ship\QuestItems\ShipAnchorChain01.nif
NorBridgeMidStair01,0002BE3D,Dungeons\Nordic\Bridges\NorBridgeMidStair01.nif
NorBridgeMidStair02,0002BE40,Dungeons\Nordic\Bridges\NorBridgeMidStair02.nif
NorTmpExtPlatExSmFree01,0002BE41,Dungeons\Nordic\Exterior\NorTmpExtPlatExSmFree01.nif
NorHallBg1wayToRmSmFront01,0002BE44,Dungeons\Nordic\BgHalls\NorHallBg1wayToRmSmFront01.nif
NorHallBg1wayToRmSmSide01,0002BE45,Dungeons\Nordic\BgHalls\NorHallBg1wayToRmSmSide01.nif
ImpExtIceTower01Dark_NoIce,0002BEB6,Dungeons\Imperial\ExteriorIce\ImpExtIceTower01Dark.nif
ImpExtIceWindow01Dark,0002BEB7,Dungeons\Imperial\ExteriorIce\ImpExtIceWindow01.nif
ImpTowerOutFloor01,0002BEC4,Dungeons\Imperial\Tower\ImpTowerOutFloor01.nif
ImpTowerOutStairs02,0002BED6,Dungeons\Imperial\Tower\ImpTowerOutStairs02.nif
dunVolskyggePuzzlePieceSTATIC,0002BFB7,Clutter\SoulGem\SoulGemCommon01.nif
RuinsSmallPillar,0002C1B6,Traps\MagicCaster\TrapMagicCasterBase02.nif
CaveIFHall1Way01,0002C276,Dungeons\Caves\Ice\LargeHall\CaveIFHall1Way01.nif
RockL01Ice,0002C285,Landscape\Rocks\RockL01.nif
CaveIRockL05,0002C28F,Dungeons\Caves\Ice\Rocks\CaveIRockL05.nif
CaveIRockM01,0002C290,Dungeons\Caves\Ice\Rocks\CaveIRockM01.nif
CaveIRockM02,0002C291,Dungeons\Caves\Ice\Rocks\CaveIRockM02.nif
CaveIRockM03,0002C292,Dungeons\Caves\Ice\Rocks\CaveIRockM03.nif
CaveIRockM04,0002C293,Dungeons\Caves\Ice\Rocks\CaveIRockM04.nif
CaveIRockPileS01,0002C294,Dungeons\Caves\Ice\Rocks\CaveIRockPileS01.nif
CaveIRockPileS02,0002C295,Dungeons\Caves\Ice\Rocks\CaveIRockPileS02.nif
CaveIRockS01,0002C296,Dungeons\Caves\Ice\Rocks\CaveIRockS01.nif
CaveIRockS02,0002C297,Dungeons\Caves\Ice\Rocks\CaveIRockS02.nif
CaveIRockS03,0002C298,Dungeons\Caves\Ice\Rocks\CaveIRockS03.nif
CaveIRockL01,0002C299,Dungeons\Caves\Ice\Rocks\CaveIRockL01.nif
CaveIRockL02,0002C29A,Dungeons\Caves\Ice\Rocks\CaveIRockL02.nif
CaveIRockL03,0002C29B,Dungeons\Caves\Ice\Rocks\CaveIRockL03.nif
CaveIRockL04,0002C29C,Dungeons\Caves\Ice\Rocks\CaveIRockL04.nif
CaveIPillar04,0002C29F,Dungeons\Caves\Ice\Pillars\CaveIPillar04.nif
CaveIPillar05,0002C2A0,Dungeons\Caves\Ice\Pillars\CaveIPillar05.nif
CaveIPillar06,0002C2A1,Dungeons\Caves\Ice\Pillars\CaveIPillar06.nif
CaveIPillar01,0002C2A2,Dungeons\Caves\Ice\Pillars\CaveIPillar01.nif
CaveIPillar02,0002C2A3,Dungeons\Caves\Ice\Pillars\CaveIPillar02.nif
CaveIPillar03,0002C2A4,Dungeons\Caves\Ice\Pillars\CaveIPillar03.nif
CaveIShelf01,0002C2AB,Dungeons\Caves\Ice\Clutter\CaveIShelf01.nif
CaveIIcicle01,0002C2AC,Dungeons\Caves\Ice\Clutter\CaveIIcicle01.nif
CaveIIcicle02,0002C2AD,Dungeons\Caves\Ice\Clutter\CaveIIcicle02.nif
RTPawnedPrawn01,0002C5B6,Architecture\Riften\RTPawnedPrawn01.nif
NorHOSMuralDragon01,0002C5D1,Dungeons\Nordic\Clutter\NorHOSMuralDragon01.nif
1stPersonDraugrSword,0002C66E,Weapons\Draugr\1stPersonDraugrSword.nif
1stPersonDraugrHandAxe,0002C671,Weapons\Draugr\1stPersonDraugrHandAxe.nif
RoadChunkM01,0002C698,Landscape\Roads\RoadChunkM01.nif
RoadChunkM02,0002C69B,Landscape\Roads\RoadChunkM02.nif
RockPileL01FrozenMarshGrass01,0002C75D,Landscape\Rocks\RockPileL01.nif
RockPileM02FrozenMarshGrass01,0002C76F,Landscape\Rocks\RockPileM02.nif
CaveILRoomWall01,0002C84E,Dungeons\Caves\Ice\LargeRoom\CaveILRoomWall01.nif
RockCliff06Ice,0002C84F,Landscape\Rocks\RockCliff06.nif
CaveILRoomMid01,0002C850,Dungeons\Caves\Ice\LargeRoom\CaveILRoomMid01.nif
CaveILRoomWall04,0002C851,Dungeons\Caves\Ice\LargeRoom\CaveILRoomWall04.nif
CaveILRoomWall03,0002C852,Dungeons\Caves\Ice\LargeRoom\CaveILRoomWall03.nif
CaveILRoomWall02,0002C853,Dungeons\Caves\Ice\LargeRoom\CaveILRoomWall02.nif
RockCliff04Ice,0002C854,Landscape\Rocks\RockCliff04.nif
RockCliff02Ice,0002C855,Landscape\Rocks\RockCliff02.nif
RockCliff01Ice,0002C856,Landscape\Rocks\RockCliff01.nif
WRHouseBanneredMare01,0002CC5F,Architecture\WhiteRun\WRBuildings\WRHouseBanneredMare01.nif
NorTmpHallBgColumn01,0002CD96,Dungeons\Nordic\Temple\BgHalls\NorTmpHallBgColumn01.nif
NorTmpHallBgColumn02,0002CD97,Dungeons\Nordic\Temple\BgHalls\NorTmpHallBgColumn02.nif
NorTmpHallBg1wayToHallBg01,0002CD98,Dungeons\Nordic\Temple\BgHalls\NorTmpHallBg1wayToHallBg01.nif
NorTmpHallBg1wayCover01,0002CD99,Dungeons\Nordic\Temple\BgHalls\NorTmpHallBg1wayCover01.nif
NorTmpHallBg1wayWall01,0002CD9A,Dungeons\Nordic\Temple\BgHalls\NorTmpHallBg1wayWall01.nif
WRBlackSmithBase,0002CEE7,Architecture\WhiteRun\WRTerrain\WRBlackSmithBase.nif
DweFacadeTowerArchXtnd128,0002D0CA,Dungeons\Dwemer\Facades\DweFacadeTowerArchXtnd128.nif
DweRmLgCorOutXtndL01,0002D15E,Dungeons\Dwemer\LgRooms\DweRmLgCorOutXtndL01.nif
DweRmLgCorOutXtndR01,0002D15F,Dungeons\Dwemer\LgRooms\DweRmLgCorOutXtndR01.nif
DweRmLgMidTopXtnd01,0002D1AD,Dungeons\Dwemer\LgRooms\DweRmLgMidTopXtnd01.nif
CaveIHallDetwist02,0002D4CE,Dungeons\Caves\Ice\SmallHall\CaveIHallDetwist02.nif
CaveIHall3Way01,0002D4CF,Dungeons\Caves\Ice\SmallHall\CaveIHall3Way01.nif
CaveIHall3Way02,0002D4D0,Dungeons\Caves\Ice\SmallHall\CaveIHall3Way02.nif
CaveIHall4Way01,0002D4D1,Dungeons\Caves\Ice\SmallHall\CaveIHall4Way01.nif
CaveIHallDetwist01,0002D4D2,Dungeons\Caves\Ice\SmallHall\CaveIHallDetwist01.nif
FarmInn01,0002D762,Architecture\Farmhouse\Inn01.nif
CandleLanternwithCandle01,0002D847,Clutter\Common\CandleLanternwithCandle01.nif
CaveIHall1Way128D01,0002DD37,Dungeons\Caves\Ice\SmallHall\CaveIHall1Way128D01.nif
CaveIHall1Way128L01,0002DD38,Dungeons\Caves\Ice\SmallHall\CaveIHall1Way128L01.nif
CaveIHall1Way128R01,0002DD39,Dungeons\Caves\Ice\SmallHall\CaveIHall1Way128R01.nif
CaveIHall1Way128U01,0002DD3A,Dungeons\Caves\Ice\SmallHall\CaveIHall1Way128U01.nif
CaveIHallRamp01,0002DD3B,Dungeons\Caves\Ice\SmallHall\CaveIHallRamp01.nif
CaveIHallRamp02,0002DD3C,Dungeons\Caves\Ice\SmallHall\CaveIHallRamp02.nif
CaveIHall1Way64D01,0002DD3D,Dungeons\Caves\Ice\SmallHall\CaveIHall1Way64D01.nif
CaveIHall1Way64L01,0002DD3E,Dungeons\Caves\Ice\SmallHall\CaveIHall1Way64L01.nif
CaveIHall1Way64R01,0002DD3F,Dungeons\Caves\Ice\SmallHall\CaveIHall1Way64R01.nif
CaveIHall1Way64U01,0002DD40,Dungeons\Caves\Ice\SmallHall\CaveIHall1Way64U01.nif
DA09CrystalHolder,0002DDDE,Clutter\DawnbreakerPedestal\Crystalholder.nif
DA09CrystalPedestal,0002DDDF,Clutter\DawnbreakerPedestal\CrystalPedestal.nif
FrozenCorpse04,0002DE21,Clutter\BurntCorpses\corpse04.nif
CaveIHall1Way128Short01,0002DE82,Dungeons\Caves\Ice\SmallHall\CaveIHall1Way128Short01.nif
CaveIHall1Way64Short01,0002DE83,Dungeons\Caves\Ice\SmallHall\CaveIHall1Way64Short01.nif
WRTreeCircle01,0002E1D6,Architecture\WhiteRun\WRTerrain\WRTreeCircle01.nif
testNorRmShaftMidExSm01icy,0002E21C,Dungeons\Nordic\Shafts\NorRmShaftMidExSm01.nif
testNorRmShaftMid01icy,0002E21D,Dungeons\Nordic\Shafts\NorRmShaftMid01.nif
SBluePalace,0002E4D0,Architecture\Solitude\SBluePalace.nif
NorChamberCustom01,0002E6C4,Dungeons\Nordic\Chambers\NorChamberCustom01.nif
CommonShelf01,0002E6CD,Clutter\Common\CommonShelf01.nif
CaveILRoomCorner01,0002E791,Dungeons\Caves\Ice\LargeRoom\CaveILRoomCorner01.nif
CaveILRoomCorner02,0002E793,Dungeons\Caves\Ice\LargeRoom\CaveILRoomCorner02.nif
CaveILRoomCorner04,0002E795,Dungeons\Caves\Ice\LargeRoom\CaveILRoomCorner04.nif
CaveILRoomCorner03,0002E796,Dungeons\Caves\Ice\LargeRoom\CaveILRoomCorner03.nif
NorChamberCustom02,0002E81C,Dungeons\Nordic\Chambers\NorChamberCustom02.nif
NorChamberRitual01,0002E81D,Dungeons\Nordic\Chambers\NorChamberRitual01.nif
NorRmShaftMidExSm04,0002E848,Dungeons\Nordic\Shafts\NorRmShaftMidExSm04.nif
NorRmShaftMidExSm03,0002E849,Dungeons\Nordic\Shafts\NorRmShaftMidExSm03.nif
NorRmShaftMidExSm02a,0002E84A,Dungeons\Nordic\Shafts\NorRmShaftMidExSm02a.nif
NorRmShaftMidExSm02,0002E84B,Dungeons\Nordic\Shafts\NorRmShaftMidExSm02.nif
NorTmpHallBg1wayShadowCap01,0002EA29,Dungeons\Nordic\Temple\BgHalls\NorTmpHallBg1wayShadowCap01.nif
NorTmpHallBg1wayShadowCap02,0002EA2A,Dungeons\Nordic\Temple\BgHalls\NorTmpHallBg1wayShadowCap02.nif
NorTmpHallBg1wayShadowCapEx01,0002EA2D,Dungeons\Nordic\Temple\BgHalls\NorTmpHallBg1wayShadowCapEx01.nif
FXGlowFillRoundDim,0002EB0D,Effects\Ambient\FXGlowFillRndLitDim.nif
FXGlowFillRoundMid,0002EB0E,Effects\Ambient\FXGlowFillRndLitMid.nif
FXGlowFillRoundXBrt,0002EB0F,Effects\Ambient\FXGlowFillRndLitXBrt.nif
FXGlowFillRoundXDim,0002EB10,Effects\Ambient\FXGlowFillRndLitXDim.nif
FXGlowFillRoundBrt,0002EB11,Effects\Ambient\FXGlowFillRndLitBrt.nif
CommonTableRound01,0002EC1F,Clutter\Common\CommonTableRound01.nif
RockCaveEntrance01Rocks01Snow,0002ED73,Landscape\Rocks\RockCaveEntrance01.nif
RockCliff04SnowLight,0002ED74,Landscape\Rocks\RockCliff04.nif
RockCliff01Rocks01SnowLight,0002ED76,Landscape\Rocks\RockCliff01.nif
RockCliff08_HeavySN,0002ED7A,Landscape\Rocks\RockCliff08.nif
RockPileL04DirtSnowPath,0002ED93,Landscape\Rocks\RockPileL04.nif
RockPileL03Rocks01,0002EDA0,Landscape\Rocks\RockPileL03.nif
RockCliff02Rocks01SnowCustom02,0002EE86,Landscape\Rocks\RockCliff02.nif
RockCliff05Rocks01SnowCustom01,0002EE88,Landscape\Rocks\RockCliff05.nif
RockL02SnowCustom02,0002EE90,Landscape\Rocks\RockL02.nif
RockL02SnowCustom01,0002EE91,Landscape\Rocks\RockL02.nif
RockL04SnowCustom01,0002EE93,Landscape\Rocks\RockL04.nif
RockCaveEntrance01SnowCustom03,0002EE94,Landscape\Rocks\RockCaveEntrance01.nif
NorTmpHallBg1wayWall02Ice,0002EEF6,Dungeons\Nordic\Temple\BgHalls\NorTmpHallBg1wayWall02.nif
NorTmpHallBg1wayEntrance01Ice,0002EEF7,Dungeons\Nordic\Temple\BgHalls\NorTmpHallBg1wayEntrance01.nif
NorRmSmFloorRaised01Ice,0002EEF8,Dungeons\Nordic\SmRooms\NorRmSmFloorRaised01.nif
NorRmSmFloorRaised02Ice,0002EEF9,Dungeons\Nordic\SmRooms\NorRmSmFloorRaised02.nif
Bridge01RiverBottom01,0002F144,Landscape\Bridges\Bridge01.nif
NorTowerRuins01Snow,0002F1B4,Dungeons\Nordic\Exterior\Towers\NorTowerRuins01.nif
NorTowerRuinsIntTopFloor01Snow,0002F1B5,Dungeons\Nordic\Exterior\Towers\NorTowerRuinsIntTopFloor01.nif
NorTowerRuinsRamp01Snow,0002F1B6,Dungeons\Nordic\Exterior\Towers\NorTowerRuinsRamp01.nif
NorTowerRuinsIntTopFloorStairs01Snow,0002F1B7,Dungeons\Nordic\Exterior\Towers\NorTowerRuinsIntTopFloorStairs01.nif
NorTowerRuinsIntTopFloorStairs02Snow,0002F1B8,Dungeons\Nordic\Exterior\Towers\NorTowerRuinsIntTopFloorStairs02.nif
CommonTableSquare01,0002F239,Clutter\Common\CommonTableSquare01.nif
1stPersonAxe,0002F2F5,Clutter\Chopping Block\Axe01.nif
RockCliff08RiverBedEdge01,0002F321,Landscape\Rocks\RockCliff08.nif
WRIntCastleWallDoubleHighStr02,0002F324,Architecture\WhiteRun\WRInteriors\WRCastle\WRIntCastleWallDoubleHighStr02.nif
WRIntCastlePlatStairsR01,0002F32A,Architecture\WhiteRun\WRInteriors\WRCastle\WRIntCastlePlatStairsR01.nif
WRIntCastleWallDoubleHighExStr01,0002F32C,Architecture\WhiteRun\WRInteriors\WRCastle\WRIntCastleWallDoubleHighExStr01.nif
WRIntCastleWallDoubleHighExDoorTrans01,0002F335,Architecture\WhiteRun\WRInteriors\WRCastle\WRIntCastleWallDoubleHighExDoorTrans01.nif
WRIntCastleWallDoubleHighExStr02,0002F342,Architecture\WhiteRun\WRInteriors\WRCastle\WRIntCastleWallDoubleHighExStr02.nif
WRIntCastleWallDoubleHighCor01,0002F344,Architecture\WhiteRun\WRInteriors\WRCastle\WRIntCastleWallDoubleHighCor01.nif
WRIntCastleWallDoubleHighDoorTransHall,0002F34E,Architecture\WhiteRun\WRInteriors\WRCastle\WRIntCastleWallDoubleHighDoorTransHall.nif
WRIntCastleWallDoubleHighCorIn01,0002F354,Architecture\WhiteRun\WRInteriors\WRCastle\WRIntCastleWallDoubleHighCorIn01.nif
WRIntCastleWallDoubleHighExCorIn01,0002F359,Architecture\WhiteRun\WRInteriors\WRCastle\WRIntCastleWallDoubleHighExCorIn01.nif
WRIntCastleFloorCapCor01,0002F577,Architecture\WhiteRun\WRInteriors\WRCastle\WRIntCastleFloorCapCor01.nif
WRIntCastleFloorCapStr01,0002F578,Architecture\WhiteRun\WRInteriors\WRCastle\WRIntCastleFloorCapStr01.nif
RockCliff07Rocks01_LightSN,0002F57E,Landscape\Rocks\RockCliff07.nif
ChoppingBlock01,0002F590,Clutter\Chopping Block\ChoppingBlock01.nif
FXcobwebWall01,0002F59A,Effects\FXcobwebWall01.nif
FXcobwebCorner01,0002F5A0,Effects\FXcobwebCorner01.nif
FXcobwebCorner02,0002F5A6,Effects\FXcobwebCorner02.nif
FXcobwebDoorOpen,0002F5A8,Effects\FXcobwebDoorOpen.nif
RockCliff02RiverbedEdge01,0002F9DB,Landscape\Rocks\RockCliff02.nif
CaveGLRoomWall01cIce,0002FB08,Dungeons\Caves\Green\LargeRoom\CaveGLRoomWall01c.nif
ShipLongBoatWreck01,0002FB21,Dungeons\Ship\ShipLongBoatWreck01.nif
ShipLongBoatWreck02,0002FB22,Dungeons\Ship\ShipLongBoatWreck02.nif
ShipLongBoatWreck03,0002FB27,Dungeons\Ship\ShipLongBoatWreck03.nif
ShackBrokeWall01,0002FB29,Architecture\ShackKit\ShackBrokeWall01.nif
ShackBrokeWall02,0002FB2A,Architecture\ShackKit\ShackBrokeWall02.nif
ShackBrokeWall03,0002FB2B,Architecture\ShackKit\ShackBrokeWall03.nif
ShackBrokeWall04,0002FB5E,Architecture\ShackKit\ShackBrokeWall04.nif
ShackBrokeWall05,0002FB5F,Architecture\ShackKit\ShackBrokeWall05.nif
ShackBrokeWall06,0002FB60,Architecture\ShackKit\ShackBrokeWall06.nif
ShackBrokePole01,0002FB62,Architecture\ShackKit\ShackBrokePole01.nif
ShackBrokePole02,0002FB63,Architecture\ShackKit\ShackBrokePole02.nif
ShackBrokePole03,0002FB64,Architecture\ShackKit\ShackBrokePole03.nif
1stPersonVolendrung,0002FB86,Weapons\Volendrung\1stPersonVolendrung.nif
HighPolyAlterationBook,0002FBB3,Clutter\Books\Book02\Character Assets\SpellTomeAlteration.nif
HighPolyIllusionBook,0002FBB4,Clutter\Books\Book02\Character Assets\SpellTomeIllusion.nif
HighPolyDestructionBook,0002FBB5,Clutter\Books\Book02\Character Assets\SpellTomeDestruction.nif
HighPolyConjurationBook,0002FBB6,Clutter\Books\Book02\Character Assets\SpellTomeConjuration.nif
HighPolyRestorationBook,0002FBB7,Clutter\Books\Book02\Character Assets\SpellTomeRestoration.nif
MrkArnleifTrading01,0002FBC4,Architecture\Markarth\MrkArnleifTrading01.nif
SLgFTraCon06,0002FCDC,Architecture\Solitude\Interiors\SLgFTraCon06.nif
HHFurnitureTableRound01,0002FD4D,Furniture\HighHrothgar\HHFurnitureTableRound01.nif
WRIntCastleCeilingStoneCustomL,0002FD62,Architecture\WhiteRun\WRInteriors\WRCastle\WRIntCastleCeilingStoneCustomL.nif
WRIntCastleCeilingStoneOpen01,0002FD66,Architecture\WhiteRun\WRInteriors\WRCastle\WRIntCastleCeilingStoneOpen01.nif
WRIntCastleCeilingStoneOpen01cap,0002FD67,Architecture\WhiteRun\WRInteriors\WRCastle\WRIntCastleCeilingStoneOpen01cap.nif
HHFurnitureTable01,0002FD72,Furniture\HighHrothgar\HHFurnitureTable01.nif
WRIntCastleWallDoubleHighCustom01,0002FD7E,Architecture\WhiteRun\WRInteriors\WRCastle\WRIntCastleWallDoubleHighCustom01.nif
HHBigPlanter01,0002FD82,Furniture\HighHrothgar\HHBigPlanter01.nif
WRIntCastleCeilingStoneCustomR,0002FDA0,Architecture\WhiteRun\WRInteriors\WRCastle\WRIntCastleCeilingStoneCustomR.nif
HHFirePit01,0002FDB2,Furniture\HighHrothgar\HHFirePit01.nif
WRIntCastleCeilingStoneCustomMid,0002FDBD,Architecture\WhiteRun\WRInteriors\WRCastle\WRIntCastleCeilingStoneCustomMid.nif
WRIntCastleStairs01,0002FDC3,Architecture\WhiteRun\WRInteriors\WRCastle\WRIntCastleStairs01.nif
WRIntCastleStairs02,0002FE00,Architecture\WhiteRun\WRInteriors\WRCastle\WRIntCastleStairs02.nif
WRIntCastleCeilingStoneOpen256,0002FE1E,Architecture\WhiteRun\WRInteriors\WRCastle\WRIntCastleCeilingStoneOpen256.nif
WRIntCastleCeilingStoneOpen256Cap,0002FE2F,Architecture\WhiteRun\WRInteriors\WRCastle\WRIntCastleCeilingStoneOpen256Cap.nif
WRIntCastleCeilingStoneStr01,0002FF19,Architecture\WhiteRun\WRInteriors\WRCastle\WRIntCastleCeilingStoneStr01.nif
WRIntCastleLoftStr01,0002FF25,Architecture\WhiteRun\WRInteriors\WRCastle\WRIntCastleLoftStr01.nif
RockCliff01RiverbedEdge01,0002FF5B,Landscape\Rocks\RockCliff01.nif
WRIntCastleRoofSupportBeam03,0002FFCB,Architecture\WhiteRun\WRInteriors\WRCastle\WRIntCastleRoofSupportBeam03.nif
WRIntCastleRoofSupportBeam04,0002FFD5,Architecture\WhiteRun\WRInteriors\WRCastle\WRIntCastleRoofSupportBeam04.nif
WRIntCastleRoofBaseStrCapL,0002FFDA,Architecture\WhiteRun\WRInteriors\WRCastle\WRIntCastleRoofBaseStrCapL.nif
WRIntCastleRoofBaseStrCapMid,0002FFDB,Architecture\WhiteRun\WRInteriors\WRCastle\WRIntCastleRoofBaseStrCapMid.nif
WRIntCastleRoofBaseStrCapMidHalf,0002FFDC,Architecture\WhiteRun\WRInteriors\WRCastle\WRIntCastleRoofBaseStrCapMidHalf.nif
WRIntCastleRoofBaseStrCapR,0002FFDE,Architecture\WhiteRun\WRInteriors\WRCastle\WRIntCastleRoofBaseStrCapR.nif
WRIntCastleRoofTopStr01EndCap,0002FFE2,Architecture\WhiteRun\WRInteriors\WRCastle\WRIntCastleRoofTopStr01EndCap.nif
WRIntCastleRoofSupportBeamHigh01,0002FFE4,Architecture\WhiteRun\WRInteriors\WRCastle\WRIntCastleRoofSupportBeamHigh01.nif
WRIntCastleRoofSupportBeamLoft01,0002FFE9,Architecture\WhiteRun\WRInteriors\WRCastle\WRIntCastleRoofSupportBeamLoft01.nif
WRIntCastleRoofFlatStr01,0002FFF2,Architecture\WhiteRun\WRInteriors\WRCastle\WRIntCastleRoofFlatStr01.nif
ShipwreckLarge01,0002FFFB,Dungeons\Ship\ShipwreckLarge01.nif
ShipwreckLarge02,00030000,Dungeons\Ship\ShipwreckLarge02.nif
WRIntCastleWallStrTrans512,00030037,Architecture\WhiteRun\WRInteriors\WRCastle\WRIntCastleWallStrTrans512.nif
RockCliff01MossTEMP,00030051,Landscape\Rocks\RockCliff01.nif
RockCliff04MossTEMP,00030055,Landscape\Rocks\RockCliff04.nif
RockL05MossTEMP,00030056,Landscape\Rocks\RockL05.nif
CaveILRoomDoor01,000300A8,Dungeons\Caves\Ice\LargeRoom\CaveILRoomDoor01.nif
WRIntCastleWallStrTrans512R,000300AA,Architecture\WhiteRun\WRInteriors\WRCastle\WRIntCastleWallStrTrans512R.nif
CaveILRoomDoorB01,000300AE,Dungeons\Caves\Ice\LargeRoom\CaveILRoomDoorB01.nif
CaveILRoomDoorB02,000300AF,Dungeons\Caves\Ice\LargeRoom\CaveILRoomDoorB02.nif
CaveILRoomDoorB03,000300B0,Dungeons\Caves\Ice\LargeRoom\CaveILRoomDoorB03.nif
CaveILRoomDoorB04,000300B1,Dungeons\Caves\Ice\LargeRoom\CaveILRoomDoorB04.nif
CaveILRoomDoor02,000300B2,Dungeons\Caves\Ice\LargeRoom\CaveILRoomDoor02.nif
CaveILRoomDoor03,000300B3,Dungeons\Caves\Ice\LargeRoom\CaveILRoomDoor03.nif
CaveILRoomDoor04,000300B4,Dungeons\Caves\Ice\LargeRoom\CaveILRoomDoor04.nif
CaveILRoomDoorLB03,000300BE,Dungeons\Caves\Ice\LargeRoom\CaveILRoomDoorLB03.nif
CaveILRoomDoorLB04,000300BF,Dungeons\Caves\Ice\LargeRoom\CaveILRoomDoorLB04.nif
CaveILRoomICorner01,000300C0,Dungeons\Caves\Ice\LargeRoom\CaveILRoomICorner01.nif
CaveILRoomICorner02,000300C1,Dungeons\Caves\Ice\LargeRoom\CaveILRoomICorner02.nif
CaveILRoomICorner03,000300C2,Dungeons\Caves\Ice\LargeRoom\CaveILRoomICorner03.nif
CaveILRoomICorner04,000300C3,Dungeons\Caves\Ice\LargeRoom\CaveILRoomICorner04.nif
CaveILRoomDoorL01,000300C4,Dungeons\Caves\Ice\LargeRoom\CaveILRoomDoorL01.nif
CaveILRoomDoorL02,000300C5,Dungeons\Caves\Ice\LargeRoom\CaveILRoomDoorL02.nif
CaveILRoomDoorL03,000300C6,Dungeons\Caves\Ice\LargeRoom\CaveILRoomDoorL03.nif
CaveILRoomDoorL04,000300C7,Dungeons\Caves\Ice\LargeRoom\CaveILRoomDoorL04.nif
CaveILRoomDoorLB01,000300C8,Dungeons\Caves\Ice\LargeRoom\CaveILRoomDoorLB01.nif
CaveILRoomDoorLB02,000300C9,Dungeons\Caves\Ice\LargeRoom\CaveILRoomDoorLB02.nif
NorRubblePile05,0003011F,Dungeons\Nordic\Rubble\NorRubblePile05.nif
NorRubblePile04,00030120,Dungeons\Nordic\Rubble\NorRubblePile04.nif
NorRubblePile03,00030121,Dungeons\Nordic\Rubble\NorRubblePile03.nif
NorRubblePile02,00030122,Dungeons\Nordic\Rubble\NorRubblePile02.nif
NorRubblePile01,00030123,Dungeons\Nordic\Rubble\NorRubblePile01.nif
RiftenRWThievesGuild03,000301D6,Dungeons\Riften\ThievesGuild\RiftenRWThievesGuild03.nif
RiftenRWThievesGuild02,000301D7,Dungeons\Riften\ThievesGuild\RiftenRWThievesGuild02.nif
MountainTrim01_LightSN,00030204,Landscape\Mountains\MountainTrim01.nif
WRIntCastleWallBaseCorIn01,00030272,Architecture\WhiteRun\WRInteriors\WRCastle\WRIntCastleWallBaseCorIn01.nif
WRIntCastleFloorCapCor02,00030273,Architecture\WhiteRun\WRInteriors\WRCastle\WRIntCastleFloorCapCor02.nif
NorBridgeWoodPlanks02,000302C7,Dungeons\Nordic\Bridges\NorBridgeWoodPlanks02.nif
NorBridgeWoodPlanks01,000302C8,Dungeons\Nordic\Bridges\NorBridgeWoodPlanks01.nif
1stPersonDraugrBow,000302C9,Weapons\Draugr\DraugrBowSkinned.nif
WRIntCastleFloorCapStr02,00030320,Architecture\WhiteRun\WRInteriors\WRCastle\WRIntCastleFloorCapStr02.nif
WRIntCastleFloorCapCor03,0003032F,Architecture\WhiteRun\WRInteriors\WRCastle\WRIntCastleFloorCapCor03.nif
CW1SpawnAttacker,00030404,Markers\CivilWarMarkers\CWAttSpawn01.nif
CW2SpawnAttacker,00030405,Markers\CivilWarMarkers\CWAttSpawn02.nif
CW3SpawnAttacker,00030406,Markers\CivilWarMarkers\CWAttSpawn03.nif
CW4SpawnAttacker,00030407,Markers\CivilWarMarkers\CWAttSpawn04.nif
CW5SpawnAttacker,00030408,Markers\CivilWarMarkers\CWAttSpawn05.nif
CW1SpawnDefender,00030409,Markers\CivilWarMarkers\CWDefSpawn01.nif
CW1MeleeCloseAttacker,0003040C,Markers\CivilWarMarkers\CWAttMelee01A.nif
CW1MeleeWideAttacker,0003040E,Markers\CivilWarMarkers\CWAttMelee01B.nif
CW2MeleeCloseAttacker,0003040F,Markers\CivilWarMarkers\CWAttMelee02A.nif
CW2MeleeWideAttacker,00030413,Markers\CivilWarMarkers\CWAttMelee02B.nif
CW3MeleeCloseAttacker,00030414,Markers\CivilWarMarkers\CWAttMelee03A.nif
CW3MeleeWideAttacker,00030415,Markers\CivilWarMarkers\CWAttMelee03B.nif
CW4MeleeCloseAttacker,00030416,Markers\CivilWarMarkers\CWAttMelee04A.nif
CW4MeleeWideAttacker,00030417,Markers\CivilWarMarkers\CWAttMelee04B.nif
CW5MeleeCloseAttacker,00030418,Markers\CivilWarMarkers\CWAttMelee05A.nif
CW5MeleeWideAttacker,00030419,Markers\CivilWarMarkers\CWAttMelee05B.nif
CW2SpawnDefender,0003041A,Markers\CivilWarMarkers\CWDefSpawn02.nif
CW3SpawnDefender,0003041B,Markers\CivilWarMarkers\CWDefSpawn03.nif
CW4SpawnDefender,0003041C,Markers\CivilWarMarkers\CWDefSpawn04.nif
CW5SpawnDefender,0003041D,Markers\CivilWarMarkers\CWDefSpawn05.nif
CW1MissileCloseAttacker,0003041E,Markers\CivilWarMarkers\CWAttRange01A.nif
CW1MissileWideAttacker,0003041F,Markers\CivilWarMarkers\CWAttRange01B.nif
CW2MissileCloseAttacker,00030420,Markers\CivilWarMarkers\CWAttRange02A.nif
CW2MissileWideAttacker,00030421,Markers\CivilWarMarkers\CWAttRange02B.nif
CW3MissileCloseAttacker,00030422,Markers\CivilWarMarkers\CWAttRange03A.nif
CW3MissileWideAttacker,00030423,Markers\CivilWarMarkers\CWAttRange03B.nif
CW4MissileCloseAttacker,00030424,Markers\CivilWarMarkers\CWAttRange04A.nif
CW4MissileWideAttacker,00030425,Markers\CivilWarMarkers\CWAttRange04B.nif
CW5MissileCloseAttacker,00030426,Markers\CivilWarMarkers\CWAttRange05A.nif
CW5MissileWideAttacker,00030427,Markers\CivilWarMarkers\CWAttRange05B.nif
CW1MeleeCloseDefender,00030428,Markers\CivilWarMarkers\CWDefMelee01A.nif
CW1MeleeWideDefender,00030429,Markers\CivilWarMarkers\CWDefMelee01B.nif
CW2MeleeCloseDefender,0003042A,Markers\CivilWarMarkers\CWDefMelee02A.nif
CW2MeleeWideDefender,0003042B,Markers\CivilWarMarkers\CWDefMelee02B.nif
CW3MeleeWideDefender,0003042C,Markers\CivilWarMarkers\CWDefMelee03B.nif
CW4MeleeCloseDefender,0003042D,Markers\CivilWarMarkers\CWDefMelee04A.nif
CW4MeleeWideDefender,0003042E,Markers\CivilWarMarkers\CWDefMelee04B.nif
CW5MeleeWideDefender,0003042F,Markers\CivilWarMarkers\CWDefMelee05B.nif
CW5MeleeCloseDefender,00030430,Markers\CivilWarMarkers\CWDefMelee05A.nif
CW3MeleeCloseDefender,00030431,Markers\CivilWarMarkers\CWDefMelee03A.nif
CW1MissileCloseDefender,00030432,Markers\CivilWarMarkers\CWDefRange01A.nif
CW1MissileWideDefender,00030433,Markers\CivilWarMarkers\CWDefRange01B.nif
CW2MissileCloseDefender,00030434,Markers\CivilWarMarkers\CWDefRange02A.nif
CW2MissileWideDefender,00030435,Markers\CivilWarMarkers\CWDefRange02B.nif
CW3MissileCloseDefender,0003043C,Markers\CivilWarMarkers\CWDefRange03A.nif
CW4MissileCloseDefender,0003043D,Markers\CivilWarMarkers\CWDefRange04A.nif
CW4MissileWideDefender,0003043E,Markers\CivilWarMarkers\CWDefRange04B.nif
CW5MissileCloseDefender,0003043F,Markers\CivilWarMarkers\CWDefRange05A.nif
CW5MissileWideDefender,00030440,Markers\CivilWarMarkers\CWDefRange05B.nif
CW3MissileWideDefender,00030441,Markers\CivilWarMarkers\CWDefRange03B.nif
SMdFTraCell01,0003047C,Architecture\Solitude\Interiors\SMdFTraCell01.nif
SMdFArchCell02,0003047D,Architecture\Solitude\Interiors\SMdFArchCell02.nif
SMdFTraCell02,0003047E,Architecture\Solitude\Interiors\SMdFTraCell02.nif
SMdFArchCell01,0003047F,Architecture\Solitude\Interiors\SMdFArchCell01.nif
SMdFFloCell01,000304A9,Architecture\Solitude\Interiors\SMdFFloCell01.nif
SMdFCeiCell01,000304AD,Architecture\Solitude\Interiors\SMdFCeiCell01.nif
WRIntLadder01,000305A4,Architecture\WhiteRun\WRInteriors\WRIntLadder01.nif
WRIntHouseDryGoods01,000305AA,Architecture\WhiteRun\WRInteriors\WRIntHouseDryGoods01.nif
DweWallSconce01,00030AD1,Dungeons\Dwemer\DweWallSconce01.nif
DweChandelier01,00030AD2,Dungeons\Dwemer\DweChandelier01.nif
NorTmpExtPlatExSmFree01Snow,00030B00,Dungeons\Nordic\Exterior\NorTmpExtPlatExSmFree01.nif
HayMoundL01,00031038,Clutter\Hay\HayMoundL01.nif
HayMound02,0003103A,Clutter\Hay\HayMound02.nif
RockCaveEntrance02SnowRocks01_LightSN,0003107B,Landscape\Rocks\RockCaveEntrance02.nif
MountainRidge02_Sparse_SN,000310A5,Landscape\Mountains\MountainRidge02.nif
RockCliff08SnowRocks01_LightSN,000310A7,Landscape\Rocks\RockCliff08.nif
TundraPond01,0003132F,Landscape\Tundra\TundraPond01.nif
TundraPond01Tundra01,00031331,Landscape\Tundra\TundraPond01.nif
NorWordWall01,0003171C,Dungeons\Nordic\Chambers\NorRunicAmphitheatre01.nif
ImpLRoomWall01,000318D0,Dungeons\Imperial\LargeRoom\ImpLRoomWall01.nif
RockPileL01Snow,00032A94,Landscape\Rocks\RockPileL01.nif
NorTmpHallBgColumnSm01,00032D0C,Dungeons\Nordic\Temple\BgHalls\NorTmpHallBgColumnSm01.nif
NorTmpHallBgColumnSm02,00032D0D,Dungeons\Nordic\Temple\BgHalls\NorTmpHallBgColumnSm02.nif
NorTmpHallBgColumnSm04,00032D11,Dungeons\Nordic\Temple\BgHalls\NorTmpHallBgColumnSm04.nif
NorTmpHallBgColumnSm03,00032D12,Dungeons\Nordic\Temple\BgHalls\NorTmpHallBgColumnSm03.nif
NorTmpHallBgColumnSm03Snow,00032D13,Dungeons\Nordic\Temple\BgHalls\NorTmpHallBgColumnSm03.nif
NorTmpHallBgColumnSm04Snow,00032D14,Dungeons\Nordic\Temple\BgHalls\NorTmpHallBgColumnSm04.nif
NorRubblePile01Snow,00032D1B,Dungeons\Nordic\Rubble\NorRubblePile01.nif
NorRubblePile02Snow,00032D1C,Dungeons\Nordic\Rubble\NorRubblePile02.nif
NorRubblePile03Snow,00032D1D,Dungeons\Nordic\Rubble\NorRubblePile03.nif
NorRubblePile04Snow,00032D1E,Dungeons\Nordic\Rubble\NorRubblePile04.nif
NorRubblePile05Snow,00032D1F,Dungeons\Nordic\Rubble\NorRubblePile05.nif
CaveIShaftStraight01,00032D35,Dungeons\Caves\Ice\Shaft\CaveIShaftStraight01.nif
CaveIShaftWall01,00032D38,Dungeons\Caves\Ice\Shaft\CaveIShaftWall01.nif
CaveIShaftWall02,00032D39,Dungeons\Caves\Ice\Shaft\CaveIShaftWall02.nif
CaveIShaftWall03,00032D3A,Dungeons\Caves\Ice\Shaft\CaveIShaftWall03.nif
CaveIShaftWall04,00032D3B,Dungeons\Caves\Ice\Shaft\CaveIShaftWall04.nif
CaveIShaftBottom01,00032D3C,Dungeons\Caves\Ice\Shaft\CaveIShaftBottom01.nif
CaveIShaftTop01,00032D3D,Dungeons\Caves\Ice\Shaft\CaveIShaftTop01.nif
CaveIShaftTop01c,00032D3E,Dungeons\Caves\Ice\Shaft\CaveIShaftTop01c.nif
NorBridgeCage02a,000330BF,Dungeons\Nordic\Bridges\NorBridgeCage02a.nif
NorBridgeCage01x512b,000330C2,Dungeons\Nordic\Bridges\NorBridgeCage01x512b.nif
NorBridgeCage01x512a,000330C3,Dungeons\Nordic\Bridges\NorBridgeCage01x512a.nif
WRWallShelf01,00033245,Architecture\WhiteRun\WRInteriors\WRWallShelf01.nif
WRFirePlaceSpit01,00033274,Architecture\WhiteRun\WRInteriors\WRFirePlaceSpit01.nif
RockPileL01TundraRocks,000332C7,Landscape\Rocks\RockPileL01.nif
NorTmpHallBg1wayWall03,00033413,Dungeons\Nordic\Temple\BgHalls\NorTmpHallBg1wayWall03.nif
NorTmpHallBgColumn03,00033414,Dungeons\Nordic\Temple\BgHalls\NorTmpHallBgColumn03.nif
CaveIShaftDoor03,000334B0,Dungeons\Caves\Ice\Shaft\CaveIShaftDoor03.nif
CaveIShaftDoor04,000334B1,Dungeons\Caves\Ice\Shaft\CaveIShaftDoor04.nif
CaveIShaftDoor01,000334B2,Dungeons\Caves\Ice\Shaft\CaveIShaftDoor01.nif
CaveIShaftDoor02,000334B3,Dungeons\Caves\Ice\Shaft\CaveIShaftDoor02.nif
RockCliff05CoastBeach01,00033C0E,Landscape\Rocks\RockCliff05.nif
RockCliff02CoastBeach01,00033D9A,Landscape\Rocks\RockCliff02.nif
ShrineOfAzura01,00033DCA,Clutter\Statues\ShrineOfAzura01.nif
ShrineOfBoethiah,00033DCC,Clutter\Statues\ShrineOfBoethiah01.nif
CaveIShaftDoorLB01,00034007,Dungeons\Caves\Ice\Shaft\CaveIShaftDoorLB01.nif
CaveIShaftDoorLB02,00034008,Dungeons\Caves\Ice\Shaft\CaveIShaftDoorLB02.nif
CaveIShaftDoorLB03,00034009,Dungeons\Caves\Ice\Shaft\CaveIShaftDoorLB03.nif
CaveIShaftDoorLB04,0003400A,Dungeons\Caves\Ice\Shaft\CaveIShaftDoorLB04.nif
CaveIShaftDoorB01,0003400B,Dungeons\Caves\Ice\Shaft\CaveIShaftDoorB01.nif
CaveIShaftDoorB02,0003400C,Dungeons\Caves\Ice\Shaft\CaveIShaftDoorB02.nif
CaveIShaftDoorB03,0003400D,Dungeons\Caves\Ice\Shaft\CaveIShaftDoorB03.nif
CaveIShaftDoorB04,0003400E,Dungeons\Caves\Ice\Shaft\CaveIShaftDoorB04.nif
CaveIShaftDoorL01,0003400F,Dungeons\Caves\Ice\Shaft\CaveIShaftDoorL01.nif
CaveIShaftDoorL02,00034010,Dungeons\Caves\Ice\Shaft\CaveIShaftDoorL02.nif
CaveIShaftDoorL03,00034011,Dungeons\Caves\Ice\Shaft\CaveIShaftDoorL03.nif
CaveIShaftDoorL04,00034012,Dungeons\Caves\Ice\Shaft\CaveIShaftDoorL04.nif
NorBridgeCage01x256a,00034014,Dungeons\Nordic\Bridges\NorBridgeCage01x256a.nif
NorBridgeCage01x256c,00034015,Dungeons\Nordic\Bridges\NorBridgeCage01x256c.nif
NorBridgeCage01x512c,00034016,Dungeons\Nordic\Bridges\NorBridgeCage01x512c.nif
NorBridgeCage02b,00034017,Dungeons\Nordic\Bridges\NorBridgeCage02b.nif
NorBridgeCage02c,00034018,Dungeons\Nordic\Bridges\NorBridgeCage02c.nif
NorBridgeCageMid01,00034019,Dungeons\Nordic\Bridges\NorBridgeCageMid01.nif
NorBridgeCageMid02,0003401A,Dungeons\Nordic\Bridges\NorBridgeCageMid02.nif
NorBridgeCageMidCap01,00034032,Dungeons\Nordic\Bridges\NorBridgeCageMidCap01.nif
1stPersonOrcishBow,0003417C,Weapons\Orcish\OrcishBow.nif
1stPersonOrcishArrow,0003417E,Weapons\Orcish\OrcishArrow.nif
NorBridgeCageEndCap01,0003444F,Dungeons\Nordic\Bridges\NorBridgeCageEndCap01.nif
NorRubblePiece01,00034458,Dungeons\Nordic\Rubble\NorRubblePiece01.nif
NorRubblePiece02,00034459,Dungeons\Nordic\Rubble\NorRubblePiece02.nif
NorRubblePiece03,0003445A,Dungeons\Nordic\Rubble\NorRubblePiece03.nif
NorRubblePiece04,0003445B,Dungeons\Nordic\Rubble\NorRubblePiece04.nif
NorRubblePiece05,0003445C,Dungeons\Nordic\Rubble\NorRubblePiece05.nif
CaveIBalconyCurve02,0003445D,Dungeons\Caves\Ice\Balcony\CaveIBalconyCurve02.nif
CaveIBalconyCurve03,0003445E,Dungeons\Caves\Ice\Balcony\CaveIBalconyCurve03.nif
CaveIBalconyCurve04,0003445F,Dungeons\Caves\Ice\Balcony\CaveIBalconyCurve04.nif
CaveIBalconyICorner01,00034460,Dungeons\Caves\Ice\Balcony\CaveIBalconyICorner01.nif
CaveIBalconyICorner02,00034461,Dungeons\Caves\Ice\Balcony\CaveIBalconyICorner02.nif
CaveIBalconyICorner03,00034462,Dungeons\Caves\Ice\Balcony\CaveIBalconyICorner03.nif
CaveIBalconyICorner04,00034463,Dungeons\Caves\Ice\Balcony\CaveIBalconyICorner04.nif
CaveIBalconyMid01,00034464,Dungeons\Caves\Ice\Balcony\CaveIBalconyMid01.nif
CaveIBalconyMid02,00034465,Dungeons\Caves\Ice\Balcony\CaveIBalconyMid02.nif
CaveIBalconyRamp01,00034466,Dungeons\Caves\Ice\Balcony\CaveIBalconyRamp01.nif
CaveIBalconyRamp02,00034467,Dungeons\Caves\Ice\Balcony\CaveIBalconyRamp02.nif
CaveIBalconyShaftBridge01,00034468,Dungeons\Caves\Ice\Balcony\CaveIBalconyShaftBridge01.nif
CaveIBalconyShelf01,00034469,Dungeons\Caves\Ice\Balcony\CaveIBalconyShelf01.nif
CaveIBalconyShelf02,0003446A,Dungeons\Caves\Ice\Balcony\CaveIBalconyShelf02.nif
CaveIBalconyStraight01,0003446B,Dungeons\Caves\Ice\Balcony\CaveIBalconyStraight01.nif
CaveIBalconyStraight02,0003446C,Dungeons\Caves\Ice\Balcony\CaveIBalconyStraight02.nif
CaveIBalconyStraight03,0003446D,Dungeons\Caves\Ice\Balcony\CaveIBalconyStraight03.nif
CaveIBalconyStraight04,0003446E,Dungeons\Caves\Ice\Balcony\CaveIBalconyStraight04.nif
CaveIBalconyCorner01,0003446F,Dungeons\Caves\Ice\Balcony\CaveIBalconyCorner01.nif
CaveIBalconyCorner02,00034470,Dungeons\Caves\Ice\Balcony\CaveIBalconyCorner02.nif
CaveIBalconyCorner03,00034471,Dungeons\Caves\Ice\Balcony\CaveIBalconyCorner03.nif
CaveIBalconyCorner04,00034472,Dungeons\Caves\Ice\Balcony\CaveIBalconyCorner04.nif
CaveIBalconyCurve01,00034473,Dungeons\Caves\Ice\Balcony\CaveIBalconyCurve01.nif
CaveIFWallDoorL02,00034474,Dungeons\Caves\Ice\FrozenWall\CaveIFWallDoorL02.nif
CaveIFWallDoorLB01,00034475,Dungeons\Caves\Ice\FrozenWall\CaveIFWallDoorLB01.nif
CaveIFWallDoorLB02,00034476,Dungeons\Caves\Ice\FrozenWall\CaveIFWallDoorLB02.nif
CaveIFWallInCorner01,00034477,Dungeons\Caves\Ice\FrozenWall\CaveIFWallInCorner01.nif
CaveIFWallInCorner02,00034478,Dungeons\Caves\Ice\FrozenWall\CaveIFWallInCorner02.nif
CaveIFWallInCorner03,00034479,Dungeons\Caves\Ice\FrozenWall\CaveIFWallInCorner03.nif
CaveIFWallInCorner04,0003447A,Dungeons\Caves\Ice\FrozenWall\CaveIFWallInCorner04.nif
CaveIFWallStraight01,0003447B,Dungeons\Caves\Ice\FrozenWall\CaveIFWallStraight01.nif
CaveIFWallStraight02,0003447C,Dungeons\Caves\Ice\FrozenWall\CaveIFWallStraight02.nif
CaveIFWallStraight03,0003447D,Dungeons\Caves\Ice\FrozenWall\CaveIFWallStraight03.nif
CaveIFWallStraight04,0003447E,Dungeons\Caves\Ice\FrozenWall\CaveIFWallStraight04.nif
CaveIFWallStraight05,0003447F,Dungeons\Caves\Ice\FrozenWall\CaveIFWallStraight05.nif
CaveIFWallStraight06,00034480,Dungeons\Caves\Ice\FrozenWall\CaveIFWallStraight06.nif
CaveIFCeiling01,00034481,Dungeons\Caves\Ice\FrozenWall\CaveIFCeiling01.nif
CaveIFloor01,00034482,Dungeons\Caves\Ice\FrozenWall\CaveIFloor01.nif
CaveIFWallCorner01,00034483,Dungeons\Caves\Ice\FrozenWall\CaveIFWallCorner01.nif
CaveIFWallCorner02,00034484,Dungeons\Caves\Ice\FrozenWall\CaveIFWallCorner02.nif
CaveIFWallCorner03,00034485,Dungeons\Caves\Ice\FrozenWall\CaveIFWallCorner03.nif
CaveIFWallCorner04,00034486,Dungeons\Caves\Ice\FrozenWall\CaveIFWallCorner04.nif
CaveIFWallDoor01,00034487,Dungeons\Caves\Ice\FrozenWall\CaveIFWallDoor01.nif
CaveIFWallDoor02,00034488,Dungeons\Caves\Ice\FrozenWall\CaveIFWallDoor02.nif
CaveIFWallDoorB01,00034489,Dungeons\Caves\Ice\FrozenWall\CaveIFWallDoorB01.nif
CaveIFWallDoorB02,0003448A,Dungeons\Caves\Ice\FrozenWall\CaveIFWallDoorB02.nif
CaveIFWallDoorL01,0003448B,Dungeons\Caves\Ice\FrozenWall\CaveIFWallDoorL01.nif
CaveILWallInCorner03,0003448C,Dungeons\Caves\Ice\LargeWall\CaveILWallInCorner03.nif
CaveILWallInCorner04,0003448D,Dungeons\Caves\Ice\LargeWall\CaveILWallInCorner04.nif
CaveILWallStraight01,0003448E,Dungeons\Caves\Ice\LargeWall\CaveILWallStraight01.nif
CaveILWallStraight02,0003448F,Dungeons\Caves\Ice\LargeWall\CaveILWallStraight02.nif
CaveILWallStraight03,00034490,Dungeons\Caves\Ice\LargeWall\CaveILWallStraight03.nif
CaveILWallStraight04,00034491,Dungeons\Caves\Ice\LargeWall\CaveILWallStraight04.nif
CaveILWallStraight05,00034492,Dungeons\Caves\Ice\LargeWall\CaveILWallStraight05.nif
CaveILWallStraight06,00034493,Dungeons\Caves\Ice\LargeWall\CaveILWallStraight06.nif
CaveILCeiling01,00034494,Dungeons\Caves\Ice\LargeWall\CaveILCeiling01.nif
CaveILFloor01,00034495,Dungeons\Caves\Ice\LargeWall\CaveILFloor01.nif
CaveILWallCorner01,00034496,Dungeons\Caves\Ice\LargeWall\CaveILWallCorner01.nif
CaveILWallCorner02,00034497,Dungeons\Caves\Ice\LargeWall\CaveILWallCorner02.nif
CaveILWallCorner03,00034498,Dungeons\Caves\Ice\LargeWall\CaveILWallCorner03.nif
CaveILWallCorner04,00034499,Dungeons\Caves\Ice\LargeWall\CaveILWallCorner04.nif
CaveILWallDoor01,0003449A,Dungeons\Caves\Ice\LargeWall\CaveILWallDoor01.nif
CaveILWallDoor02,0003449B,Dungeons\Caves\Ice\LargeWall\CaveILWallDoor02.nif
CaveILWallDoorB01,0003449C,Dungeons\Caves\Ice\LargeWall\CaveILWallDoorB01.nif
CaveILWallDoorB02,0003449D,Dungeons\Caves\Ice\LargeWall\CaveILWallDoorB02.nif
CaveILWallDoorL01,0003449E,Dungeons\Caves\Ice\LargeWall\CaveILWallDoorL01.nif
CaveILWallDoorL02,0003449F,Dungeons\Caves\Ice\LargeWall\CaveILWallDoorL02.nif
CaveILWallDoorLB01,000344A0,Dungeons\Caves\Ice\LargeWall\CaveILWallDoorLB01.nif
CaveILWallDoorLB02,000344A1,Dungeons\Caves\Ice\LargeWall\CaveILWallDoorLB02.nif
CaveILWallInCorner01,000344A2,Dungeons\Caves\Ice\LargeWall\CaveILWallInCorner01.nif
CaveILWallInCorner02,000344A3,Dungeons\Caves\Ice\LargeWall\CaveILWallInCorner02.nif
CaveISWallDoor01,000344A4,Dungeons\Caves\Ice\ShaftWall\CaveISWallDoor01.nif
CaveISWallDoor02,000344A5,Dungeons\Caves\Ice\ShaftWall\CaveISWallDoor02.nif
CaveISWallDoorB01,000344A6,Dungeons\Caves\Ice\ShaftWall\CaveISWallDoorB01.nif
CaveISWallDoorB02,000344A7,Dungeons\Caves\Ice\ShaftWall\CaveISWallDoorB02.nif
CaveISWallDoorL01,000344A8,Dungeons\Caves\Ice\ShaftWall\CaveISWallDoorL01.nif
CaveISWallDoorL02,000344A9,Dungeons\Caves\Ice\ShaftWall\CaveISWallDoorL02.nif
CaveISWallDoorLB01,000344AA,Dungeons\Caves\Ice\ShaftWall\CaveISWallDoorLB01.nif
CaveISWallDoorLB02,000344AB,Dungeons\Caves\Ice\ShaftWall\CaveISWallDoorLB02.nif
CaveISWallInCorner01,000344AC,Dungeons\Caves\Ice\ShaftWall\CaveISWallInCorner01.nif
CaveISWallInCorner02,000344AD,Dungeons\Caves\Ice\ShaftWall\CaveISWallInCorner02.nif
CaveISWallInCorner03,000344AE,Dungeons\Caves\Ice\ShaftWall\CaveISWallInCorner03.nif
CaveISWallInCorner04,000344AF,Dungeons\Caves\Ice\ShaftWall\CaveISWallInCorner04.nif
CaveISWallStraight01,000344B0,Dungeons\Caves\Ice\ShaftWall\CaveISWallStraight01.nif
CaveISWallStraight02,000344B1,Dungeons\Caves\Ice\ShaftWall\CaveISWallStraight02.nif
CaveISWallStraight03,000344B2,Dungeons\Caves\Ice\ShaftWall\CaveISWallStraight03.nif
CaveISWallStraight04,000344B3,Dungeons\Caves\Ice\ShaftWall\CaveISWallStraight04.nif
CaveISWallStraight05,000344B4,Dungeons\Caves\Ice\ShaftWall\CaveISWallStraight05.nif
CaveISWallStraight06,000344B5,Dungeons\Caves\Ice\ShaftWall\CaveISWallStraight06.nif
CaveISCeiling01,000344B6,Dungeons\Caves\Ice\ShaftWall\CaveISCeiling01.nif
CaveISFloor01,000344B7,Dungeons\Caves\Ice\ShaftWall\CaveISFloor01.nif
CaveISWallCorner01,000344B8,Dungeons\Caves\Ice\ShaftWall\CaveISWallCorner01.nif
CaveISWallCorner02,000344B9,Dungeons\Caves\Ice\ShaftWall\CaveISWallCorner02.nif
CaveISWallCorner03,000344BA,Dungeons\Caves\Ice\ShaftWall\CaveISWallCorner03.nif
CaveISWallCorner04,000344BB,Dungeons\Caves\Ice\ShaftWall\CaveISWallCorner04.nif
CaveILPillar03,000344BC,Dungeons\Caves\Ice\Pillars\CaveILPillar03.nif
CaveILPillar04,000344BD,Dungeons\Caves\Ice\Pillars\CaveILPillar04.nif
CaveILPillar05,000344BE,Dungeons\Caves\Ice\Pillars\CaveILPillar05.nif
CaveILPillar06,000344BF,Dungeons\Caves\Ice\Pillars\CaveILPillar06.nif
CaveIRPillar01,000344C0,Dungeons\Caves\Ice\Pillars\CaveIRPillar01.nif
CaveIRPillar02,000344C1,Dungeons\Caves\Ice\Pillars\CaveIRPillar02.nif
CaveIRPillar03,000344C2,Dungeons\Caves\Ice\Pillars\CaveIRPillar03.nif
CaveIRPillar04,000344C3,Dungeons\Caves\Ice\Pillars\CaveIRPillar04.nif
CaveIRPillar05,000344C4,Dungeons\Caves\Ice\Pillars\CaveIRPillar05.nif
CaveIRPillar06,000344C5,Dungeons\Caves\Ice\Pillars\CaveIRPillar06.nif
CaveILFPillar01,000344C6,Dungeons\Caves\Ice\Pillars\CaveILFPillar01.nif
CaveILFPillar02,000344C7,Dungeons\Caves\Ice\Pillars\CaveILFPillar02.nif
CaveILFPillar03,000344C8,Dungeons\Caves\Ice\Pillars\CaveILFPillar03.nif
CaveILFPillar04,000344C9,Dungeons\Caves\Ice\Pillars\CaveILFPillar04.nif
CaveILFPillar05,000344CA,Dungeons\Caves\Ice\Pillars\CaveILFPillar05.nif
CaveILFPillar06,000344CB,Dungeons\Caves\Ice\Pillars\CaveILFPillar06.nif
CaveILPillar01,000344CC,Dungeons\Caves\Ice\Pillars\CaveILPillar01.nif
CaveILPillar02,000344CD,Dungeons\Caves\Ice\Pillars\CaveILPillar02.nif
CaveIRWallDoor02,000344CE,Dungeons\Caves\Ice\RockWall\CaveIRWallDoor02.nif
CaveIRWallDoorB01,000344CF,Dungeons\Caves\Ice\RockWall\CaveIRWallDoorB01.nif
CaveIRWallDoorB02,000344D0,Dungeons\Caves\Ice\RockWall\CaveIRWallDoorB02.nif
CaveIRWallDoorL01,000344D1,Dungeons\Caves\Ice\RockWall\CaveIRWallDoorL01.nif
CaveIRWallDoorL02,000344D2,Dungeons\Caves\Ice\RockWall\CaveIRWallDoorL02.nif
CaveIRWallDoorLB01,000344D3,Dungeons\Caves\Ice\RockWall\CaveIRWallDoorLB01.nif
CaveIRWallDoorLB02,000344D4,Dungeons\Caves\Ice\RockWall\CaveIRWallDoorLB02.nif
CaveIRWallInCorner01,000344D5,Dungeons\Caves\Ice\RockWall\CaveIRWallInCorner01.nif
CaveIRWallInCorner02,000344D6,Dungeons\Caves\Ice\RockWall\CaveIRWallInCorner02.nif
CaveIRWallInCorner03,000344D7,Dungeons\Caves\Ice\RockWall\CaveIRWallInCorner03.nif
CaveIRWallInCorner04,000344D8,Dungeons\Caves\Ice\RockWall\CaveIRWallInCorner04.nif
CaveIRWallStraight01,000344D9,Dungeons\Caves\Ice\RockWall\CaveIRWallStraight01.nif
CaveIRWallStraight02,000344DA,Dungeons\Caves\Ice\RockWall\CaveIRWallStraight02.nif
CaveIRWallStraight03,000344DB,Dungeons\Caves\Ice\RockWall\CaveIRWallStraight03.nif
CaveIRWallStraight04,000344DC,Dungeons\Caves\Ice\RockWall\CaveIRWallStraight04.nif
CaveIRWallStraight05,000344DD,Dungeons\Caves\Ice\RockWall\CaveIRWallStraight05.nif
CaveIRWallStraight06,000344DE,Dungeons\Caves\Ice\RockWall\CaveIRWallStraight06.nif
CaveIRCeiling01,000344DF,Dungeons\Caves\Ice\RockWall\CaveIRCeiling01.nif
CaveIRFloor01,000344E0,Dungeons\Caves\Ice\RockWall\CaveIRFloor01.nif
CaveIRWallCorner01,000344E1,Dungeons\Caves\Ice\RockWall\CaveIRWallCorner01.nif
CaveIRWallCorner02,000344E2,Dungeons\Caves\Ice\RockWall\CaveIRWallCorner02.nif
CaveIRWallDoor01,000344E3,Dungeons\Caves\Ice\RockWall\CaveIRWallDoor01.nif
CaveIRBalconyCurve04,000344E4,Dungeons\Caves\Ice\RockBalcony\CaveIRBalconyCurve04.nif
CaveIRBalconyICorner01,000344E5,Dungeons\Caves\Ice\RockBalcony\CaveIRBalconyICorner01.nif
CaveIRBalconyICorner02,000344E6,Dungeons\Caves\Ice\RockBalcony\CaveIRBalconyICorner02.nif
CaveIRBalconyICorner03,000344E7,Dungeons\Caves\Ice\RockBalcony\CaveIRBalconyICorner03.nif
CaveIRBalconyICorner04,000344E8,Dungeons\Caves\Ice\RockBalcony\CaveIRBalconyICorner04.nif
CaveIRBalconyMid01,000344E9,Dungeons\Caves\Ice\RockBalcony\CaveIRBalconyMid01.nif
CaveIRBalconyMid02,000344EA,Dungeons\Caves\Ice\RockBalcony\CaveIRBalconyMid02.nif
CaveIRBalconyRamp01,000344EB,Dungeons\Caves\Ice\RockBalcony\CaveIRBalconyRamp01.nif
CaveIRBalconyRamp02,000344EC,Dungeons\Caves\Ice\RockBalcony\CaveIRBalconyRamp02.nif
CaveIRBalconyShaftBridge01,000344ED,Dungeons\Caves\Ice\RockBalcony\CaveIRBalconyShaftBridge01.nif
CaveIRBalconyShelf01,000344EE,Dungeons\Caves\Ice\RockBalcony\CaveIRBalconyShelf01.nif
CaveIRBalconyShelf02,000344EF,Dungeons\Caves\Ice\RockBalcony\CaveIRBalconyShelf02.nif
CaveIRBalconyStraight01,000344F0,Dungeons\Caves\Ice\RockBalcony\CaveIRBalconyStraight01.nif
CaveIRBalconyStraight02,000344F1,Dungeons\Caves\Ice\RockBalcony\CaveIRBalconyStraight02.nif
CaveIRBalconyStraight03,000344F2,Dungeons\Caves\Ice\RockBalcony\CaveIRBalconyStraight03.nif
CaveIRBalconyStraight04,000344F3,Dungeons\Caves\Ice\RockBalcony\CaveIRBalconyStraight04.nif
CaveIRBalconyCorner01,000344F4,Dungeons\Caves\Ice\RockBalcony\CaveIRBalconyCorner01.nif
CaveIRBalconyCorner02,000344F5,Dungeons\Caves\Ice\RockBalcony\CaveIRBalconyCorner02.nif
CaveIRBalconyCorner03,000344F6,Dungeons\Caves\Ice\RockBalcony\CaveIRBalconyCorner03.nif
CaveIRBalconyCorner04,000344F7,Dungeons\Caves\Ice\RockBalcony\CaveIRBalconyCorner04.nif
CaveIRBalconyCurve01,000344F8,Dungeons\Caves\Ice\RockBalcony\CaveIRBalconyCurve01.nif
CaveIRBalconyCurve02,000344F9,Dungeons\Caves\Ice\RockBalcony\CaveIRBalconyCurve02.nif
CaveIRBalconyCurve03,000344FA,Dungeons\Caves\Ice\RockBalcony\CaveIRBalconyCurve03.nif
CaveIIcicle03,000344FB,Dungeons\Caves\Ice\Clutter\CaveIIcicle03.nif
CaveIFBalconyCurve01,000344FE,Dungeons\Caves\Ice\FrozenBalcony\CaveIFBalconyCurve01.nif
CaveIFBalconyCurve02,000344FF,Dungeons\Caves\Ice\FrozenBalcony\CaveIFBalconyCurve02.nif
CaveIFBalconyCurve03,00034500,Dungeons\Caves\Ice\FrozenBalcony\CaveIFBalconyCurve03.nif
CaveIFBalconyCurve04,00034501,Dungeons\Caves\Ice\FrozenBalcony\CaveIFBalconyCurve04.nif
CaveIFBalconyICorner01,00034502,Dungeons\Caves\Ice\FrozenBalcony\CaveIFBalconyICorner01.nif
CaveIFBalconyICorner02,00034503,Dungeons\Caves\Ice\FrozenBalcony\CaveIFBalconyICorner02.nif
CaveIFBalconyICorner03,00034504,Dungeons\Caves\Ice\FrozenBalcony\CaveIFBalconyICorner03.nif
CaveIFBalconyICorner04,00034505,Dungeons\Caves\Ice\FrozenBalcony\CaveIFBalconyICorner04.nif
CaveIFBalconyMid01,00034506,Dungeons\Caves\Ice\FrozenBalcony\CaveIFBalconyMid01.nif
CaveIFBalconyMid02,00034507,Dungeons\Caves\Ice\FrozenBalcony\CaveIFBalconyMid02.nif
CaveIFBalconyRamp01,00034508,Dungeons\Caves\Ice\FrozenBalcony\CaveIFBalconyRamp01.nif
CaveIFBalconyRamp02,00034509,Dungeons\Caves\Ice\FrozenBalcony\CaveIFBalconyRamp02.nif
CaveIFBalconyShaftBridge01,0003450A,Dungeons\Caves\Ice\FrozenBalcony\CaveIFBalconyShaftBridge01.nif
CaveIFBalconyShelf01,0003450B,Dungeons\Caves\Ice\FrozenBalcony\CaveIFBalconyShelf01.nif
CaveIFBalconyShelf02,0003450C,Dungeons\Caves\Ice\FrozenBalcony\CaveIFBalconyShelf02.nif
CaveIFBalconyStraight01,0003450D,Dungeons\Caves\Ice\FrozenBalcony\CaveIFBalconyStraight01.nif
CaveIFBalconyStraight02,0003450E,Dungeons\Caves\Ice\FrozenBalcony\CaveIFBalconyStraight02.nif
CaveIFBalconyStraight03,0003450F,Dungeons\Caves\Ice\FrozenBalcony\CaveIFBalconyStraight03.nif
CaveIFBalconyStraight04,00034510,Dungeons\Caves\Ice\FrozenBalcony\CaveIFBalconyStraight04.nif
CaveIFBalconyCorner01,00034511,Dungeons\Caves\Ice\FrozenBalcony\CaveIFBalconyCorner01.nif
CaveIFBalconyCorner02,00034512,Dungeons\Caves\Ice\FrozenBalcony\CaveIFBalconyCorner02.nif
CaveIFBalconyCorner03,00034513,Dungeons\Caves\Ice\FrozenBalcony\CaveIFBalconyCorner03.nif
CaveIFBalconyCorner04,00034514,Dungeons\Caves\Ice\FrozenBalcony\CaveIFBalconyCorner04.nif
NorTmpExtPlatShaftBot01,0003493E,Dungeons\Nordic\Exterior\NorTmpExtPlatShaftBot01.nif
NorTmpExtPlatGuardHouse01,0003493F,Dungeons\Nordic\Exterior\NorTmpExtPlatGaurdHouse01.nif
NorTmpExtPlatGuardHouse01Snow,00034940,Dungeons\Nordic\Exterior\NorTmpExtPlatGaurdHouse01.nif
NorTmpExtPlatShaftBot01Snow,00034941,Dungeons\Nordic\Exterior\NorTmpExtPlatShaftBot01.nif
StockadeWallWalkway01,000349A8,Clutter\Stockade\StockadeWallWalkway01.nif
RiftenRWRaggedSign01,000349CB,Dungeons\Riften\ThievesGuild\RiftenRWRaggedSign01.nif
RuinsLinenSheet01,00034CD8,Clutter\Ruins\RuinsLinenSheet01.nif
RuinsLinenSheet02,00034CD9,Clutter\Ruins\RuinsLinenSheet02.nif
NorSarcophagusBottom,00034CE1,Clutter\Ruins\RuinsSarcophagus_Bottom01.nif
NorSarcophagusTop,00034CE3,Clutter\Ruins\RuinsSarcophagus_Top01.nif
SnowberryWreath,00034D23,Clutter\Floral\SnowberryWreath.nif
RockM01TundraMoss,00035095,Landscape\Rocks\RockM01.nif
CrabCarapaceClaw01,000351CD,Clutter\CrabCarapace\CrabCarapaceClaw01.nif
CrabCarapace01,000351CE,Clutter\CrabCarapace\CrabCarapace01.nif
RockShelf01FieldGrass01,0003554E,Landscape\Rocks\RockShelf01.nif
RoadStraight01End,000355D3,Landscape\Roads\RoadStraight01End.nif
RoadStraight02Down01,000355D4,Landscape\Roads\RoadStraight02Down01.nif
NorSarcophagusBroken01Snow,00035A35,Clutter\Ruins\RuinsFurnitureRubble01.nif
NorDragonStatue01snow,00035AF1,Dungeons\Nordic\RuinsDragonStatue01.nif
ImpHall1Way01,00035B77,Dungeons\Imperial\SmallHall\ImpHall1Way01.nif
NorCatHallBg1wayEndCap01,00035B8B,Dungeons\Nordic\Catacombs\BgHalls\NorCatHallBg1wayEndCap01.nif
NorCatHallBg1wayEndCapExSm01,00035B90,Dungeons\Nordic\Catacombs\BgHalls\NorCatHallBg1wayEndCapExSm01.nif
NorCatHallBg2way01,00035CB7,Dungeons\Nordic\Catacombs\BgHalls\NorCatHallBg2way01.nif
NorCatHallBg3way01,00035D00,Dungeons\Nordic\Catacombs\BgHalls\NorCatHallBg3way01.nif
NorCatHallBg4way01,00035D5C,Dungeons\Nordic\Catacombs\BgHalls\NorCatHallBg4way01.nif
NorHallBg4way02,00035ECE,Dungeons\Nordic\BgHalls\NorHallBg4way02.nif
NorHallBg1way03,00035ECF,Dungeons\Nordic\BgHalls\NorHallBg1way03.nif
NorHallBg1way02,00035ED0,Dungeons\Nordic\BgHalls\NorHallBg1way02.nif
NorHallBg3way02,00035ED1,Dungeons\Nordic\BgHalls\NorHallBg3way02.nif
FireplaceWood01Off,00035F45,Clutter\Fireplace\FireplaceWood01Off.nif
Campfire01LandOff,00035F4B,Clutter\WoodFires\Campfire01LandOff.nif
Campfire01Off,00035F4C,Clutter\WoodFires\Campfire01Off.nif
FireplaceWood01Off0000,00035F4D,Clutter\WoodFires\FireplaceWood01Off.nif
Spit01,00035F50,Clutter\WoodFires\Spit01.nif
WRArcadiaBase01,00035F6E,Architecture\WhiteRun\WRTerrain\WRArcadiaBase01.nif
WRShacksBase01,00035F72,Architecture\WhiteRun\WRTerrain\WRShacksBase01.nif
SBluePalaceRoof,00036319,Architecture\Solitude\SBluePalaceRoof.nif
ImpHall2Way01,00036637,Dungeons\Imperial\SmallHall\ImpHall2Way01.nif
ImpHall1Way02,0003663A,Dungeons\Imperial\SmallHall\ImpHall1Way02.nif
ImpHall2Way02,0003663B,Dungeons\Imperial\SmallHall\ImpHall2Way02.nif
ImpHall3Way01,0003663F,Dungeons\Imperial\SmallHall\ImpHall3Way01.nif
RuinsFloorCandleLampMidOn,000368B2,Clutter\Ruins\RuinsFloorCandleLampMidOn.nif
RuinsFloorCandleLampMidOff,000368B4,Clutter\Ruins\RuinsFloorCandleLampMidOff.nif
RuinsFloorCandleLampSmallOn,000368B8,Clutter\Ruins\RuinsFloorCandleLampSmOn.nif
RuinsFloorCandleLampSmallOff02,000368BA,Clutter\Ruins\RuinsFloorCandleLampSmOff.nif
RuinsFloorCandleLampMidOn02,000368BE,Clutter\Ruins\RuinsFloorCandleLampMidOn02.nif
RuinsFloorCandleLampMidOff02,000368C0,Clutter\Ruins\RuinsFloorCandleLampMidOff02.nif
RuinsFloorCandleLampSmallOn02,000368C2,Clutter\Ruins\RuinsFloorCandleLampSmOn02.nif
RuinsFloorCandleLampSmallOff,000368C4,Clutter\Ruins\RuinsFloorCandleLampSmOff02.nif
ImpHall3Way02,00036930,Dungeons\Imperial\SmallHall\ImpHall3Way02.nif
DweRubblePile01,00036ABF,Dungeons\Dwemer\Rubble\DweRubblePile01.nif
DweRubblePile02,00036AC0,Dungeons\Dwemer\Rubble\DweRubblePile02.nif
DweRubblePile03,00036AC1,Dungeons\Dwemer\Rubble\DweRubblePile03.nif
DweRubblePile04,00036AC2,Dungeons\Dwemer\Rubble\DweRubblePile04.nif
DweRubblePile05,00036AC3,Dungeons\Dwemer\Rubble\DweRubblePile05.nif
DweRubblePile06,00036AC4,Dungeons\Dwemer\Rubble\DweRubblePile06.nif
DweRubblePile07,00036AC5,Dungeons\Dwemer\Rubble\DweRubblePile07.nif
DweRubblePile08,00036AC6,Dungeons\Dwemer\Rubble\DweRubblePile08.nif
NorHitchPost02,00036AEE,Dungeons\Nordic\Clutter\NorHitchPost02.nif
NorHitchPost01,00036AEF,Dungeons\Nordic\Clutter\NorHitchPost01.nif
1stPersonIronBattleAxe,00036BAB,Weapons\Iron\1stPersonIronBattleAxe.nif
1stPersonIronBow,00036BAC,Weapons\Iron\IronBow.nif
1stPersonIronDagger,00036BAD,Weapons\Iron\1stPersonIronDagger.nif
1stPersonIronGreatSword,00036BAE,Weapons\Iron\1stPersonIronClaymore.nif
1stPersonIronMace,00036BAF,Weapons\Iron\1stPersonIronMace.nif
1stPersonIronSword,00036BB0,Weapons\Iron\1stPersonLongSword.nif
1stPersonIronWarAxe,00036BB1,Weapons\Iron\1stPersonWarAxe.nif
1stPersonIronWarhammer,00036BB2,Weapons\Iron\1stPersonWarHammer.nif
1stPersonDwarvenWarAxe,00036BC6,Weapons\Dwarven\1stPersonDwarvenHandAxe.nif
1stPersonDwarvenDagger,00036BC7,Weapons\Dwarven\1stPersonDwarvenDagger.nif
1stPersonDwarvenGreatsword,00036BC8,Weapons\Dwarven\1stPersonDwarvenGreatSword.nif
1stPersonDwarvenMace,00036BC9,Weapons\Dwarven\1stPersonDwarvenMace.nif
1stPersonDwarvenSword,00036BCA,Weapons\Dwarven\1stPersonDwarvenSword.nif
1stPersonDwarvenWarhammer,00036BCB,Weapons\Dwarven\1stPersonDwarvenWarhammer.nif
1stPersonElvenWarAxe,00036BCC,Weapons\Elven\1stPersonElvenWarAxe.nif
1stPersonElvenBattleaxe,00036BCD,Weapons\Elven\1stPersonElvenBattleAxe.nif
1stPersonElvenGreatsword,00036BCE,Weapons\Elven\1stPersonElvenGreatSword.nif
1stPersonElvenMace,00036BCF,Weapons\Elven\1stPersonElvenMace.nif
1stPersonElvenDagger,00036BD0,Weapons\Elven\1stPersonElvenDagger.nif
1stPersonElvenSword,00036BD1,Weapons\Elven\1stPersonElvenSword.nif
1stPersonElvenWarhammer,00036BD2,Weapons\Elven\1stPersonElvenWarHammer.nif
1stPersonGlassWarAxe,00036BD3,Weapons\Glass\1stPersonGlassWarAxe.nif
1stPersonGlassBattleaxe,00036BD4,Weapons\Glass\1stPersonGlassBattleAxe.nif
1stPersonGlassDagger,00036BD5,Weapons\Glass\1stPersonGlassDagger.nif
1stPersonGlassGreatsword,00036BD6,Weapons\Glass\1stPersonGlassGreatSword.nif
1stPersonGlassMace,00036BD7,Weapons\Glass\1stPersonGlassMace.nif
1stPersonGlassSword,00036BD8,Weapons\Glass\1stPersonGlassSword.nif
1stPersonGlassWarhammer,00036BD9,Weapons\Glass\1stPersonGlassWarHammer.nif
1stPersonEbonyWarAxe,00036BDA,Weapons\Ebony\1stPersonEbonyWarAxe.nif
1stPersonEbonyBattleaxe,00036BDB,Weapons\Ebony\1stPersonEbonyBattleAxe.nif
1stPersonEbonyDagger,00036BDC,Weapons\Ebony\1stPersonEbonyDagger.nif
1stPersonEbonyGreatsword,00036BDD,Weapons\Ebony\1stPersonEbonyGreatsword.nif
1stPersonEbonyMace,00036BDE,Weapons\Ebony\1stPersonEbonyMace.nif
1stPersonEbonySword,00036BDF,Weapons\Ebony\1stPersonEbonySword.nif
1stPersonEbonyWarhammer,00036BE0,Weapons\Ebony\1stPersonEbonyWarhammer.nif
1stPersonDwarvenBattleaxe,00036BE1,Weapons\Dwarven\1stPersonDwarvenBattleAxe.nif
ImpHall4Way01,00036E5B,Dungeons\Imperial\SmallHall\ImpHall4Way01.nif
MrkTempleCrag02Rocks02,00037A78,Architecture\Markarth\MrkTempleCrag02Rocks02.nif
RockShelf01ReachMoss01,00037AE5,Landscape\Rocks\RockShelf01.nif
NorCatHallBg1wayRamp256,00037B8F,Dungeons\Nordic\Catacombs\BgHalls\NorCatHallBg1wayRamp256.nif
NorCatHallBg1wayStairs256,00037B90,Dungeons\Nordic\Catacombs\BgHalls\NorCatHallBg1wayStairs256.nif
MrkArch01,00037CC5,Architecture\Markarth\MrkArch01.nif
WHCandlehearthInn,00037E42,Architecture\Windhelm\WHCandlehearthInn.nif
RuinsShelfLargeFull,00037E89,Clutter\Ruins\RuinShelfLargeFull01.nif
RuinsShelfLargeHalf,00037E8B,Clutter\Ruins\RuinShelfLargeHalf01.nif
RuinsShelfSmallFull,00037E8D,Clutter\Ruins\RuinShelfSmallFull01.nif
RuinsShelfSmallHalf,00037E8F,Clutter\Ruins\RuinShelfSmallHalf01.nif
SolitudeBase,00037F00,Architecture\Solitude\SolitudeBase.nif
SStyrrsHouse,00037F05,Architecture\Solitude\SStyrrsHouse.nif
SMuseleum,00037F06,Architecture\Solitude\SMuseleum.nif
SEvetteSanHouse,00037F07,Architecture\Solitude\SEvette San House.nif
SBitsandPieces,00037F08,Architecture\Solitude\SBits and Pieces.nif
SHMd_Apothecary,00037F09,Architecture\Solitude\SHMd_Apothecary.nif
SRaidiantRaiments,00037F0A,Architecture\Solitude\SRaidiantRaiments.nif
STheWinkingSkeever,00037F0B,Architecture\Solitude\SThe Winking Skeever.nif
SBardsCollege,00037F0C,Architecture\Solitude\SBardsCollege.nif
SErikurHouse,00037F0D,Architecture\Solitude\SErikur House.nif
SBrylingHouse,00037F0E,Architecture\Solitude\SBryling House.nif
SHouseForSale,00037F0F,Architecture\Solitude\SHouseForSale.nif
ImpExtBldgStraight01SnowLight,00037FED,Dungeons\Imperial\Exterior\ImpExtBldgStraight01.nif
ImpHallDeadEnd01,00038348,Dungeons\Imperial\SmallHall\ImpHallDeadEnd01.nif
ImpHallDeadEnd02,00038351,Dungeons\Imperial\SmallHall\ImpHallDeadEnd02.nif
ImpHallDetwist01,00038352,Dungeons\Imperial\SmallHall\ImpHallDetwist01.nif
ImpHallDetwist02,00038354,Dungeons\Imperial\SmallHall\ImpHallDetwist02.nif
ImpHall1Way64R01,00038355,Dungeons\Imperial\SmallHall\ImpHall1Way64R01.nif
ImpHall1Way64U01,00038356,Dungeons\Imperial\SmallHall\ImpHall1Way64U01.nif
ImpHall1Way128D01,00038357,Dungeons\Imperial\SmallHall\ImpHall1Way128D01.nif
ImpHall1Way128L01,00038358,Dungeons\Imperial\SmallHall\ImpHall1Way128L01.nif
ImpHall1Way128R01,00038359,Dungeons\Imperial\SmallHall\ImpHall1Way128R01.nif
ImpHall1Way128U01,0003835A,Dungeons\Imperial\SmallHall\ImpHall1Way128U01.nif
ImpHall1Way64D01,0003835B,Dungeons\Imperial\SmallHall\ImpHall1Way64D01.nif
ImpHall1Way64L01,0003835C,Dungeons\Imperial\SmallHall\ImpHall1Way64L01.nif
ImpHallStairs01,0003835F,Dungeons\Imperial\SmallHall\ImpHallStairs01.nif
ImpHallStairs02,00038367,Dungeons\Imperial\SmallHall\ImpHallStairs02.nif
ImpHall1Way03,0003836B,Dungeons\Imperial\SmallHall\ImpHall1Way03.nif
ImpHall1Way04,0003836C,Dungeons\Imperial\SmallHall\ImpHall1Way04.nif
WHmarket02,0003839F,Architecture\Windhelm\WHmarket02.nif
WHmarket01,000383A4,Architecture\Windhelm\WHmarket01.nif
WRWallMainGate01,000383C7,Architecture\WhiteRun\WRCityWalls\WRWallMainGate01.nif
WHmarket04,0003842C,Architecture\Windhelm\WHmarket04.nif
WHmarket03,0003842D,Architecture\Windhelm\WHmarket03.nif
WHlanddead3,0003846F,Architecture\Windhelm\WHlanddead3.nif
RoadSCurveR01ReachDirt01,00038479,Landscape\Roads\RoadSCurveR01.nif
WallMountedSlaughterFish01,0003858F,Clutter\DeadAnimals\WallMountedSlaughterFish01.nif
CommonBench01STATIC,00038642,Furniture\Common\CommonBench01.nif
ImpLRoomICorner03,000388B0,Dungeons\Imperial\LargeRoom\ImpLRoomICorner03.nif
ImpLRoomICorner04,000388B1,Dungeons\Imperial\LargeRoom\ImpLRoomICorner04.nif
ImpLRoomMid01,000388B2,Dungeons\Imperial\LargeRoom\ImpLRoomMid01.nif
ImpLRoomWall02,000388B3,Dungeons\Imperial\LargeRoom\ImpLRoomWall02.nif
ImpLRoomWall03,000388B4,Dungeons\Imperial\LargeRoom\ImpLRoomWall03.nif
ImpLRoomWall04,000388B5,Dungeons\Imperial\LargeRoom\ImpLRoomWall04.nif
ImpLRoomCorner01,000388B6,Dungeons\Imperial\LargeRoom\ImpLRoomCorner01.nif
ImpLRoomCorner02,000388B7,Dungeons\Imperial\LargeRoom\ImpLRoomCorner02.nif
ImpLRoomCorner03,000388B8,Dungeons\Imperial\LargeRoom\ImpLRoomCorner03.nif
ImpLRoomCorner04,000388B9,Dungeons\Imperial\LargeRoom\ImpLRoomCorner04.nif
ImpLRoomICorner01,000388BA,Dungeons\Imperial\LargeRoom\ImpLRoomICorner01.nif
ImpLRoomICorner02,000388BB,Dungeons\Imperial\LargeRoom\ImpLRoomICorner02.nif
ImpLRoomPillar01,000388C6,Dungeons\Imperial\LargeRoom\ImpLRoomPillar01.nif
ImpLRoomMid02,000388CB,Dungeons\Imperial\LargeRoom\ImpLRoomMid02.nif
ImpLRoomDoor04,000388D3,Dungeons\Imperial\LargeRoom\ImpLRoomDoor04.nif
ImpLRoomDoorB03,000388DA,Dungeons\Imperial\LargeRoom\ImpLRoomDoorB03.nif
ImpLRoomDoorB04,000388DB,Dungeons\Imperial\LargeRoom\ImpLRoomDoorB04.nif
ImpLRoomDoor01,000388DC,Dungeons\Imperial\LargeRoom\ImpLRoomDoor01.nif
ImpLRoomDoor02,000388DD,Dungeons\Imperial\LargeRoom\ImpLRoomDoor02.nif
ImpLRoomDoor03,000388DE,Dungeons\Imperial\LargeRoom\ImpLRoomDoor03.nif
ImpLRoomDoorB01,000388DF,Dungeons\Imperial\LargeRoom\ImpLRoomDoorB01.nif
ImpLRoomDoorB02,000388E0,Dungeons\Imperial\LargeRoom\ImpLRoomDoorB02.nif
ImpLHall1Way01,00038AB8,Dungeons\Imperial\LargeHall\ImpLHall1Way01.nif
HangingAnimalsRing01,00038B0B,Clutter\DeadAnimals\HangingAnimalsRing01.nif
TundraStreamEnd01,000390E2,Landscape\Tundra\TundraStreamEnd01.nif
RockTundraLand03,00039220,Landscape\Tundra\RockTundraLand03.nif
RockTundraLand01,00039222,Landscape\Tundra\RockTundraLand01.nif
RockTundraLand02,00039223,Landscape\Tundra\RockTundraLand02.nif
RockTundraLand01Tundra01,00039224,Landscape\Tundra\RockTundraLand01.nif
RockTundraLand01TundraRocks01,00039231,Landscape\Tundra\RockTundraLand01.nif
RockTundraLand02FieldGrass01,0003925C,Landscape\Tundra\RockTundraLand02.nif
RockTundraLand02Tundra01,0003925D,Landscape\Tundra\RockTundraLand02.nif
RockTundraLand03Tundra01,0003925E,Landscape\Tundra\RockTundraLand03.nif
RockTundraLand03FieldGrass01,0003925F,Landscape\Tundra\RockTundraLand03.nif
RockPileL02Wet,00039393,Landscape\Rocks\WetRocks\RockPileL02Wet.nif
RockPileL03Wet,000395AE,Landscape\Rocks\WetRocks\RockPileL03Wet.nif
RockPileM01Wet,00039627,Landscape\Rocks\WetRocks\RockPileM01Wet.nif
RockPileM02Wet,0003962F,Landscape\Rocks\WetRocks\RockPileM02Wet.nif
RockPileM03Wet,0003964F,Landscape\Rocks\WetRocks\RockPileM03Wet.nif
RockPileL01Wet,00039653,Landscape\Rocks\WetRocks\RockPileL01Wet.nif
RockShelf01Wet,00039658,Landscape\Rocks\WetRocks\RockShelf01Wet.nif
RockPileM02WetCoastBeach01,00039691,Landscape\Rocks\WetRocks\RockPileM02Wet.nif
RockPileM01WetCoastBeach01,000396A4,Landscape\Rocks\WetRocks\RockPileM01Wet.nif
RockPileL03WetCoastBeach01,000396A5,Landscape\Rocks\WetRocks\RockPileL03Wet.nif
RockPileL02WetCoastBeach01,000396AA,Landscape\Rocks\WetRocks\RockPileL02Wet.nif
RockPileL01WetCoastBeach01,000396AB,Landscape\Rocks\WetRocks\RockPileL01Wet.nif
RockShelf01WetCoastBeach01,000396AC,Landscape\Rocks\WetRocks\RockShelf01Wet.nif
RockPileM03WetCoastBeach01,00039824,Landscape\Rocks\WetRocks\RockPileM03Wet.nif
RockPileS02TundraRocks01,000398A8,Landscape\Rocks\RockPileS02.nif
DirtCliffs03FieldGrass02,00039A8E,Landscape\DirtCliffs\DirtCliffs03.nif
DirtCliffsIsland01FieldGrass02,00039B63,Landscape\DirtCliffs\DirtCliffsIsland01.nif
RockCliff08FieldGrass02,00039B64,Landscape\Rocks\RockCliff08.nif
RockAnimalDenReachDirt01,00039C7F,Landscape\Rocks\RockAnimalDen01.nif
NorDragonStatue01,00039DF9,Dungeons\Nordic\RuinsDragonStatue01.nif
NorDragonStatueBend01,00039DFB,Dungeons\Nordic\RuinsDragonStatue02.nif
NorDragonStatueBend02,00039DFF,Dungeons\Nordic\RuinsDragonStatue03.nif
ImpLHall2Way01,00039E1E,Dungeons\Imperial\LargeHall\ImpLHall2Way01.nif
RockPileS03ReachDirt01,00039EC4,Landscape\Rocks\RockPileS03.nif
RockPileS04ReachDirt01,00039ECC,Landscape\Rocks\RockPileS04.nif
NorDragonStatueMetal01,0003A15E,Dungeons\Nordic\RuinsDragonStatueMetal01.nif
NorDragonStatueMetal02,0003A160,Dungeons\Nordic\RuinsDragonStatueMetal02.nif
NorDragonStatueMetal03,0003A162,Dungeons\Nordic\RuinsDragonStatueMetal03.nif
NorVineWall01NoCol,0003A1EB,Dungeons\Nordic\Rubble\NorVineWall01NoCol.nif
NorVineFloor01NoCol,0003A1EC,Dungeons\Nordic\Rubble\NorVineFloor01NoCol.nif
NorVineFloor01,0003A1ED,Dungeons\Nordic\Rubble\NorVineFloor01.nif
NorVineWall01,0003A1EE,Dungeons\Nordic\Rubble\NorVineWall01.nif
NorVineCeiling01NoCol,0003A1EF,Dungeons\Nordic\Rubble\NorVineCeiling01NoCol.nif
NorVineWall02,0003A1F8,Dungeons\Nordic\Rubble\NorVineWall02.nif
NorVineFloor02NoCol,0003A1F9,Dungeons\Nordic\Rubble\NorVineFloor02NoCol.nif
NorVineWall03NoCol,0003A1FA,Dungeons\Nordic\Rubble\NorVineWall03NoCol.nif
NorVineWall02NoCol,0003A1FB,Dungeons\Nordic\Rubble\NorVineWall02NoCol.nif
NorVineWall03,0003A1FC,Dungeons\Nordic\Rubble\NorVineWall03.nif
NorRmSmWallSide03,0003A205,Dungeons\Nordic\SmRooms\NorRmSmWallSide03.nif
NorRmSmWallSide04,0003A206,Dungeons\Nordic\SmRooms\NorRmSmWallSide04.nif
NorRmSmWallSide05,0003A207,Dungeons\Nordic\SmRooms\NorRmSmWallSide05.nif
NorRmSmWallSideDam03,0003A208,Dungeons\Nordic\SmRooms\NorRmSmWallSideDam03.nif
NorRmSmWallSideDam02,0003A209,Dungeons\Nordic\SmRooms\NorRmSmWallSideDam02.nif
NorRmSmWallSideDam01,0003A20A,Dungeons\Nordic\SmRooms\NorRmSmWallSideDam01.nif
NorRmSmWallFrontDam01,0003A20B,Dungeons\Nordic\SmRooms\NorRmSmWallFrontDam01.nif
NorRmSmWallFront03,0003A20C,Dungeons\Nordic\SmRooms\NorRmSmWallFront03.nif
NorRmSmWallFront04,0003A20D,Dungeons\Nordic\SmRooms\NorRmSmWallFront04.nif
NorRmSmWallFront05,0003A20E,Dungeons\Nordic\SmRooms\NorRmSmWallFront05.nif
NorRmSmWallFrontDam03,0003A20F,Dungeons\Nordic\SmRooms\NorRmSmWallFrontDam03.nif
NorRmSmWallFrontDam02,0003A210,Dungeons\Nordic\SmRooms\NorRmSmWallFrontDam02.nif
ImpLHall3Way01,0003A211,Dungeons\Imperial\LargeHall\ImpLHall3Way01.nif
ImpLHall3Way02,0003A217,Dungeons\Imperial\LargeHall\ImpLHall3Way02.nif
ImpLHall2Way02,0003A219,Dungeons\Imperial\LargeHall\ImpLHall2Way02.nif
ImpLHall4Way01,0003A220,Dungeons\Imperial\LargeHall\ImpLHall4Way01.nif
TundraScrub01,0003A2BC,Landscape\Plants\TundraScrub01.nif
TundraScrub02,0003A2BD,Landscape\Plants\TundraScrub02.nif
TundraScrub03,0003A2BE,Landscape\Plants\TundraScrub03.nif
RockPileM01FieldGrass01,0003AAE6,Landscape\Rocks\RockPileM01.nif
RockCliff07FieldGrass01,0003AB67,Landscape\Rocks\RockCliff07.nif
RockPileL03TundraRocks01,0003ABE0,Landscape\Rocks\RockPileL03.nif
RockPileL04TundraRocks01,0003ABE3,Landscape\Rocks\RockPileL04.nif
StonewallTerraceLong01FieldGrass01,0003ABF2,Architecture\Farmhouse\Stonewall\StonewallTerraceLong01.NIF
StonewallTerraceEndL01FieldGrass01,0003ABF3,Architecture\Farmhouse\Stonewall\StonewallTerraceEndL01.NIF
StonewallTerraceEndR01FieldGrass01,0003ABF4,Architecture\Farmhouse\Stonewall\StonewallTerraceEndR01.NIF
RockPileL01RiverBottom01,0003AC70,Landscape\Rocks\RockPileL01.nif
RockCliff02FieldGrass01,0003ACCB,Landscape\Rocks\RockCliff02.nif
RockCliff08FieldGrass01,0003ACCD,Landscape\Rocks\RockCliff08.nif
DirtCliffs03FieldGrass01,0003ACD3,Landscape\DirtCliffs\DirtCliffs03.nif
NorPlatCorIn02,0003AE9C,Dungeons\Nordic\Platforms\NorPlatCorIn02.nif
NorPlatWallStair02,0003AEA5,Dungeons\Nordic\Platforms\NorPlatWallStair02.nif
ImpLHallDeadEnd02,0003AEA7,Dungeons\Imperial\LargeHall\ImpLHallDeadEnd02.nif
ImpLHallDeadEnd01,0003AEA8,Dungeons\Imperial\LargeHall\ImpLHallDeadEnd01.nif
ImpLHallDetwist02,0003AEAD,Dungeons\Imperial\LargeHall\ImpLHallDetwist02.nif
ImpLHallDetwist01,0003AEAE,Dungeons\Imperial\LargeHall\ImpLHallDetwist01.nif
ImpLHall1Way64L01,0003AEAF,Dungeons\Imperial\LargeHall\ImpLHall1Way64L01.nif
ImpLHall1Way64R01,0003AEB0,Dungeons\Imperial\LargeHall\ImpLHall1Way64R01.nif
ImpLHall1Way64U01,0003AEB1,Dungeons\Imperial\LargeHall\ImpLHall1Way64U01.nif
ImpLHall1Way128D01,0003AEB2,Dungeons\Imperial\LargeHall\ImpLHall1Way128D01.nif
ImpLHall1Way128L01,0003AEB3,Dungeons\Imperial\LargeHall\ImpLHall1Way128L01.nif
ImpLHall1Way128R01,0003AEB4,Dungeons\Imperial\LargeHall\ImpLHall1Way128R01.nif
ImpLHall1Way128U01,0003AEB5,Dungeons\Imperial\LargeHall\ImpLHall1Way128U01.nif
ImpLHall1Way64D01,0003AEB6,Dungeons\Imperial\LargeHall\ImpLHall1Way64D01.nif
1stPersonAkaviriKatana,0003AEB8,Weapons\Akaviri\1stPersonBladesSword.nif
RoadSignHelgen01R,0003AF96,Clutter\Signage\RoadSigns\RoadSignHelgen01R.nif
RoadSignMarkarth01,0003AF97,Clutter\Signage\RoadSigns\RoadSignMarkarth01.nif
RoadSignRiften01,0003AF98,Clutter\Signage\RoadSigns\RoadSignRiften01.nif
RoadSignSolitude01,0003AF99,Clutter\Signage\RoadSigns\RoadSignSolitude01.nif
RoadSignWhiterun01,0003AF9A,Clutter\Signage\RoadSigns\RoadSignWhiterun01.nif
RoadSignWindhelm01,0003AF9B,Clutter\Signage\RoadSigns\RoadSignWindhelm01.nif
RoadSignHelgen01L,0003AF9C,Clutter\Signage\RoadSigns\RoadSignHelgen01L.nif
RoadSignPost,0003AF9D,Clutter\Signage\RoadSigns\RoadSignPost.nif
FrostbiteSpider100,0003AFE2,Actors\FrostbiteSpider\FrostbiteSpiderStatic.nif
FrostbiteSpider50,0003AFE3,Actors\FrostbiteSpider\Character Assets\FrostbiteSpider.nif
FrostbiteSpider25,0003AFE4,Actors\FrostbiteSpider\FrostbiteSpiderStatic25.nif
1stPersonFalmerSword,0003AFE5,Weapons\Falmer\1stPersonFalmerLongSword.nif
1stPersonFalmerAxe,0003AFE6,Weapons\Falmer\1stPersonFalmerBattleAxe.nif
1stPersonFalmerBow,0003AFE7,Weapons\Falmer\FalmerBow.nif
ImpLHallStairs01,0003B346,Dungeons\Imperial\LargeHall\ImpLHallStairs01.nif
ImpLHallStairs02,0003B349,Dungeons\Imperial\LargeHall\ImpLHallStairs02.nif
ImpLHallDoor01,0003B34A,Dungeons\Imperial\LargeHall\ImpLHallDoor01.nif
ImpLHallDoorR01,0003B36B,Dungeons\Imperial\LargeHall\ImpLHallDoorR01.nif
ImpLHallDoorL01,0003B36C,Dungeons\Imperial\LargeHall\ImpLHallDoorL01.nif
ImpLHallDoorB01,0003B4A9,Dungeons\Imperial\LargeHall\ImpLHallDoorB01.nif
ImpLHallDoorBB01,0003B4AA,Dungeons\Imperial\LargeHall\ImpLHallDoorBB01.nif
ImpLHallDoorLB01,0003B4AB,Dungeons\Imperial\LargeHall\ImpLHallDoorLB01.nif
ImpLHallDoorRB01,0003B4AC,Dungeons\Imperial\LargeHall\ImpLHallDoorRB01.nif
ImpLHall1Way64Short01,0003B4AD,Dungeons\Imperial\LargeHall\ImpLHall1Way64Short01.nif
ImpLHall1Way128Short01,0003B4AE,Dungeons\Imperial\LargeHall\ImpLHall1Way128Short01.nif
ImpLHall1Way256Short01,0003B4AF,Dungeons\Imperial\LargeHall\ImpLHall1Way256Short01.nif
ImpLHallDoor02,0003B4B0,Dungeons\Imperial\LargeHall\ImpLHallDoor02.nif
MineralPoolBig01,0003B4D9,Landscape\Volcanic\MineralPoolBig01.nif
1stPersonWoodenBow,0003B563,Weapons\Wooden\Woodenbow.nif
DBNightMotherCoffin2,0003B673,Clutter\Ruins\Ruins_Altar01.nif
MountainTrim01_HeavySN,0003B6A3,Landscape\Mountains\MountainTrim01.nif
DweHallBg1way01,0003B6AB,Dungeons\Dwemer\BgHalls\DweHallBg1way01.nif
DweHallBg1way02,0003B6C9,Dungeons\Dwemer\BgHalls\DweHallBg1way02.nif
WRWallTierDivide01,0003B824,Architecture\WhiteRun\WRCityWalls\WRWallTierDivide01.nif
NorRubblePile06,0003BC38,Dungeons\Nordic\Rubble\NorRubblePile06.nif
NorRubblePile07,0003BC39,Dungeons\Nordic\Rubble\NorRubblePile07.nif
NorRubblePile08,0003BC3A,Dungeons\Nordic\Rubble\NorRubblePile08.nif
TundraStreamEnd01Tundra01,0003BD73,Landscape\Tundra\TundraStreamEnd01.nif
RifRmBgKeepWallExSm02,0003C49C,Architecture\Riften\Interior\BigRoomKeep\RifRmBgKeepWallExSm02.nif
RTBeeBarb01,0003C59F,Architecture\Riften\RTBeeBarb01.nif
RiftenRWTGRoomWall01,0003C5A2,Dungeons\Riften\ThievesGuild\RiftenRWTGRoomWall01.nif
RiftenRWTGRoomMid01,0003C654,Dungeons\Riften\ThievesGuild\RiftenRWTGRoomMid01.nif
RiftenRWTGRoomCorner01,0003C674,Dungeons\Riften\ThievesGuild\RiftenRWTGRoomCorner01.nif
NorRmBgWallSideForgeBase01,0003CB7F,Dungeons\Nordic\BgRooms\NorRmBgWallSideForgeBase01.nif
NorRmBgWallFrontForgeBase01,0003CB80,Dungeons\Nordic\BgRooms\NorRmBgWallFrontForgeBase01.nif
NorRmSmWallSideFireplace01,0003CB81,Dungeons\Nordic\SmRooms\NorRmSmWallSideFireplace01.nif
NorRmSmWallFrontFireplace01,0003CB82,Dungeons\Nordic\SmRooms\NorRmSmWallFrontFireplace01.nif
ImpFloorMid01,0003CB89,Dungeons\Imperial\ClutterKits\ImpFloorMid01.nif
ImpFloorMid02,0003CB8A,Dungeons\Imperial\ClutterKits\ImpFloorMid02.nif
ImpFloorMid03,0003CB8B,Dungeons\Imperial\ClutterKits\ImpFloorMid03.nif
ImpFloorStraight01,0003CB8C,Dungeons\Imperial\ClutterKits\ImpFloorStraight01.nif
ImpFloorStraight02,0003CB8D,Dungeons\Imperial\ClutterKits\ImpFloorStraight02.nif
ImpFloorStraight03,0003CB8E,Dungeons\Imperial\ClutterKits\ImpFloorStraight03.nif
ImpFloorStraight04,0003CB8F,Dungeons\Imperial\ClutterKits\ImpFloorStraight04.nif
ImpHallArch01,0003CB90,Dungeons\Imperial\ClutterKits\ImpHallArch01.nif
ImpHallWall01,0003CB91,Dungeons\Imperial\ClutterKits\ImpHallWall01.nif
ImpPillar01,0003CB92,Dungeons\Imperial\ClutterKits\ImpPillar01.nif
ImpFloorCorner01,0003CB93,Dungeons\Imperial\ClutterKits\ImpFloorCorner01.nif
ImpFloorCorner02,0003CB94,Dungeons\Imperial\ClutterKits\ImpFloorCorner02.nif
ImpFloorCorner03,0003CB95,Dungeons\Imperial\ClutterKits\ImpFloorCorner03.nif
ImpFloorCorner04,0003CB96,Dungeons\Imperial\ClutterKits\ImpFloorCorner04.nif
ImpFloorICorner01,0003CB97,Dungeons\Imperial\ClutterKits\ImpFloorICorner01.nif
ImpFloorICorner02,0003CB98,Dungeons\Imperial\ClutterKits\ImpFloorICorner02.nif
ImpFloorICorner03,0003CB99,Dungeons\Imperial\ClutterKits\ImpFloorICorner03.nif
ImpFloorICorner04,0003CB9A,Dungeons\Imperial\ClutterKits\ImpFloorICorner04.nif
ShipwreckLarge03,0003CCDA,Dungeons\Ship\ShipwreckLarge03.nif
ShipwreckLarge04,0003CCDE,Dungeons\Ship\ShipwreckLarge04.nif
FXspiderWebKitCorner3,0003CD17,Effects\FXspiderWebKitCorner3.nif
WRHouseWind01,0003CDE3,Architecture\WhiteRun\WRBuildings\WRHouseWind01.nif
WRTerWind01,0003CDE5,Architecture\WhiteRun\WRTerrain\WRTerWind01.nif
WRHouseWind02,0003CDEE,Architecture\WhiteRun\WRBuildings\WRHouseWind02.nif
WRWallTotem01,0003CDF2,Architecture\WhiteRun\WRCityWalls\WRWallTotem01.nif
RockCairn01,0003CED5,Landscape\Rocks\Cairns\RockCairn01.nif
RockCairn01Snow,0003CED7,Landscape\Rocks\Cairns\RockCairn01.nif
SLgGWalSec05,0003CFA6,Architecture\Solitude\Interiors\SLgGWalSec05.nif
SLgGWalEndThi02,0003CFA7,Architecture\Solitude\Interiors\SLgGWalEndThi02.nif
SLgGWalSec04,0003CFE9,Architecture\Solitude\Interiors\SLgGWalSec04.nif
SMdFColSol03,0003D35F,Architecture\Solitude\Interiors\SMdFColSol03.nif
SLgFTraCor02,0003D3B7,Architecture\Solitude\Interiors\SLgFTraCor02.nif
SLgFTraConMid01,0003D3B8,Architecture\Solitude\Interiors\SLgFTraConMid01.nif
SLgFTraCor01,0003D3B9,Architecture\Solitude\Interiors\SLgFTraCor01.nif
SLgFArchCap01,0003D3BA,Architecture\Solitude\Interiors\SLgFArchCap01.nif
SLGFArchCor02,0003D3D8,Architecture\Solitude\Interiors\SLGFArchCor02.nif
SLgFCeiSol01,0003D3D9,Architecture\Solitude\Interiors\SLgFCeiSol01.nif
SLGFArchCor01,0003D3DA,Architecture\Solitude\Interiors\SLGFArchCor01.nif
RockCairn02,0003D4B2,Landscape\Rocks\Cairns\RockCairn02.nif
RockCairn02Snow,0003D4B3,Landscape\Rocks\Cairns\RockCairn02.nif
RockCairn03,0003D4B5,Landscape\Rocks\Cairns\RockCairn03.nif
RockCairn03Snow,0003D4B6,Landscape\Rocks\Cairns\RockCairn03.nif
RockCairn04,0003D4B8,Landscape\Rocks\Cairns\RockCairn04.nif
RockCairn04Snow,0003D4B9,Landscape\Rocks\Cairns\RockCairn04.nif
SLgFStaSol04,0003D4EE,Architecture\Solitude\Interiors\SLgFStaSol04.nif
WRHouseWind03,0003DE2E,Architecture\WhiteRun\WRBuildings\WRHouseWind03.nif
WRHallOftheDead01,0003DE33,Architecture\WhiteRun\WRBuildings\WRHallOftheDead01.nif
WRStocks01,0003DE3F,Architecture\WhiteRun\WRStocks01.nif
ExteriorWoodenTable01,0003DE44,Clutter\ExteriorWoodenFurniture\ExteriorWoodenTable01.nif
DragonMarkerCrashStrip,0003DF55,Markers\Marker_DragonCrash.nif
ImpLWallDoor01,0003E1EC,Dungeons\Imperial\ClutterKits\ImpLWallDoor01.nif
ImpLWallDoor02,0003E1ED,Dungeons\Imperial\ClutterKits\ImpLWallDoor02.nif
ImpLWall01,0003E1EE,Dungeons\Imperial\ClutterKits\ImpLWall01.nif
ImpLWall02,0003E1EF,Dungeons\Imperial\ClutterKits\ImpLWall02.nif
ImpLSupport02,0003E1F4,Dungeons\Imperial\ClutterKits\ImpLSupport02.nif
ImpLSupport01,0003E1F5,Dungeons\Imperial\ClutterKits\ImpLSupport01.nif
ImpLSupportSmall01,0003E1F8,Dungeons\Imperial\ClutterKits\ImpLSupportSmall01.nif
ImpFreeStairs01,0003E1FA,Dungeons\Imperial\ClutterKits\ImpFreeStairs01.nif
ImpFreeWall01,0003E1FB,Dungeons\Imperial\ClutterKits\ImpFreeWall01.nif
ImpFreeArch,0003E1FC,Dungeons\Imperial\ClutterKits\ImpFreeArch.nif
ImpFreeDoor01,0003E1FD,Dungeons\Imperial\ClutterKits\ImpFreeDoor01.nif
ImpRoomCeiling01,0003E1FE,Dungeons\Imperial\ClutterKits\ImpRoomCeiling01.nif
ImpFloorPiece01,0003E1FF,Dungeons\Imperial\ClutterKits\ImpFloorPiece01.nif
ImpFloorPiece02,0003E203,Dungeons\Imperial\ClutterKits\ImpFloorPiece02.nif
ImpLSupport04,0003E20C,Dungeons\Imperial\ClutterKits\ImpLSupport04.nif
ImpLSupport03,0003E20D,Dungeons\Imperial\ClutterKits\ImpLSupport03.nif
ImpPillarBroken01,0003E210,Dungeons\Imperial\ClutterKits\ImpPillarBroken01.nif
ImpFloorChunk02,0003E211,Dungeons\Imperial\ClutterKits\ImpFloorChunk02.nif
ImpFloorChunk01,0003E212,Dungeons\Imperial\ClutterKits\ImpFloorChunk01.nif
ImpLRoomPillar03,0003E213,Dungeons\Imperial\ClutterKits\ImpLRoomPillar03.nif
ImpLRoomPillar04,0003E214,Dungeons\Imperial\ClutterKits\ImpLRoomPillar04.nif
ImpLRoomPillar05,0003E215,Dungeons\Imperial\ClutterKits\ImpLRoomPillar05.nif
ImpLRoomPillar06,0003E216,Dungeons\Imperial\ClutterKits\ImpLRoomPillar06.nif
ImpLRoomPillar02,0003E217,Dungeons\Imperial\ClutterKits\ImpLRoomPillar02.nif
ImpPillarBroken03,0003E218,Dungeons\Imperial\ClutterKits\ImpPillarBroken03.nif
ImpPillarBroken04,0003E219,Dungeons\Imperial\ClutterKits\ImpPillarBroken04.nif
ImpPillarBrokenTop01,0003E21A,Dungeons\Imperial\ClutterKits\ImpPillarBrokenTop01.nif
ImpPillarBrokenTop02,0003E21B,Dungeons\Imperial\ClutterKits\ImpPillarBrokenTop02.nif
ImpPillarBroken02,0003E21C,Dungeons\Imperial\ClutterKits\ImpPillarBroken02.nif
ImpRubblePileSmall01,0003E21D,Dungeons\Imperial\ClutterKits\ImpRubblePileSmall01.nif
ImpRubblePileSmall02,0003E21E,Dungeons\Imperial\ClutterKits\ImpRubblePileSmall02.nif
ImpRubblePileSmall03,0003E21F,Dungeons\Imperial\ClutterKits\ImpRubblePileSmall03.nif
ImpRubblePileSmall04,0003E220,Dungeons\Imperial\ClutterKits\ImpRubblePileSmall04.nif
ImpStoneBlock01,0003E221,Dungeons\Imperial\ClutterKits\ImpStoneBlock01.nif
ImpStoneBlock02,0003E222,Dungeons\Imperial\ClutterKits\ImpStoneBlock02.nif
ImpStoneBlock03,0003E223,Dungeons\Imperial\ClutterKits\ImpStoneBlock03.nif
ImpStoneBlock04,0003E224,Dungeons\Imperial\ClutterKits\ImpStoneBlock04.nif
ImpStoneBlock05,0003E225,Dungeons\Imperial\ClutterKits\ImpStoneBlock05.nif
ImpStoneBlock06,0003E226,Dungeons\Imperial\ClutterKits\ImpStoneBlock06.nif
ImpWoodbeam01,0003E227,Dungeons\Imperial\ClutterKits\ImpWoodbeam01.nif
ImpWoodbeam02,0003E228,Dungeons\Imperial\ClutterKits\ImpWoodbeam02.nif
ImpWoodbeam03,0003E229,Dungeons\Imperial\ClutterKits\ImpWoodbeam03.nif
ImpWoodbeam04,0003E22A,Dungeons\Imperial\ClutterKits\ImpWoodbeam04.nif
ImpWoodbeam05,0003E22B,Dungeons\Imperial\ClutterKits\ImpWoodbeam05.nif
ImpWoodbeam06,0003E22C,Dungeons\Imperial\ClutterKits\ImpWoodbeam06.nif
ImpWoodbeam07,0003E22D,Dungeons\Imperial\ClutterKits\ImpWoodbeam07.nif
ImpWoodbeam08,0003E22E,Dungeons\Imperial\ClutterKits\ImpWoodbeam08.nif
ImpRubblePiece01,0003E22F,Dungeons\Imperial\ClutterKits\ImpRubblePiece01.nif
ImpRubblePiece02,0003E230,Dungeons\Imperial\ClutterKits\ImpRubblePiece02.nif
ImpRubblePiece03,0003E231,Dungeons\Imperial\ClutterKits\ImpRubblePiece03.nif
ImpRubblePiece04,0003E232,Dungeons\Imperial\ClutterKits\ImpRubblePiece04.nif
ImpRubblePiece05,0003E233,Dungeons\Imperial\ClutterKits\ImpRubblePiece05.nif
ImpRubblePile01,0003E234,Dungeons\Imperial\ClutterKits\ImpRubblePile01.nif
ImpRubblePile02,0003E235,Dungeons\Imperial\ClutterKits\ImpRubblePile02.nif
ImpRubblePile03,0003E236,Dungeons\Imperial\ClutterKits\ImpRubblePile03.nif
ImpRubblePile04,0003E237,Dungeons\Imperial\ClutterKits\ImpRubblePile04.nif
ImpRubblePile05,0003E238,Dungeons\Imperial\ClutterKits\ImpRubblePile05.nif
SSecretJailDoor02,0003E3F6,Architecture\Solitude\Interiors\SSecretJailDoor02.nif
FXSpiderwebShaft,0003E493,Effects\FXSpiderwebShaft.nif
FXspiderWebKitCorner2,0003E495,Effects\FXspiderWebKitCorner2.nif
FXspiderWebKitWall01,0003E4A6,Effects\FXspiderWebKitWall01.nif
TreeTundraDriftWood02,0003E4AE,Landscape\Trees\TundraDriftWood02.nif
SBardsCollegeTower,0003E5A0,Architecture\Solitude\SBardsCollegeTower.nif
NorPortcullisStatic,0003E61A,Dungeons\Nordic\Doors\Animated\Portcullis\NorPortcullisGate01.nif
CaveLamp01,0003E62F,Clutter\Caves\Cave_Lamp01.nif
CaveLamp02,0003E631,Clutter\Caves\Cave_Lamp02.nif
SOVintFloor01,0003E6C1,Architecture\Sovengarde\SovngardeInterior\SOVintFloor01.nif
SOVintFloorCor01,0003E6E9,Architecture\Sovengarde\SovngardeInterior\SOVintFloorCor01.nif
SOVintFloorStr01,0003E6EA,Architecture\Sovengarde\SovngardeInterior\SOVintFloorStr01.nif
SOVintFloorMid01,0003E6EB,Architecture\Sovengarde\SovngardeInterior\SOVintFloorMid01.nif
SOVintWingWinR,0003E6EE,Architecture\Sovengarde\SovngardeInterior\SOVintWingWinR.nif
SOVintColumn01,0003E6F0,Architecture\Sovengarde\SovngardeInterior\SOVintColumn01.nif
SOVintWingWinL,0003E6F1,Architecture\Sovengarde\SovngardeInterior\SOVintWingWinL.nif
FXspiderWebKitPost01,0003E701,Effects\FXspiderWebKitPost01.nif
WRSkyForge01,0003E740,Architecture\WhiteRun\WRTerrain\WRSkyForge01.nif
Campfire01LandOffReachDirt,0003E983,Clutter\WoodFires\Campfire01LandOff.nif
NorHallSm1wayDam01,0003E9F0,Dungeons\Nordic\SmHalls\NorHallSm1wayDam01.nif
NorRmBgWallSideExBgHigh01,0003E9F1,Dungeons\Nordic\BgRooms\NorRmBgWallSideExBgHigh01.nif
NorRmBgWallFrontDam01,0003E9F2,Dungeons\Nordic\BgRooms\NorRmBgWallFrontDam01.nif
NorRmBgWallFrontExBgHigh01,0003E9F3,Dungeons\Nordic\BgRooms\NorRmBgWallFrontExBgHigh01.nif
NorRmBgWallSideDam01,0003E9F4,Dungeons\Nordic\BgRooms\NorRmBgWallSideDam01.nif
SOVintPlatformStr01Half,0003EA28,Architecture\Sovengarde\SovngardeInterior\SOVintPlatformStr01Half.nif
SOVintFloorFirePlace01,0003EA52,Architecture\Sovengarde\SovngardeInterior\SOVintFloorFirePlace01.nif
CamDollyBack1024x200,0003EA6D,Cameras\CamDollyBack1024x200.nif
CamCraneUp256x200,0003EA6F,Cameras\CamCraneUp256x200.nif
RTCivilWarTower01,0003EA8C,Architecture\Riften\RTCivilWarTower01.nif
NorPlatBgMid01,0003EAC7,Dungeons\Nordic\Platforms\NorPlatBgMid01.nif
NorPlatBgWall01,0003EAC8,Dungeons\Nordic\Platforms\NorPlatBgWall01.nif
NorPlatBgCorDblEnd01,0003EAC9,Dungeons\Nordic\Platforms\NorPlatBgCorDblEnd01.nif
NorPlatBgCorOut01,0003EACA,Dungeons\Nordic\Platforms\NorPlatBgCorOut01.nif
NorPlatBgStairCapR01,0003EACB,Dungeons\Nordic\Platforms\NorPlatBgStairCapR01.nif
NorPlatBgStairMid01,0003EACC,Dungeons\Nordic\Platforms\NorPlatBgStairMid01.nif
NorPlatBgCorIn01,0003EACD,Dungeons\Nordic\Platforms\NorPlatBgCorIn01.nif
NorPlatBgStairCapL01,0003EACE,Dungeons\Nordic\Platforms\NorPlatBgStairCapL01.nif
NorPlatBgMid02,0003EACF,Dungeons\Nordic\Platforms\NorPlatBgMid02.nif
NorPlatBgStairMid02,0003EAD0,Dungeons\Nordic\Platforms\NorPlatBgStairMid02.nif
NorPlatBgWall02,0003EAD1,Dungeons\Nordic\Platforms\NorPlatBgWall02.nif
NorPlatBgTower01,0003EAD2,Dungeons\Nordic\Platforms\NorPlatBgTower01.nif
NorPlatBgTower02,0003EAD3,Dungeons\Nordic\Platforms\NorPlatBgTower02.nif
NorPlatBgTowerBridge01,0003EAD4,Dungeons\Nordic\Platforms\NorPlatBgTowerBridge01.nif
NorPlatBgTowerBridgeFree01,0003EAD5,Dungeons\Nordic\Platforms\NorPlatBgTowerBridgeFree01.nif
NorPlatBgExSmFree01,0003EAD6,Dungeons\Nordic\Platforms\NorPlatBgExSmFree01.nif
NorPlatBgGuardHouse01,0003EAD7,Dungeons\Nordic\Platforms\NorPlatBgGaurdHouse01.nif
NorPlatBgStairsFree01,0003EAD8,Dungeons\Nordic\Platforms\NorPlatBgStairsFree01.nif
WRIntRoofSTCorR,0003ED45,Architecture\WhiteRun\WRInteriors\WRIntRoofSTCorR.nif
WRIntRoofCorCorInR,0003EE44,Architecture\WhiteRun\WRInteriors\WRIntRoofCorCorInR.nif
WRIntWallSTStr01,0003EE45,Architecture\WhiteRun\WRInteriors\WRIntWallSTStr01.nif
WRIntWallSTStrWinA,0003EE46,Architecture\WhiteRun\WRInteriors\WRIntWallSTStrWinA.nif
WRIntWallSTCorWinL,0003EE48,Architecture\WhiteRun\WRInteriors\WRIntWallSTCorWinL.nif
WRIntWallSTCor01,0003EE49,Architecture\WhiteRun\WRInteriors\WRIntWallSTCor01.nif
WRIntWallSTCorWinR,0003EE4D,Architecture\WhiteRun\WRInteriors\WRIntWallSTCorWinR.nif
WRIntRoofSTCorL,0003EE4F,Architecture\WhiteRun\WRInteriors\WRIntRoofSTCorL.nif
WRIntRoofSTCorCorInR,0003EE51,Architecture\WhiteRun\WRInteriors\WRIntRoofSTCorCorInR.nif
WRIntFreeWallColum02,0003EE53,Architecture\WhiteRun\WRInteriors\WRIntFreeWallColum02.nif
WRIntWallCor01A,0003EE54,Architecture\WhiteRun\WRInteriors\WRIntWallCor01A.nif
WRIntWallStr01WinBLow,0003EE55,Architecture\WhiteRun\WRInteriors\WRIntWallStr01WinBLow.nif
WRIntLoftWallRoof01A,0003EE56,Architecture\WhiteRun\WRInteriors\WRIntLoftWallRoof01A.nif
WRIntWallStrDoor01Custom01,0003EE57,Architecture\WhiteRun\WRInteriors\WRIntWallStrDoor01Custom01.nif
WRIntRoofCorL01A,0003EE58,Architecture\WhiteRun\WRInteriors\WRIntRoofCorL01A.nif
WRIntRoofCorR01A,0003EE59,Architecture\WhiteRun\WRInteriors\WRIntRoofCorR01A.nif
WRIntFloorDirtCustom01,0003EE5C,Architecture\WhiteRun\WRInteriors\WRIntFloorDirtCustom01.nif
WRIntRoofAlcoveCap01A,0003F042,Architecture\WhiteRun\WRInteriors\WRIntRoofAlcoveCap01A.nif
WRIntRoofSTCorCorInL,0003F043,Architecture\WhiteRun\WRInteriors\WRIntRoofSTCorCorInL.nif
WRIntRoofCorR01OpenA,0003F044,Architecture\WhiteRun\WRInteriors\WRIntRoofCorR01OpenA.nif
WRIntRoofCorL01OpenA,0003F045,Architecture\WhiteRun\WRInteriors\WRIntRoofCorL01OpenA.nif
ImpExtTower01,0003F1F9,Dungeons\Imperial\Exterior\ImpExtTower01.nif
ImpExtWall01,0003F201,Dungeons\Imperial\Exterior\ImpExtWall01.nif
WRTerCloud01,0003F5F8,Architecture\WhiteRun\WRTerrain\WRTerCloud01.nif
WRCastleBridge01,0003F5FD,Architecture\WhiteRun\WRBuildings\WRCastleBridge01.nif
WRShIntStr01,0003F61E,Architecture\WhiteRun\WRInteriors\WRShackInterior\WRShIntStr01.nif
ImpExtWallDivider01,0003F63C,Dungeons\Imperial\Exterior\ImpExtWallDivider01.nif
ImpExtSupport01,0003F648,Dungeons\Imperial\Exterior\ImpExtSupport01.nif
ImpExtWindow01,0003F64E,Dungeons\Imperial\Exterior\ImpExtWindow01.nif
NorSarcophagusBroken01,0003F7DC,Clutter\Ruins\RuinsFurnitureRubble01.nif
NorSarcophagusBroken01chunk,0003F7DE,Clutter\Ruins\RuinsFurnitureRubble02.nif
RuinsBrokenTable01,0003F7E0,Clutter\Ruins\RuinsFurnitureRubble03.nif
RuinsBrokenTable02,0003F7E2,Clutter\Ruins\RuinsFurnitureRubble04.nif
RuinsBrokenShelf01,0003F7E4,Clutter\Ruins\RuinsFurnitureRubble05.nif
RuinsBrokenShelf02,0003F7E6,Clutter\Ruins\RuinsFurnitureRubble06.nif
RuinsBrokenShelf03,0003F7E8,Clutter\Ruins\RuinsFurnitureRubble07.nif
RuinsBrokenShelf04,0003F7EA,Clutter\Ruins\RuinsFurnitureRubble08.nif
RuinsBrokenBench01,0003F7EC,Clutter\Ruins\RuinsFurnitureRubble09.nif
RuinsBrokenBench02,0003F7EE,Clutter\Ruins\RuinsFurnitureRubble10.nif
RuinsBrokenBench03,0003F7F0,Clutter\Ruins\RuinsFurnitureRubble11.nif
RuinsBrokenBench04,0003F7F2,Clutter\Ruins\RuinsFurnitureRubble12.nif
RuinsBrokenThrone01,0003F7F4,Clutter\Ruins\RuinsFurnitureRubble13.nif
RuinsBrokenThrone02,0003F7F6,Clutter\Ruins\RuinsFurnitureRubble14.nif
RuinsAltarBroken,0003F812,Clutter\Ruins\RuinsFurnitureRubble15.nif
RockPileL01RiverbedEdge,0003F85D,Landscape\Rocks\RockPileL01.nif
RockPileS01TundraRocks,0003F863,Landscape\Rocks\RockPileS01.nif
WRShIntCor01,0003F89E,Architecture\WhiteRun\WRInteriors\WRShackInterior\WRShIntCor01.nif
WRShIntStr01Win,0003F8A2,Architecture\WhiteRun\WRInteriors\WRShackInterior\WRShIntStr01Win.nif
WRShIntCor01WinR,0003F8A4,Architecture\WhiteRun\WRInteriors\WRShackInterior\WRShIntCor01WinR.nif
WRShIntCor01WinL,0003F8A5,Architecture\WhiteRun\WRInteriors\WRShackInterior\WRShIntCor01WinL.nif
WRShIntBeam512,0003F8A6,Architecture\WhiteRun\WRInteriors\WRShackInterior\WRShIntBeam512.nif
WRShIntCor01WinROpenR,0003F8AB,Architecture\WhiteRun\WRInteriors\WRShackInterior\WRShIntCor01WinROpenR.nif
WRShIntCor01OpenL,0003F8AC,Architecture\WhiteRun\WRInteriors\WRShackInterior\WRShIntCor01OpenL.nif
WRShIntAlcove01Win,0003F8AD,Architecture\WhiteRun\WRInteriors\WRShackInterior\WRShIntAlcove01Win.nif
WRShIntStrDoor01,0003F8B0,Architecture\WhiteRun\WRInteriors\WRShackInterior\WRShIntStrDoor01.nif
WRShIntRoofStr01,0003F8B2,Architecture\WhiteRun\WRInteriors\WRShackInterior\WRShIntRoofStr01.nif
RockTundraLand01FieldGrass01,0003F926,Landscape\Tundra\RockTundraLand01.nif
ImpExtStairs01,0003F93B,Dungeons\Imperial\Exterior\ImpExtStairs01.nif
ImpExtStairs02,0003F93C,Dungeons\Imperial\Exterior\ImpExtStairs02.nif
ImpExtArchSupport01,0003F93D,Dungeons\Imperial\Exterior\ImpExtArchSupport01.nif
ImpExtBridge01,0003F943,Dungeons\Imperial\Exterior\ImpExtBridge01.nif
ImpExtWallGate01,0003F948,Dungeons\Imperial\Exterior\ImpExtWallGate01.nif
WallMountedElkMale,0003F94E,Clutter\DeadAnimals\MountedMaleElk.nif
ImpExtDoorhole01,0003F94F,Dungeons\Imperial\Exterior\ImpExtDoorhole01.nif
ImpExtRubble04,0003F957,Dungeons\Imperial\Exterior\ImpExtRubble04.nif
ImpExtRubble05,0003F958,Dungeons\Imperial\Exterior\ImpExtRubble05.nif
ImpExtRubble06,0003F959,Dungeons\Imperial\Exterior\ImpExtRubble06.nif
ImpExtRubble01,0003F95A,Dungeons\Imperial\Exterior\ImpExtRubble01.nif
ImpExtRubble02,0003F95B,Dungeons\Imperial\Exterior\ImpExtRubble02.nif
ImpExtRubble03,0003F95C,Dungeons\Imperial\Exterior\ImpExtRubble03.nif
ImpExtBldgICorner01,0003F96B,Dungeons\Imperial\Exterior\ImpExtBldgICorner01.nif
ImpExtBldgICorner02,0003F96C,Dungeons\Imperial\Exterior\ImpExtBldgICorner02.nif
ImpExtBldgICorner03,0003F96D,Dungeons\Imperial\Exterior\ImpExtBldgICorner03.nif
ImpExtBldgICorner04,0003F96E,Dungeons\Imperial\Exterior\ImpExtBldgICorner04.nif
ImpExtBldgMid01,0003F96F,Dungeons\Imperial\Exterior\ImpExtBldgMid01.nif
ImpExtBldgMid02,0003F970,Dungeons\Imperial\Exterior\ImpExtBldgMid02.nif
ImpExtBldgMid03,0003F971,Dungeons\Imperial\Exterior\ImpExtBldgMid03.nif
ImpExtBldgStraight01,0003F972,Dungeons\Imperial\Exterior\ImpExtBldgStraight01.nif
ImpExtBldgStraight02,0003F973,Dungeons\Imperial\Exterior\ImpExtBldgStraight02.nif
ImpExtBldgStraight03,0003F974,Dungeons\Imperial\Exterior\ImpExtBldgStraight03.nif
ImpExtBldgStraight04,0003F975,Dungeons\Imperial\Exterior\ImpExtBldgStraight04.nif
ImpExtBldgCorner01,0003F976,Dungeons\Imperial\Exterior\ImpExtBldgCorner01.nif
ImpExtBldgCorner02,0003F977,Dungeons\Imperial\Exterior\ImpExtBldgCorner02.nif
ImpExtBldgCorner03,0003F978,Dungeons\Imperial\Exterior\ImpExtBldgCorner03.nif
ImpExtBldgCorner04,0003F979,Dungeons\Imperial\Exterior\ImpExtBldgCorner04.nif
ImpExtBlocks04,0003F985,Dungeons\Imperial\Exterior\ImpExtBlocks04.nif
ImpExtBlocks05,0003F986,Dungeons\Imperial\Exterior\ImpExtBlocks05.nif
ImpExtBlocks06,0003F987,Dungeons\Imperial\Exterior\ImpExtBlocks06.nif
ImpExtBlocks01,0003F988,Dungeons\Imperial\Exterior\ImpExtBlocks01.nif
ImpExtBlocks02,0003F989,Dungeons\Imperial\Exterior\ImpExtBlocks02.nif
ImpExtBlocks03,0003F98A,Dungeons\Imperial\Exterior\ImpExtBlocks03.nif
WRBridge01,0003FA26,Architecture\WhiteRun\WRBuildings\WRBridge01.nif
WRBridge02,0003FA27,Architecture\WhiteRun\WRBuildings\WRBridge02.nif
WallMountedElkFemale,0003FA2B,Clutter\DeadAnimals\MountedFemaleElk.nif
SMdDTraCon01,0003FA2D,Architecture\Solitude\Interiors\SMdDTraCon01.nif
SMdDArchCon01,0003FA2E,Architecture\Solitude\Interiors\SMdDArchCon01.nif
WallMountedElkAntlers,0003FA65,Clutter\Bones\MountedAntlers.nif
1stPersonImperialSword,0003FA6A,Weapons\Imperial\1stpersonImperialSword.nif
RuinsEggSacStatic01,0003FA7F,Clutter\Ruins\RuinsSpiderSac01.nif
RuinsEggSacStatic02,0003FA80,Clutter\Ruins\RuinsSpiderSac02.nif
RuinsEggSacStatic03,0003FA81,Clutter\Ruins\RuinsSpiderSac03.nif
RuinsEggSacStatic04,0003FA82,Clutter\Ruins\RuinsSpiderSac04.nif
SMdDWallInt01,0003FAB4,Architecture\Solitude\Interiors\SMdDWallInt01.nif
SMdDWallSol01,0003FAB8,Architecture\Solitude\Interiors\SMdDWallSol01.nif
SMDCFloCon01,0003FAB9,Architecture\Solitude\Interiors\SMDCFloCon01.nif
SLGDArchCon01,0003FABF,Architecture\Solitude\Interiors\SLGDArchCon01.nif
SLGDWallSol02,0003FAC0,Architecture\Solitude\Interiors\SLGDWallSol02.nif
SLGDWallSol01,0003FAC1,Architecture\Solitude\Interiors\SLGDWallSol01.nif
StockadeScaffoldRamp01,0003FB06,Clutter\Stockade\StockadeScaffoldRamp01.nif
WHarena02,0003FBB6,Architecture\Windhelm\WHarena02.nif
WHarena01,0003FBBE,Architecture\Windhelm\WHarena01.nif
RockPileL03SnowRocks,0003FF09,Landscape\Rocks\RockPileL03.nif
CamPanRight1024x200,00040301,Cameras\CamPanRight1024x200.nif
RuinsBench01Static,00040616,Furniture\Nordic\Ruins_Bench01.nif
NorRubblePileCeiling01,00040738,Dungeons\Nordic\Rubble\NorRubblePileCeiling01.nif
NorRubblePileCeiling02,0004073E,Dungeons\Nordic\Rubble\NorRubblePileCeiling02.nif
RockCliff02PineForest01,0004094A,Landscape\Rocks\RockCliff02.nif
WRJorvaskr01BackPorch01,00040AD2,Architecture\WhiteRun\WRBuildings\WRJorvaskr01BackPorch01.nif
ImpExtWall03,00040B09,Dungeons\Imperial\Exterior\ImpExtWall03.nif
ImpExtWall04,00040B0A,Dungeons\Imperial\Exterior\ImpExtWall04.nif
ImpExtWall05,00040B0B,Dungeons\Imperial\Exterior\ImpExtWall05.nif
ImpExtWall02,00040B0C,Dungeons\Imperial\Exterior\ImpExtWall02.nif
ImpExtTower02,00040B10,Dungeons\Imperial\Exterior\ImpExtTower02.nif
ImpExtTowerShellDoor03,00040B2E,Dungeons\Imperial\Exterior\ImpExtTowerShellDoor03.nif
ImpExtTowerShellDoor04,00040B2F,Dungeons\Imperial\Exterior\ImpExtTowerShellDoor04.nif
ImpExtTowerShellBase01,00040B30,Dungeons\Imperial\Exterior\ImpExtTowerShellBase01.nif
ImpExtTowerShellDoor01,00040B31,Dungeons\Imperial\Exterior\ImpExtTowerShellDoor01.nif
ImpExtTowerShellWall03,00040B32,Dungeons\Imperial\Exterior\ImpExtTowerShellWall03.nif
ImpExtTowerShellWall04,00040B33,Dungeons\Imperial\Exterior\ImpExtTowerShellWall04.nif
ImpExtTowerShellWall01,00040B34,Dungeons\Imperial\Exterior\ImpExtTowerShellWall01.nif
ImpExtTowerShellWall02,00040B35,Dungeons\Imperial\Exterior\ImpExtTowerShellWall02.nif
ImpExtTowerShellStairs01,00040B36,Dungeons\Imperial\Exterior\ImpExtTowerShellStairs01.nif
ImpExtTowerShellTop01,00040B37,Dungeons\Imperial\Exterior\ImpExtTowerShellTop01.nif
ImpExtTowerShellDoor02,00040B38,Dungeons\Imperial\Exterior\ImpExtTowerShellDoor02.nif
ShipTemp02,00040B78,Dungeons\Ship\ShipTemp02.nif
ShipTemp01,00040B79,Dungeons\Ship\ShipTemp01.nif
WRTerCloud02,00040BA3,Architecture\WhiteRun\WRTerrain\WRTerCloud02.nif
WRTerCloud03,00040BA8,Architecture\WhiteRun\WRTerrain\WRTerCloud03.nif
ImpJailPole01,00040BAD,Dungeons\Imperial\Jail\ImpJailPole01.nif
ImpJailTop01,00040BAE,Dungeons\Imperial\Jail\ImpJailTop01.nif
ImpJailWall01,00040BAF,Dungeons\Imperial\Jail\ImpJailWall01.nif
ImpJailWall02,00040BB0,Dungeons\Imperial\Jail\ImpJailWall02.nif
ImpJailDoorframe01,00040BB1,Dungeons\Imperial\Jail\ImpJailDoorframe01.nif
SMdFWalSol06,00040D33,Architecture\Solitude\Interiors\SMdFWalSol06.nif
SMdFTraCon04,00040D7F,Architecture\Solitude\Interiors\SMdFTraCon04.nif
SCastle,00040F43,Architecture\Solitude\SCastle.nif
SMdFCelJail01,0004116F,Architecture\Solitude\Interiors\SMdFCelJail01.nif
MineCDirtMound02_snowBlend,000411C5,Dungeons\Mines\Rocks\MineCDirtMound02.nif
MineCDirtMound08snowBlend,000411C6,Dungeons\Mines\Rocks\MineCDirtMound08.nif
WRJorvaskr01,00041246,Architecture\WhiteRun\WRBuildings\WRJorvaskr01.nif
RTMjollandTroutPurse01,0004128A,Architecture\Riften\RTMjollandTroutPurse01.nif
SSighPost,000413FB,Architecture\Solitude\Clutter\SSighPost.nif
MountainTrim01ReachDirt01,0004195C,Landscape\Mountains\MountainTrim01.nif
RockCliff02ReachDirt01Rocks01,0004195D,Landscape\Rocks\RockCliff02.nif
MountainCliffSlopeReachMoss01,00041A88,Landscape\Mountains\MountainCliffSlope.nif
MountainTrim01ReachMoss01,00041B04,Landscape\Mountains\MountainTrim01.nif
MountainTrim01ReachMossyRocks01,00041B07,Landscape\Mountains\MountainTrim01.nif
MountainTrim02ReachMoss01,00041B09,Landscape\Mountains\MountainTrim02.nif
RockPileM01ReachGrass01,00041B8C,Landscape\Rocks\RockPileM01.nif
RockPileM02ReachGrass01,00041B8E,Landscape\Rocks\RockPileM02.nif
RockPileL03ReachGrass01,00041CD8,Landscape\Rocks\RockPileL03.nif
FarmBench01Static,00041EC7,Furniture\Farm\FarmBench01.nif
RoadCurve90R01ReachDirt01,0004200E,Landscape\Roads\RoadCurve90R01.nif
MineLHall1Way01,00042045,Dungeons\Mines\MineLargeHall\MineLHall1Way01.nif
MineWoodbeam01,00042053,Dungeons\Mines\Clutter\MineWoodbeam01.nif
CaveGShaftBottom01Ice,0004205A,Dungeons\Caves\Green\Shafts\CaveGShaftBottom01.nif
CaveGShaftDoor01Ice,0004205B,Dungeons\Caves\Green\Shafts\CaveGShaftDoor01.nif
CaveGShaftDoor02Ice,0004205C,Dungeons\Caves\Green\Shafts\CaveGShaftDoor02.nif
CaveGShaftDoor03Ice,0004205D,Dungeons\Caves\Green\Shafts\CaveGShaftDoor03.nif
CaveGShaftDoor04Ice,0004205E,Dungeons\Caves\Green\Shafts\CaveGShaftDoor04.nif
CaveGShaftDoorB01Ice,0004205F,Dungeons\Caves\Green\Shafts\CaveGShaftDoorB01.nif
CaveGShaftDoorB02Ice,00042060,Dungeons\Caves\Green\Shafts\CaveGShaftDoorB02.nif
CaveGShaftDoorB03Ice,00042061,Dungeons\Caves\Green\Shafts\CaveGShaftDoorB03.nif
CaveGShaftDoorB04Ice,00042062,Dungeons\Caves\Green\Shafts\CaveGShaftDoorB04.nif
CaveGShaftDoorL01Ice,00042063,Dungeons\Caves\Green\Shafts\CaveGShaftDoorL01.nif
CaveGShaftDoorL02Ice,00042064,Dungeons\Caves\Green\Shafts\CaveGShaftDoorL02.nif
CaveGShaftDoorL03Ice,00042065,Dungeons\Caves\Green\Shafts\CaveGShaftDoorL03.nif
CaveGShaftDoorL04Ice,00042066,Dungeons\Caves\Green\Shafts\CaveGShaftDoorL04.nif
CaveGShaftDoorLB01Ice,00042067,Dungeons\Caves\Green\Shafts\CaveGShaftDoorLB01.nif
CaveGShaftDoorLB02Ice,00042068,Dungeons\Caves\Green\Shafts\CaveGShaftDoorLB02.nif
CaveGShaftDoorLB03Ice,00042069,Dungeons\Caves\Green\Shafts\CaveGShaftDoorLB03.nif
CaveGShaftDoorLB04Ice,0004206A,Dungeons\Caves\Green\Shafts\CaveGShaftDoorLB04.nif
CaveGShaftStraight01Ice,0004206B,Dungeons\Caves\Green\Shafts\CaveGShaftStraight01.nif
CaveGShaftTop01Ice,0004206C,Dungeons\Caves\Green\Shafts\CaveGShaftTop01.nif
CaveGShaftTop01cIce,0004206D,Dungeons\Caves\Green\Shafts\CaveGShaftTop01c.nif
CaveGShaftWall01Ice,0004206E,Dungeons\Caves\Green\Shafts\CaveGShaftWall01.nif
CaveGShaftWall02Ice,0004206F,Dungeons\Caves\Green\Shafts\CaveGShaftWall02.nif
CaveGShaftWall03Ice,00042070,Dungeons\Caves\Green\Shafts\CaveGShaftWall03.nif
CaveGShaftWall04Ice,00042071,Dungeons\Caves\Green\Shafts\CaveGShaftWall04.nif
CaveGBalconyCorner01Ice,00042072,Dungeons\Caves\Green\Balcony\CaveGBalconyCorner01.nif
CaveGBalconyCorner02Ice,00042073,Dungeons\Caves\Green\Balcony\CaveGBalconyCorner02.nif
CaveGBalconyCorner03Ice,00042074,Dungeons\Caves\Green\Balcony\CaveGBalconyCorner03.nif
CaveGBalconyCorner04Ice,00042075,Dungeons\Caves\Green\Balcony\CaveGBalconyCorner04.nif
CaveGBalconyCurve01Ice,00042076,Dungeons\Caves\Green\Balcony\CaveGBalconyCurve01.nif
CaveGBalconyCurve02Ice,00042077,Dungeons\Caves\Green\Balcony\CaveGBalconyCurve02.nif
CaveGBalconyCurve03Ice,00042078,Dungeons\Caves\Green\Balcony\CaveGBalconyCurve03.nif
CaveGBalconyCurve04Ice,00042079,Dungeons\Caves\Green\Balcony\CaveGBalconyCurve04.nif
CaveGBalconyICorner01Ice,0004207A,Dungeons\Caves\Green\Balcony\CaveGBalconyICorner01.nif
CaveGBalconyICorner02Ice,0004207B,Dungeons\Caves\Green\Balcony\CaveGBalconyICorner02.nif
CaveGBalconyICorner03Ice,0004207C,Dungeons\Caves\Green\Balcony\CaveGBalconyICorner03.nif
CaveGBalconyICorner04Ice,0004207D,Dungeons\Caves\Green\Balcony\CaveGBalconyICorner04.nif
CaveGBalconyMid01Ice,0004207E,Dungeons\Caves\Green\Balcony\CaveGBalconyMid01.nif
CaveGBalconyMid02Ice,0004207F,Dungeons\Caves\Green\Balcony\CaveGBalconyMid02.nif
CaveGBalconyRamp01Ice,00042080,Dungeons\Caves\Green\Balcony\CaveGBalconyRamp01.nif
CaveGBalconyRamp02Ice,00042081,Dungeons\Caves\Green\Balcony\CaveGBalconyRamp02.nif
CaveGBalconyShaftBridge01Ice,00042082,Dungeons\Caves\Green\Balcony\CaveGBalconyShaftBridge01.nif
CaveGBalconyShelf01Ice,00042083,Dungeons\Caves\Green\Balcony\CaveGBalconyShelf01.nif
CaveGBalconyShelf02Ice,00042084,Dungeons\Caves\Green\Balcony\CaveGBalconyShelf02.nif
CaveGBalconyStraight01Ice,00042085,Dungeons\Caves\Green\Balcony\CaveGBalconyStraight01.nif
CaveGBalconyStraight02Ice,00042086,Dungeons\Caves\Green\Balcony\CaveGBalconyStraight02.nif
CaveGBalconyStraight03Ice,00042087,Dungeons\Caves\Green\Balcony\CaveGBalconyStraight03.nif
CaveGBalconyStraight04Ice,00042088,Dungeons\Caves\Green\Balcony\CaveGBalconyStraight04.nif
CaveGBoulderL01Ice,00042089,Dungeons\Caves\Green\Rocks\CaveGBoulderL01.nif
CaveGBoulderL02Ice,0004208A,Dungeons\Caves\Green\Rocks\CaveGBoulderL02.nif
CaveGBoulderL03Ice,0004208B,Dungeons\Caves\Green\Rocks\CaveGBoulderL03.nif
CaveGBoulderL04Ice,0004208C,Dungeons\Caves\Green\Rocks\CaveGBoulderL04.nif
CaveGBoulderL05Ice,0004208D,Dungeons\Caves\Green\Rocks\CaveGBoulderL05.nif
CaveGBoulderM01Ice,0004208E,Dungeons\Caves\Green\Rocks\CaveGBoulderM01.nif
CaveGBoulderM02Ice,0004208F,Dungeons\Caves\Green\Rocks\CaveGBoulderM02.nif
CaveGBoulderM03Ice,00042090,Dungeons\Caves\Green\Rocks\CaveGBoulderM03.nif
CaveGBoulderM04Ice,00042091,Dungeons\Caves\Green\Rocks\CaveGBoulderM04.nif
CaveGBoulderPileS01Ice,00042092,Dungeons\Caves\Green\Rocks\CaveGBoulderPileS01.nif
CaveGBoulderPileS02Ice,00042093,Dungeons\Caves\Green\Rocks\CaveGBoulderPileS02.nif
CaveGBoulderS01Ice,00042094,Dungeons\Caves\Green\Rocks\CaveGBoulderS01.nif
CaveGBoulderS02Ice,00042095,Dungeons\Caves\Green\Rocks\CaveGBoulderS02.nif
CaveGBoulderS03Ice,00042096,Dungeons\Caves\Green\Rocks\CaveGBoulderS03.nif
MineWoodplanks01,00042097,Dungeons\Mines\Clutter\MineWoodplanks01.nif
RTLandC01,00042254,Architecture\Riften\RTLandC01.nif
RTLandL01,00042255,Architecture\Riften\RTLandL01.nif
RTDockWallR01,00042256,Architecture\Riften\RTDockWallR01.nif
RTLandR01,00042257,Architecture\Riften\RTLandR01.nif
RTDockWallL01,0004225E,Architecture\Riften\RTDockWallL01.nif
WRWallGateDrawBridge01,000424E6,Architecture\WhiteRun\WRCityWalls\WRWallGateDrawBridge01.nif
WRWallGateTarTrap01,00042515,Architecture\WhiteRun\WRCityWalls\WRWallGateTarTrap01.nif
NorPuzzleKeyEagle01,00042856,Dungeons\Nordic\Clutter\NorPuzzleKeyEagle01.nif
NorPuzzleKeySnake01,0004285A,Dungeons\Nordic\Clutter\NorPuzzleKeySnake01.nif
NorPuzzleKeyWhale01,0004285B,Dungeons\Nordic\Clutter\NorPuzzleKeyWhale01.nif
FXSnowDriftFlat01,0004286D,Effects\FXSnowDriftFlat01.nif
FXSnowDriftFlat02,00042870,Effects\FXSnowDriftFlat02.nif
FXSnowDriftFlat03,00042875,Effects\FXSnowDriftFlat03.nif
FXSnowDriftFlatHalf01,00042877,Effects\FXSnowDriftFlatHalf01.nif
FXSnowDriftFlat04,0004287B,Effects\FXSnowDriftFlat04.nif
FXSnowDriftFlat05,0004287D,Effects\FXSnowDriftFlat05.nif
MineLHall2Way01,000428BA,Dungeons\Mines\MineLargeHall\MineLHall2Way01.nif
MineLHall2Way02,000428C0,Dungeons\Mines\MineLargeHall\MineLHall2Way02.nif
MineLHall3Way01,000428C2,Dungeons\Mines\MineLargeHall\MineLHall3Way01.nif
MineLHall3Way02,000428D2,Dungeons\Mines\MineLargeHall\MineLHall3Way02.nif
DirtCliffsIsland01FieldGrass01,00042A88,Landscape\DirtCliffs\DirtCliffsIsland01.nif
NorSculptureHead01,00042D04,Dungeons\Nordic\Clutter\NorSculptureHead01.nif
OrcTable01,00042D30,Furniture\OrcFurniture\OrcTable01.nif
OrcTableSquare01,00042D32,Furniture\OrcFurniture\OrcTableSquare01.nif
OrcTableRound01,00042D3D,Furniture\OrcFurniture\OrcTableRound01.nif
OrcShelf01,00042D44,Furniture\OrcFurniture\OrcShelf01.nif
NorPlatBgFloorRaised01,00042EC3,Dungeons\Nordic\Platforms\NorPlatBgFloorRaised01.nif
NorPlatBgFloorRaised02,00042EC4,Dungeons\Nordic\Platforms\NorPlatBgFloorRaised02.nif
MineLHall4Way01,00042F6F,Dungeons\Mines\MineLargeHall\MineLHall4Way01.nif
MineLHallDeadend01,00042F7C,Dungeons\Mines\MineLargeHall\MineLHallDeadend01.nif
MineLHallDeadend02,00042F85,Dungeons\Mines\MineLargeHall\MineLHallDeadend02.nif
MineLHall1Way64R01,00042F91,Dungeons\Mines\MineLargeHall\MineLHall1Way64R01.nif
MineLHall1Way64U01,00042F92,Dungeons\Mines\MineLargeHall\MineLHall1Way64U01.nif
MineLHall1Way128D01,00042F93,Dungeons\Mines\MineLargeHall\MineLHall1Way128D01.nif
MineLHall1Way128L01,00042F94,Dungeons\Mines\MineLargeHall\MineLHall1Way128L01.nif
MineLHall1Way128R01,00042F95,Dungeons\Mines\MineLargeHall\MineLHall1Way128R01.nif
MineLHall1Way128U01,00042F96,Dungeons\Mines\MineLargeHall\MineLHall1Way128U01.nif
MineLHall1Way64D01,00042F97,Dungeons\Mines\MineLargeHall\MineLHall1Way64D01.nif
MineLHall1Way64L01,00042F98,Dungeons\Mines\MineLargeHall\MineLHall1Way64L01.nif
MineLHallRamp01,00042F9E,Dungeons\Mines\MineLargeHall\MineLHallRamp01.nif
MineLHallRamp02,00042FA1,Dungeons\Mines\MineLargeHall\MineLHallRamp02.nif
MountainPeak01_HeavySN,00043321,Landscape\Mountains\MountainPeak01.nif
NorRmShaftMidStair01Snow,00043326,Dungeons\Nordic\Shafts\NorRmShaftMidStair01.nif
NorRmShaftMidStairDeck01snow,00043327,Dungeons\Nordic\Shafts\NorRmShaftMidStairDeck01.nif
MagicHatMarker,000435A5,Magic\MAGINVGenericSpellArt.nif
RockTundraLand02RiverbedEdge,00043941,Landscape\Tundra\RockTundraLand02.nif
DirtCliffsIsland01Tundra,00043947,Landscape\DirtCliffs\DirtCliffsIsland01.nif
MineLHall1Way256Short01,00043C9C,Dungeons\Mines\MineLargeHall\MineLHall1Way256Short01.nif
MineLHall1Way64Short01,00043C9D,Dungeons\Mines\MineLargeHall\MineLHall1Way64Short01.nif
MineLHall1Way128Short01,00043C9E,Dungeons\Mines\MineLargeHall\MineLHall1Way128Short01.nif
MineLHallDetwist01,00043CA0,Dungeons\Mines\MineLargeHall\MineLHallDetwist01.nif
MineLHallDetwist02,00043CA7,Dungeons\Mines\MineLargeHall\MineLHallDetwist02.nif
MineLHallDoor01,00043CAA,Dungeons\Mines\MineLargeHall\MineLHallDoor01.nif
MineLHallDoorNarrow01,00043CAF,Dungeons\Mines\MineLargeHall\MineLHallDoorNarrow01.nif
MineLHallDoor02,00043CB2,Dungeons\Mines\MineLargeHall\MineLHallDoor02.nif
MineLHallEntrance01,00043CB3,Dungeons\Mines\MineLargeHall\MineLHallEntrance01.nif
MineLHallEntrance02,00043CC5,Dungeons\Mines\MineLargeHall\MineLHallEntrance02.nif
MineLHallCrossover01,00043CCA,Dungeons\Mines\MineLargeHall\MineLHallCrossover01.nif
RockCliffMineEntrance,00043CD0,Landscape\Rocks\RockCliffMineEntrance.nif
CommonChair01Static,00043D5D,Furniture\Common\CommonChair01.nif
MountainPeak02,00043F55,Landscape\Mountains\MountainPeak02.nif
DweRmSmCorInHalf01,0004406B,Dungeons\Dwemer\SmRooms\DweRmSmCorInHalf01.nif
DweRmSmCorInHalfL01,0004406C,Dungeons\Dwemer\SmRooms\DweRmSmCorInHalfL01.nif
DweRmSmWallExBgHalf01,0004406D,Dungeons\Dwemer\SmRooms\DweRmSmWallExBgHalf01.nif
DweRmSmCorInHalfR01,0004406E,Dungeons\Dwemer\SmRooms\DweRmSmCorInHalfR01.nif
DweRmSmWallHalf01,0004406F,Dungeons\Dwemer\SmRooms\DweRmSmWallHalf01.nif
NorExtWallBg1Way01,0004447A,Dungeons\Nordic\Exterior\Walls\NorExtWallBg1Way01.nif
NorExtWallBg2Way01,0004447B,Dungeons\Nordic\Exterior\Walls\NorExtWallBg2Way01.nif
NorExtWallBg3Way01,0004447C,Dungeons\Nordic\Exterior\Walls\NorExtWallBg3Way01.nif
NorExtWallBg4Way01,0004447D,Dungeons\Nordic\Exterior\Walls\NorExtWallBg4Way01.nif
NorExtWallBgDivider01,0004447E,Dungeons\Nordic\Exterior\Walls\NorExtWallBgDivider01.nif
NorExtWallBgStairL01,0004447F,Dungeons\Nordic\Exterior\Walls\NorExtWallBgStairL01.nif
NorExtWallBgStairMid01,00044480,Dungeons\Nordic\Exterior\Walls\NorExtWallBgStairMid01.nif
NorExtWallBgStairR01,00044481,Dungeons\Nordic\Exterior\Walls\NorExtWallBgStairR01.nif
NorExtWallBg1WayArch01,00044B82,Dungeons\Nordic\Exterior\Walls\NorExtWallBg1WayArch01.nif
NorExtRubblePile01,00044B83,Dungeons\Nordic\Exterior\Rubble\NorExtRubblePile01.nif
NorExtRubblePile02,00044B84,Dungeons\Nordic\Exterior\Rubble\NorExtRubblePile02.nif
NorExtRubblePile03,00044B85,Dungeons\Nordic\Exterior\Rubble\NorExtRubblePile03.nif
NorExtRubblePile04,00044B86,Dungeons\Nordic\Exterior\Rubble\NorExtRubblePile04.nif
NorExtRubblePile05,00044B87,Dungeons\Nordic\Exterior\Rubble\NorExtRubblePile05.nif
NorExtRubblePile06,00044B88,Dungeons\Nordic\Exterior\Rubble\NorExtRubblePile06.nif
NorExtRubblePile07,00044B89,Dungeons\Nordic\Exterior\Rubble\NorExtRubblePile07.nif
NorExtRubblePile08,00044B8A,Dungeons\Nordic\Exterior\Rubble\NorExtRubblePile08.nif
NorExtWallBg1WayCurve01,00044B95,Dungeons\Nordic\Exterior\Walls\NorExtWallBg1WayCurve01.nif
NorExtWallBgStairsSingle01,00044B9F,Dungeons\Nordic\Exterior\Walls\NorExtWallBgStairsSingle01.nif
MineCHall1Way64D01,00045490,Dungeons\Mines\CaveSmallHall\MineCHall1Way64D01.nif
MineCHall1Way64L01,00045491,Dungeons\Mines\CaveSmallHall\MineCHall1Way64L01.nif
MineCHall1Way64R01,00045492,Dungeons\Mines\CaveSmallHall\MineCHall1Way64R01.nif
MineCHall1Way64Short01,00045493,Dungeons\Mines\CaveSmallHall\MineCHall1Way64Short01.nif
MineCHall1Way64U01,00045494,Dungeons\Mines\CaveSmallHall\MineCHall1Way64U01.nif
MineCHall1Way128D01,00045495,Dungeons\Mines\CaveSmallHall\MineCHall1Way128D01.nif
MineCHall1Way128L01,00045496,Dungeons\Mines\CaveSmallHall\MineCHall1Way128L01.nif
MineCHall1Way128R01,00045497,Dungeons\Mines\CaveSmallHall\MineCHall1Way128R01.nif
MineCHall1Way128Short01,00045498,Dungeons\Mines\CaveSmallHall\MineCHall1Way128Short01.nif
MineCHall1Way128U01,00045499,Dungeons\Mines\CaveSmallHall\MineCHall1Way128U01.nif
MineCHall2Way01,0004549A,Dungeons\Mines\CaveSmallHall\MineCHall2Way01.nif
MineCHall2Way01c,0004549B,Dungeons\Mines\CaveSmallHall\MineCHall2Way01c.nif
MineCHall2Way02,0004549C,Dungeons\Mines\CaveSmallHall\MineCHall2Way02.nif
MineCHall2Way02c,0004549D,Dungeons\Mines\CaveSmallHall\MineCHall2Way02c.nif
MineCHall3Way01,0004549E,Dungeons\Mines\CaveSmallHall\MineCHall3Way01.nif
MineCHall3Way02,0004549F,Dungeons\Mines\CaveSmallHall\MineCHall3Way02.nif
MineCHall4Way01,000454A0,Dungeons\Mines\CaveSmallHall\MineCHall4Way01.nif
MineCHallDeadEnd01,000454A1,Dungeons\Mines\CaveSmallHall\MineCHallDeadEnd01.nif
MineCHallDeadEnd01c,000454A2,Dungeons\Mines\CaveSmallHall\MineCHallDeadEnd01c.nif
MineCHallDeadEnd02,000454A3,Dungeons\Mines\CaveSmallHall\MineCHallDeadEnd02.nif
MineCHallDeadEnd02c,000454A4,Dungeons\Mines\CaveSmallHall\MineCHallDeadEnd02c.nif
MineCHallDetwist01,000454A5,Dungeons\Mines\CaveSmallHall\MineCHallDetwist01.nif
MineCHallDetwist02,000454A6,Dungeons\Mines\CaveSmallHall\MineCHallDetwist02.nif
MineCHallRamp01,000454A7,Dungeons\Mines\CaveSmallHall\MineCHallRamp01.nif
MineCHallRamp02,000454A8,Dungeons\Mines\CaveSmallHall\MineCHallRamp02.nif
MineCHall1Way01,000454A9,Dungeons\Mines\CaveSmallHall\MineCHall1Way01.nif
MineCHall1Way01c,000454AA,Dungeons\Mines\CaveSmallHall\MineCHall1Way01c.nif
MineCHall1Way03c,000454AC,Dungeons\Mines\CaveSmallHall\MineCHall1Way03c.nif
MineCLHall1Way64Short01,000454AD,Dungeons\Mines\CaveLargeHall\MineCLHall1Way64Short01.nif
MineCLHall1Way64U01,000454AE,Dungeons\Mines\CaveLargeHall\MineCLHall1Way64U01.nif
MineCLHall1Way128D01,000454AF,Dungeons\Mines\CaveLargeHall\MineCLHall1Way128D01.nif
MineCLHall1Way128L01,000454B0,Dungeons\Mines\CaveLargeHall\MineCLHall1Way128L01.nif
MineCLHall1Way128R01,000454B1,Dungeons\Mines\CaveLargeHall\MineCLHall1Way128R01.nif
MineCLHall1Way128Short01,000454B2,Dungeons\Mines\CaveLargeHall\MineCLHall1Way128Short01.nif
MineCLHall1Way128U01,000454B3,Dungeons\Mines\CaveLargeHall\MineCLHall1Way128U01.nif
MineCLHall1Way256Short01,000454B4,Dungeons\Mines\CaveLargeHall\MineCLHall1Way256Short01.nif
MineCLHall2Way01,000454B5,Dungeons\Mines\CaveLargeHall\MineCLHall2Way01.nif
MineCLHall2Way01c,000454B6,Dungeons\Mines\CaveLargeHall\MineCLHall2Way01c.nif
MineCLHall2Way02,000454B7,Dungeons\Mines\CaveLargeHall\MineCLHall2Way02.nif
MineCLHall2Way02c,000454B8,Dungeons\Mines\CaveLargeHall\MineCLHall2Way02c.nif
MineCLHall3Way01,000454B9,Dungeons\Mines\CaveLargeHall\MineCLHall3Way01.nif
MineCLHall3Way02,000454BA,Dungeons\Mines\CaveLargeHall\MineCLHall3Way02.nif
MineCLHall4Way01,000454BB,Dungeons\Mines\CaveLargeHall\MineCLHall4Way01.nif
MineCLHallDeadEnd01,000454BC,Dungeons\Mines\CaveLargeHall\MineCLHallDeadEnd01.nif
MineCLHallDeadEnd01c,000454BD,Dungeons\Mines\CaveLargeHall\MineCLHallDeadEnd01c.nif
MineCLHallDeadEnd02,000454BE,Dungeons\Mines\CaveLargeHall\MineCLHallDeadEnd02.nif
MineCLHallDeadEnd02c,000454BF,Dungeons\Mines\CaveLargeHall\MineCLHallDeadEnd02c.nif
MineCLHallDetwist01,000454C0,Dungeons\Mines\CaveLargeHall\MineCLHallDetwist01.nif
MineCLHallDetwist02,000454C1,Dungeons\Mines\CaveLargeHall\MineCLHallDetwist02.nif
MineCLHallDoor01,000454C2,Dungeons\Mines\CaveLargeHall\MineCLHallDoor01.nif
MineCLHallDoor02,000454C3,Dungeons\Mines\CaveLargeHall\MineCLHallDoor02.nif
MineCLHallDoorB01,000454C4,Dungeons\Mines\CaveLargeHall\MineCLHallDoorB01.nif
MineCLHallDoorBB01,000454C5,Dungeons\Mines\CaveLargeHall\MineCLHallDoorBB01.nif
MineCLHallDoorL01,000454C6,Dungeons\Mines\CaveLargeHall\MineCLHallDoorL01.nif
MineCLHallDoorLB01,000454C7,Dungeons\Mines\CaveLargeHall\MineCLHallDoorLB01.nif
MineCLHallDoorR01,000454C8,Dungeons\Mines\CaveLargeHall\MineCLHallDoorR01.nif
MineCLHallDoorRB01,000454C9,Dungeons\Mines\CaveLargeHall\MineCLHallDoorRB01.nif
MineCLHallRamp01,000454CA,Dungeons\Mines\CaveLargeHall\MineCLHallRamp01.nif
MineCLHallRamp02,000454CB,Dungeons\Mines\CaveLargeHall\MineCLHallRamp02.nif
MineCLHall1Way01,000454CC,Dungeons\Mines\CaveLargeHall\MineCLHall1Way01.nif
MineCLHall1Way01c,000454CD,Dungeons\Mines\CaveLargeHall\MineCLHall1Way01c.nif
MineCLHall1Way02,000454CE,Dungeons\Mines\CaveLargeHall\MineCLHall1Way02.nif
MineCLHall1Way02c,000454CF,Dungeons\Mines\CaveLargeHall\MineCLHall1Way02c.nif
MineCLHall1Way03c,000454D0,Dungeons\Mines\CaveLargeHall\MineCLHall1Way03c.nif
MineCLHall1Way64D01,000454D1,Dungeons\Mines\CaveLargeHall\MineCLHall1Way64D01.nif
MineCLHall1Way64L01,000454D2,Dungeons\Mines\CaveLargeHall\MineCLHall1Way64L01.nif
MineCLHall1Way64R01,000454D3,Dungeons\Mines\CaveLargeHall\MineCLHall1Way64R01.nif
MineCRoomDoor01,000454D4,Dungeons\Mines\CaveRoom\MineCRoomDoor01.nif
MineCRoomDoor02,000454D5,Dungeons\Mines\CaveRoom\MineCRoomDoor02.nif
MineCRoomDoor03,000454D6,Dungeons\Mines\CaveRoom\MineCRoomDoor03.nif
MineCRoomDoor04,000454D7,Dungeons\Mines\CaveRoom\MineCRoomDoor04.nif
MineCRoomDoorB01,000454D8,Dungeons\Mines\CaveRoom\MineCRoomDoorB01.nif
MineCRoomDoorB02,000454D9,Dungeons\Mines\CaveRoom\MineCRoomDoorB02.nif
MineCRoomDoorB03,000454DA,Dungeons\Mines\CaveRoom\MineCRoomDoorB03.nif
MineCRoomDoorB04,000454DB,Dungeons\Mines\CaveRoom\MineCRoomDoorB04.nif
MineCRoomInCorner01,000454DC,Dungeons\Mines\CaveRoom\MineCRoomInCorner01.nif
MineCRoomInCorner02,000454DD,Dungeons\Mines\CaveRoom\MineCRoomInCorner02.nif
MineCRoomInCorner03,000454DE,Dungeons\Mines\CaveRoom\MineCRoomInCorner03.nif
MineCRoomInCorner04,000454DF,Dungeons\Mines\CaveRoom\MineCRoomInCorner04.nif
MineCRoomMid01,000454E0,Dungeons\Mines\CaveRoom\MineCRoomMid01.nif
MineCRoomMid01c,000454E1,Dungeons\Mines\CaveRoom\MineCRoomMid01c.nif
MineCRoomWall01,000454E2,Dungeons\Mines\CaveRoom\MineCRoomWall01.nif
MineCRoomWall01c,000454E3,Dungeons\Mines\CaveRoom\MineCRoomWall01c.nif
MineCRoomWall02,000454E4,Dungeons\Mines\CaveRoom\MineCRoomWall02.nif
MineCRoomWall02c,000454E5,Dungeons\Mines\CaveRoom\MineCRoomWall02c.nif
MineCRoomWall03,000454E6,Dungeons\Mines\CaveRoom\MineCRoomWall03.nif
MineCRoomWall03c,000454E7,Dungeons\Mines\CaveRoom\MineCRoomWall03c.nif
MineCRoomWall04,000454E8,Dungeons\Mines\CaveRoom\MineCRoomWall04.nif
MineCRoomWall04c,000454E9,Dungeons\Mines\CaveRoom\MineCRoomWall04c.nif
MineCRoomCorner01,000454EA,Dungeons\Mines\CaveRoom\MineCRoomCorner01.nif
MineCRoomCorner01c,000454EB,Dungeons\Mines\CaveRoom\MineCRoomCorner01c.nif
MineCRoomCorner02,000454EC,Dungeons\Mines\CaveRoom\MineCRoomCorner02.nif
MineCRoomCorner02c,000454ED,Dungeons\Mines\CaveRoom\MineCRoomCorner02c.nif
MineCRoomCorner03,000454EE,Dungeons\Mines\CaveRoom\MineCRoomCorner03.nif
MineCRoomCorner03c,000454EF,Dungeons\Mines\CaveRoom\MineCRoomCorner03c.nif
MineCRoomCorner04,000454F0,Dungeons\Mines\CaveRoom\MineCRoomCorner04.nif
MineCRoomCorner04c,000454F1,Dungeons\Mines\CaveRoom\MineCRoomCorner04c.nif
MineCLRoomDoor01,000454F2,Dungeons\Mines\CaveLargeRoom\MineCLRoomDoor01.nif
MineCLRoomDoor02,000454F3,Dungeons\Mines\CaveLargeRoom\MineCLRoomDoor02.nif
MineCLRoomDoor03,000454F4,Dungeons\Mines\CaveLargeRoom\MineCLRoomDoor03.nif
MineCLRoomDoor04,000454F5,Dungeons\Mines\CaveLargeRoom\MineCLRoomDoor04.nif
MineCLRoomDoorB01,000454F6,Dungeons\Mines\CaveLargeRoom\MineCLRoomDoorB01.nif
MineCLRoomDoorB02,000454F7,Dungeons\Mines\CaveLargeRoom\MineCLRoomDoorB02.nif
MineCLRoomDoorB03,000454F8,Dungeons\Mines\CaveLargeRoom\MineCLRoomDoorB03.nif
MineCLRoomDoorB04,000454F9,Dungeons\Mines\CaveLargeRoom\MineCLRoomDoorB04.nif
MineCLRoomDoorL01,000454FA,Dungeons\Mines\CaveLargeRoom\MineCLRoomDoorL01.nif
MineCLRoomDoorL02,000454FB,Dungeons\Mines\CaveLargeRoom\MineCLRoomDoorL02.nif
MineCLRoomDoorL03,000454FC,Dungeons\Mines\CaveLargeRoom\MineCLRoomDoorL03.nif
MineCLRoomDoorL04,000454FD,Dungeons\Mines\CaveLargeRoom\MineCLRoomDoorL04.nif
MineCLRoomDoorLB01,000454FE,Dungeons\Mines\CaveLargeRoom\MineCLRoomDoorLB01.nif
MineCLRoomDoorLB02,000454FF,Dungeons\Mines\CaveLargeRoom\MineCLRoomDoorLB02.nif
MineCLRoomDoorLB03,00045500,Dungeons\Mines\CaveLargeRoom\MineCLRoomDoorLB03.nif
MineCLRoomDoorLB04,00045501,Dungeons\Mines\CaveLargeRoom\MineCLRoomDoorLB04.nif
MineCLRoomInCorner01,00045502,Dungeons\Mines\CaveLargeRoom\MineCLRoomInCorner01.nif
MineCLRoomInCorner02,00045503,Dungeons\Mines\CaveLargeRoom\MineCLRoomInCorner02.nif
MineCLRoomInCorner03,00045504,Dungeons\Mines\CaveLargeRoom\MineCLRoomInCorner03.nif
MineCLRoomInCorner04,00045505,Dungeons\Mines\CaveLargeRoom\MineCLRoomInCorner04.nif
MineCLRoomMid01,00045506,Dungeons\Mines\CaveLargeRoom\MineCLRoomMid01.nif
MineCLRoomMid01c,00045507,Dungeons\Mines\CaveLargeRoom\MineCLRoomMid01c.nif
MineCLRoomWall01,00045508,Dungeons\Mines\CaveLargeRoom\MineCLRoomWall01.nif
MineCLRoomWall01c,00045509,Dungeons\Mines\CaveLargeRoom\MineCLRoomWall01c.nif
MineCLRoomWall02,0004550A,Dungeons\Mines\CaveLargeRoom\MineCLRoomWall02.nif
MineCLRoomWall02c,0004550B,Dungeons\Mines\CaveLargeRoom\MineCLRoomWall02c.nif
MineCLRoomWall03,0004550C,Dungeons\Mines\CaveLargeRoom\MineCLRoomWall03.nif
MineCLRoomWall03c,0004550D,Dungeons\Mines\CaveLargeRoom\MineCLRoomWall03c.nif
MineCLRoomWall04,0004550E,Dungeons\Mines\CaveLargeRoom\MineCLRoomWall04.nif
MineCLRoomWall04c,0004550F,Dungeons\Mines\CaveLargeRoom\MineCLRoomWall04c.nif
MineCLRoomCorner01,00045510,Dungeons\Mines\CaveLargeRoom\MineCLRoomCorner01.nif
MineCLRoomCorner01c,00045511,Dungeons\Mines\CaveLargeRoom\MineCLRoomCorner01c.nif
MineCLRoomCorner02,00045512,Dungeons\Mines\CaveLargeRoom\MineCLRoomCorner02.nif
MineCLRoomCorner02c,00045513,Dungeons\Mines\CaveLargeRoom\MineCLRoomCorner02c.nif
MineCLRoomCorner03,00045514,Dungeons\Mines\CaveLargeRoom\MineCLRoomCorner03.nif
MineCLRoomCorner03c,00045515,Dungeons\Mines\CaveLargeRoom\MineCLRoomCorner03c.nif
MineCLRoomCorner04,00045516,Dungeons\Mines\CaveLargeRoom\MineCLRoomCorner04.nif
MineCLRoomCorner04c,00045517,Dungeons\Mines\CaveLargeRoom\MineCLRoomCorner04c.nif
MineCShaftDoorB03,00045518,Dungeons\Mines\CaveShaft\MineCShaftDoorB03.nif
MineCShaftDoorB04,00045519,Dungeons\Mines\CaveShaft\MineCShaftDoorB04.nif
MineCShaftDoorL01,0004551A,Dungeons\Mines\CaveShaft\MineCShaftDoorL01.nif
MineCShaftDoorL02,0004551B,Dungeons\Mines\CaveShaft\MineCShaftDoorL02.nif
MineCShaftDoorL03,0004551C,Dungeons\Mines\CaveShaft\MineCShaftDoorL03.nif
MineCShaftDoorL04,0004551D,Dungeons\Mines\CaveShaft\MineCShaftDoorL04.nif
MineCShaftDoorLB01,0004551E,Dungeons\Mines\CaveShaft\MineCShaftDoorLB01.nif
MineCShaftDoorLB02,0004551F,Dungeons\Mines\CaveShaft\MineCShaftDoorLB02.nif
MineCShaftDoorLB03,00045520,Dungeons\Mines\CaveShaft\MineCShaftDoorLB03.nif
MineCShaftDoorLB04,00045521,Dungeons\Mines\CaveShaft\MineCShaftDoorLB04.nif
MineCShaftStraight01,00045522,Dungeons\Mines\CaveShaft\MineCShaftStraight01.nif
MineCShaftTop01,00045523,Dungeons\Mines\CaveShaft\MineCShaftTop01.nif
MineCShaftTop01c,00045524,Dungeons\Mines\CaveShaft\MineCShaftTop01c.nif
MineCShaftWall01,00045525,Dungeons\Mines\CaveShaft\MineCShaftWall01.nif
MineCShaftWall02,00045526,Dungeons\Mines\CaveShaft\MineCShaftWall02.nif
MineCShaftWall03,00045527,Dungeons\Mines\CaveShaft\MineCShaftWall03.nif
MineCShaftWall04,00045528,Dungeons\Mines\CaveShaft\MineCShaftWall04.nif
MineCShaftBottom01,00045529,Dungeons\Mines\CaveShaft\MineCShaftBottom01.nif
MineCShaftDoor01,0004552A,Dungeons\Mines\CaveShaft\MineCShaftDoor01.nif
MineCShaftDoor02,0004552B,Dungeons\Mines\CaveShaft\MineCShaftDoor02.nif
MineCShaftDoor03,0004552C,Dungeons\Mines\CaveShaft\MineCShaftDoor03.nif
MineCShaftDoor04,0004552D,Dungeons\Mines\CaveShaft\MineCShaftDoor04.nif
MineCShaftDoorB01,0004552E,Dungeons\Mines\CaveShaft\MineCShaftDoorB01.nif
MineCShaftDoorB02,0004552F,Dungeons\Mines\CaveShaft\MineCShaftDoorB02.nif
MineCBalconyICorner01,00045530,Dungeons\Mines\CaveBalcony\MineCBalconyICorner01.nif
MineCBalconyICorner02,00045531,Dungeons\Mines\CaveBalcony\MineCBalconyICorner02.nif
MineCBalconyICorner03,00045532,Dungeons\Mines\CaveBalcony\MineCBalconyICorner03.nif
MineCBalconyICorner04,00045533,Dungeons\Mines\CaveBalcony\MineCBalconyICorner04.nif
MineCBalconyMid01,00045534,Dungeons\Mines\CaveBalcony\MineCBalconyMid01.nif
MineCBalconyMid02,00045535,Dungeons\Mines\CaveBalcony\MineCBalconyMid02.nif
MineCBalconyRamp01,00045536,Dungeons\Mines\CaveBalcony\MineCBalconyRamp01.nif
MineCBalconyRamp02,00045537,Dungeons\Mines\CaveBalcony\MineCBalconyRamp02.nif
MineCBalconyShaftBridge01,00045538,Dungeons\Mines\CaveBalcony\MineCBalconyShaftBridge01.nif
MineCBalconyShelf01,00045539,Dungeons\Mines\CaveBalcony\MineCBalconyShelf01.nif
MineCBalconyShelf02,0004553A,Dungeons\Mines\CaveBalcony\MineCBalconyShelf02.nif
MineCBalconyStraight01,0004553B,Dungeons\Mines\CaveBalcony\MineCBalconyStraight01.nif
MineCBalconyStraight02,0004553C,Dungeons\Mines\CaveBalcony\MineCBalconyStraight02.nif
MineCBalconyStraight03,0004553D,Dungeons\Mines\CaveBalcony\MineCBalconyStraight03.nif
MineCBalconyStraight04,0004553E,Dungeons\Mines\CaveBalcony\MineCBalconyStraight04.nif
MineCBalconyCorner01,0004553F,Dungeons\Mines\CaveBalcony\MineCBalconyCorner01.nif
MineCBalconyCorner02,00045540,Dungeons\Mines\CaveBalcony\MineCBalconyCorner02.nif
MineCBalconyCorner03,00045541,Dungeons\Mines\CaveBalcony\MineCBalconyCorner03.nif
MineCBalconyCorner04,00045542,Dungeons\Mines\CaveBalcony\MineCBalconyCorner04.nif
MineCBalconyCurve01,00045543,Dungeons\Mines\CaveBalcony\MineCBalconyCurve01.nif
MineCBalconyCurve02,00045544,Dungeons\Mines\CaveBalcony\MineCBalconyCurve02.nif
MineCBalconyCurve03,00045545,Dungeons\Mines\CaveBalcony\MineCBalconyCurve03.nif
MineCBalconyCurve04,00045546,Dungeons\Mines\CaveBalcony\MineCBalconyCurve04.nif
MineCLEWallInCorner01,00045547,Dungeons\Mines\CaveWall\MineCLEWallInCorner01.nif
MineCLEWallInCorner02,00045548,Dungeons\Mines\CaveWall\MineCLEWallInCorner02.nif
MineCLEWallStraight01,00045549,Dungeons\Mines\CaveWall\MineCLEWallStraight01.nif
MineCLEWallStraight02,0004554A,Dungeons\Mines\CaveWall\MineCLEWallStraight02.nif
MineCLWallCorner01,0004554B,Dungeons\Mines\CaveWall\MineCLWallCorner01.nif
MineCLWallCorner02,0004554C,Dungeons\Mines\CaveWall\MineCLWallCorner02.nif
MineCLWallDoor01,0004554D,Dungeons\Mines\CaveWall\MineCLWallDoor01.nif
MineCLWallDoorB01,0004554E,Dungeons\Mines\CaveWall\MineCLWallDoorB01.nif
MineCLWallDoorL01,0004554F,Dungeons\Mines\CaveWall\MineCLWallDoorL01.nif
MineCLWallDoorLB01,00045550,Dungeons\Mines\CaveWall\MineCLWallDoorLB01.nif
MineCLWallInCorner01,00045551,Dungeons\Mines\CaveWall\MineCLWallInCorner01.nif
MineCLWallInCorner02,00045552,Dungeons\Mines\CaveWall\MineCLWallInCorner02.nif
MineCLWallStraight01,00045553,Dungeons\Mines\CaveWall\MineCLWallStraight01.nif
MineCLWallStraight02,00045554,Dungeons\Mines\CaveWall\MineCLWallStraight02.nif
MineCCeiling01,00045555,Dungeons\Mines\CaveWall\MineCCeiling01.nif
MineCFloor01,00045556,Dungeons\Mines\CaveWall\MineCFloor01.nif
MineCLEWallCorner01,00045557,Dungeons\Mines\CaveWall\MineCLEWallCorner01.nif
MineCLEWallCorner02,00045558,Dungeons\Mines\CaveWall\MineCLEWallCorner02.nif
MineCLEWallDoor01,00045559,Dungeons\Mines\CaveWall\MineCLEWallDoor01.nif
MineCLEWallDoorB01,0004555A,Dungeons\Mines\CaveWall\MineCLEWallDoorB01.nif
MineCLEWallDoorL01,0004555B,Dungeons\Mines\CaveWall\MineCLEWallDoorL01.nif
MineCLEWallDoorLB01,0004555C,Dungeons\Mines\CaveWall\MineCLEWallDoorLB01.nif
MineCWallInCorner02,0004555D,Dungeons\Mines\CaveSmallWall\MineCWallInCorner02.nif
MineCWallStraight01,0004555E,Dungeons\Mines\CaveSmallWall\MineCWallStraight01.nif
MineCWallStraight02,0004555F,Dungeons\Mines\CaveSmallWall\MineCWallStraight02.nif
MineCWallCorner01,00045560,Dungeons\Mines\CaveSmallWall\MineCWallCorner01.nif
MineCWallCorner02,00045561,Dungeons\Mines\CaveSmallWall\MineCWallCorner02.nif
MineCWallDoor01,00045562,Dungeons\Mines\CaveSmallWall\MineCWallDoor01.nif
MineCWallDoorB01,00045563,Dungeons\Mines\CaveSmallWall\MineCWallDoorB01.nif
MineCWallInCorner01,00045564,Dungeons\Mines\CaveSmallWall\MineCWallInCorner01.nif
MineCPillar01,00045565,Dungeons\Mines\CavePillars\MineCPillar01.nif
MineCPillar02,00045566,Dungeons\Mines\CavePillars\MineCPillar02.nif
MineCPillar03,00045567,Dungeons\Mines\CavePillars\MineCPillar03.nif
MineCPillar04,00045568,Dungeons\Mines\CavePillars\MineCPillar04.nif
MineCPillar05,00045569,Dungeons\Mines\CavePillars\MineCPillar05.nif
MineCPillar06,0004556A,Dungeons\Mines\CavePillars\MineCPillar06.nif
MineCLPillar01,0004556B,Dungeons\Mines\CavePillars\MineCLPillar01.nif
MineCLPillar02,0004556C,Dungeons\Mines\CavePillars\MineCLPillar02.nif
MineCLPillar03,0004556D,Dungeons\Mines\CavePillars\MineCLPillar03.nif
MineCLPillar04,0004556E,Dungeons\Mines\CavePillars\MineCLPillar04.nif
MineCLPillar05,0004556F,Dungeons\Mines\CavePillars\MineCLPillar05.nif
MineCLPillar06,00045570,Dungeons\Mines\CavePillars\MineCLPillar06.nif
MineCliffsCornerOut01,00045571,Dungeons\Mines\Cliffs\MineCliffsCornerOut01.nif
MineCliffsCornerOut01NS,00045572,Dungeons\Mines\Cliffs\MineCliffsCornerOut01NS.nif
MineCliffsIsland01,00045573,Dungeons\Mines\Cliffs\MineCliffsIsland01.nif
MineCliffsIsland01NS,00045574,Dungeons\Mines\Cliffs\MineCliffsIsland01NS.nif
MineCliffs01,00045575,Dungeons\Mines\Cliffs\MineCliffs01.nif
MineCliffs02,00045576,Dungeons\Mines\Cliffs\MineCliffs02.nif
MineCliffs03,00045577,Dungeons\Mines\Cliffs\MineCliffs03.nif
MineCliffs03NS,00045578,Dungeons\Mines\Cliffs\MineCliffs03NS.nif
MineCliffsCornerIn01,00045579,Dungeons\Mines\Cliffs\MineCliffsCornerIn01.nif
MineCliffsCornerIn01NS,0004557A,Dungeons\Mines\Cliffs\MineCliffsCornerIn01NS.nif
MineScaffoldBase3Sided01,00045597,Dungeons\Mines\Scaffolding\MineScaffoldBase3Sided01.nif
MineScaffoldBase4Sided01,00045598,Dungeons\Mines\Scaffolding\MineScaffoldBase4Sided01.nif
MineScaffoldTop0Sided01,00045599,Dungeons\Mines\Scaffolding\MineScaffoldTop0Sided01.nif
MineScaffoldTop1Sided01,0004559A,Dungeons\Mines\Scaffolding\MineScaffoldTop1Sided01.nif
MineScaffoldTop2Sided01,0004559B,Dungeons\Mines\Scaffolding\MineScaffoldTop2Sided01.nif
MineScaffoldTop3Sided01,0004559C,Dungeons\Mines\Scaffolding\MineScaffoldTop3Sided01.nif
MineScaffoldTop4Sided01,0004559D,Dungeons\Mines\Scaffolding\MineScaffoldTop4Sided01.nif
MineScaffoldBase0Sided01,0004559E,Dungeons\Mines\Scaffolding\MineScaffoldBase0Sided01.nif
MineScaffoldBase1Sided01,0004559F,Dungeons\Mines\Scaffolding\MineScaffoldBase1Sided01.nif
MineScaffoldBase2Sided01,000455A0,Dungeons\Mines\Scaffolding\MineScaffoldBase2Sided01.nif
MineScaffoldBase2Sided02,000455A4,Dungeons\Mines\Scaffolding\MineScaffoldBase2Sided02.nif
MineScaffoldTop2Sided02,000455A5,Dungeons\Mines\Scaffolding\MineScaffoldTop2Sided02.nif
MineWoodplanks03,000455A6,Dungeons\Mines\Clutter\MineWoodplanks03.nif
MineWoodbeam02,000455A7,Dungeons\Mines\Clutter\MineWoodbeam02.nif
MineWoodbeam03,000455A8,Dungeons\Mines\Clutter\MineWoodbeam03.nif
MineWoodbeamShort01,000455A9,Dungeons\Mines\Clutter\MineWoodbeamShort01.nif
MineWoodbeamShort02,000455AA,Dungeons\Mines\Clutter\MineWoodbeamShort02.nif
MineWoodplanks02,000455AB,Dungeons\Mines\Clutter\MineWoodplanks02.nif
MineScaffoldRamp01,000455AD,Dungeons\Mines\Scaffolding\MineScaffoldRamp01.nif
MineScaffoldTopCross01,000455BA,Dungeons\Mines\Scaffolding\MineScaffoldTopCross01.nif
MineScaffoldSupport01,000455BD,Dungeons\Mines\Scaffolding\MineScaffoldSupport01.nif
MineScaffoldBridge02,000455C0,Dungeons\Mines\Scaffolding\MineScaffoldBridge02.nif
MineScaffoldBridge03,000455C1,Dungeons\Mines\Scaffolding\MineScaffoldBridge03.nif
MineScaffoldBridge04,000455C2,Dungeons\Mines\Scaffolding\MineScaffoldBridge04.nif
MineScaffoldBridge01,000455C3,Dungeons\Mines\Scaffolding\MineScaffoldBridge01.nif
MineScaffoldBaseSupportW01,000455C5,Dungeons\Mines\Scaffolding\MineScaffoldBaseSupportW01.nif
MineWoodplanks04,000455CA,Dungeons\Mines\Clutter\MineWoodplanks04.nif
MineScaffoldBaseRopediv01,000455CE,Dungeons\Mines\Scaffolding\MineScaffoldBaseRopediv01.nif
MineScaffoldRope04,000455D0,Dungeons\Mines\Scaffolding\MineScaffoldRope04.nif
MineScaffoldRope05,000455D1,Dungeons\Mines\Scaffolding\MineScaffoldRope05.nif
MineScaffoldRope06,000455D2,Dungeons\Mines\Scaffolding\MineScaffoldRope06.nif
MineScaffoldRope01,000455D3,Dungeons\Mines\Scaffolding\MineScaffoldRope01.nif
MineScaffoldRope02,000455D4,Dungeons\Mines\Scaffolding\MineScaffoldRope02.nif
MineScaffoldRope03,000455D5,Dungeons\Mines\Scaffolding\MineScaffoldRope03.nif
MineScaffoldRopeLong03,000455DC,Dungeons\Mines\Scaffolding\MineScaffoldRopeLong03.nif
MineScaffoldRopeLong04,000455DD,Dungeons\Mines\Scaffolding\MineScaffoldRopeLong04.nif
MineScaffoldRopeLong01,000455DE,Dungeons\Mines\Scaffolding\MineScaffoldRopeLong01.nif
MineScaffoldRopeLong02,000455DF,Dungeons\Mines\Scaffolding\MineScaffoldRopeLong02.nif
MineCBoulderL03,000455F3,Dungeons\Mines\Rocks\MineCBoulderL03.nif
MineCBoulderL04,000455F4,Dungeons\Mines\Rocks\MineCBoulderL04.nif
MineCBoulderL05,000455F5,Dungeons\Mines\Rocks\MineCBoulderL05.nif
MineCBoulderM01,000455F6,Dungeons\Mines\Rocks\MineCBoulderM01.nif
MineCBoulderM02,000455F7,Dungeons\Mines\Rocks\MineCBoulderM02.nif
MineCBoulderM03,000455F8,Dungeons\Mines\Rocks\MineCBoulderM03.nif
MineCBoulderM04,000455F9,Dungeons\Mines\Rocks\MineCBoulderM04.nif
MineCBoulderPileS01,000455FA,Dungeons\Mines\Rocks\MineCBoulderPileS01.nif
MineCBoulderPileS02,000455FB,Dungeons\Mines\Rocks\MineCBoulderPileS02.nif
MineCBoulderS01,000455FC,Dungeons\Mines\Rocks\MineCBoulderS01.nif
MineCBoulderS02,000455FD,Dungeons\Mines\Rocks\MineCBoulderS02.nif
MineCBoulderS03,000455FE,Dungeons\Mines\Rocks\MineCBoulderS03.nif
MineCDirtMound01,000455FF,Dungeons\Mines\Rocks\MineCDirtMound01.nif
MineCDirtMound02,00045600,Dungeons\Mines\Rocks\MineCDirtMound02.nif
MineCDirtMound03,00045601,Dungeons\Mines\Rocks\MineCDirtMound03.nif
MineCDirtMound04,00045602,Dungeons\Mines\Rocks\MineCDirtMound04.nif
MineCDirtMound05,00045603,Dungeons\Mines\Rocks\MineCDirtMound05.nif
MineCDirtMound06,00045604,Dungeons\Mines\Rocks\MineCDirtMound06.nif
MineCDirtMound07,00045605,Dungeons\Mines\Rocks\MineCDirtMound07.nif
MineCDirtMound08,00045606,Dungeons\Mines\Rocks\MineCDirtMound08.nif
MineCBoulderL01,00045607,Dungeons\Mines\Rocks\MineCBoulderL01.nif
MineCBoulderL02,00045608,Dungeons\Mines\Rocks\MineCBoulderL02.nif
MineCEDoor01Hole,0004560B,Dungeons\Mines\CaveEpic\MineCEDoor01Hole.nif
MineCEDoor02,0004560C,Dungeons\Mines\CaveEpic\MineCEDoor02.nif
MineCEDoor02Hole,0004560D,Dungeons\Mines\CaveEpic\MineCEDoor02Hole.nif
MineCEDoor03,0004560E,Dungeons\Mines\CaveEpic\MineCEDoor03.nif
MineCEDoor03Hole,0004560F,Dungeons\Mines\CaveEpic\MineCEDoor03Hole.nif
MineCEDoor04,00045610,Dungeons\Mines\CaveEpic\MineCEDoor04.nif
MineCEDoor04Hole,00045611,Dungeons\Mines\CaveEpic\MineCEDoor04Hole.nif
MineCEDoorUp01,00045612,Dungeons\Mines\CaveEpic\MineCEDoorUp01.nif
MineCEDoorUp01Hole,00045613,Dungeons\Mines\CaveEpic\MineCEDoorUp01Hole.nif
MineCEDoorUp02,00045614,Dungeons\Mines\CaveEpic\MineCEDoorUp02.nif
MineCEDoorUp02Hole,00045615,Dungeons\Mines\CaveEpic\MineCEDoorUp02Hole.nif
MineCEDoorUp03,00045616,Dungeons\Mines\CaveEpic\MineCEDoorUp03.nif
MineCEDoorUp03Hole,00045617,Dungeons\Mines\CaveEpic\MineCEDoorUp03Hole.nif
MineCEDoorUp04,00045618,Dungeons\Mines\CaveEpic\MineCEDoorUp04.nif
MineCEDoorUp04Hole,00045619,Dungeons\Mines\CaveEpic\MineCEDoorUp04Hole.nif
MineCEICorner01,0004561A,Dungeons\Mines\CaveEpic\MineCEICorner01.nif
MineCEICorner01Hole,0004561B,Dungeons\Mines\CaveEpic\MineCEICorner01Hole.nif
MineCEICorner02,0004561C,Dungeons\Mines\CaveEpic\MineCEICorner02.nif
MineCEICorner02Hole,0004561D,Dungeons\Mines\CaveEpic\MineCEICorner02Hole.nif
MineCEICorner03,0004561E,Dungeons\Mines\CaveEpic\MineCEICorner03.nif
MineCEICorner03Hole,0004561F,Dungeons\Mines\CaveEpic\MineCEICorner03Hole.nif
MineCEICorner04,00045620,Dungeons\Mines\CaveEpic\MineCEICorner04.nif
MineCEICorner04Hole,00045621,Dungeons\Mines\CaveEpic\MineCEICorner04Hole.nif
MineCEICornerUp01,00045622,Dungeons\Mines\CaveEpic\MineCEICornerUp01.nif
MineCEICornerUp02,00045623,Dungeons\Mines\CaveEpic\MineCEICornerUp02.nif
MineCEICornerUp03,00045624,Dungeons\Mines\CaveEpic\MineCEICornerUp03.nif
MineCEICornerUp04,00045625,Dungeons\Mines\CaveEpic\MineCEICornerUp04.nif
MineCEMid01,00045626,Dungeons\Mines\CaveEpic\MineCEMid01.nif
MineCEMid01c,00045627,Dungeons\Mines\CaveEpic\MineCEMid01c.nif
MineCEWall01,00045628,Dungeons\Mines\CaveEpic\MineCEWall01.nif
MineCEWall01c,00045629,Dungeons\Mines\CaveEpic\MineCEWall01c.nif
MineCEWall01Hole,0004562A,Dungeons\Mines\CaveEpic\MineCEWall01Hole.nif
MineCEWall02,0004562B,Dungeons\Mines\CaveEpic\MineCEWall02.nif
MineCEWall02c,0004562C,Dungeons\Mines\CaveEpic\MineCEWall02c.nif
MineCEWall02Hole,0004562D,Dungeons\Mines\CaveEpic\MineCEWall02Hole.nif
MineCEWall03,0004562E,Dungeons\Mines\CaveEpic\MineCEWall03.nif
MineCEWall03c,0004562F,Dungeons\Mines\CaveEpic\MineCEWall03c.nif
MineCEWall03Hole,00045630,Dungeons\Mines\CaveEpic\MineCEWall03Hole.nif
MineCEWall04,00045631,Dungeons\Mines\CaveEpic\MineCEWall04.nif
MineCEWall04c,00045632,Dungeons\Mines\CaveEpic\MineCEWall04c.nif
MineCEWall04Hole,00045633,Dungeons\Mines\CaveEpic\MineCEWall04Hole.nif
MineCEWallUp01,00045634,Dungeons\Mines\CaveEpic\MineCEWallUp01.nif
MineCEWallUp02,00045635,Dungeons\Mines\CaveEpic\MineCEWallUp02.nif
MineCEWallUp03,00045636,Dungeons\Mines\CaveEpic\MineCEWallUp03.nif
MineCEWallUp04,00045637,Dungeons\Mines\CaveEpic\MineCEWallUp04.nif
MineCECorner01,00045638,Dungeons\Mines\CaveEpic\MineCECorner01.nif
MineCECorner01c,00045639,Dungeons\Mines\CaveEpic\MineCECorner01c.nif
MineCECorner01Hole,0004563A,Dungeons\Mines\CaveEpic\MineCECorner01Hole.nif
MineCECorner02,0004563B,Dungeons\Mines\CaveEpic\MineCECorner02.nif
MineCECorner02c,0004563C,Dungeons\Mines\CaveEpic\MineCECorner02c.nif
MineCECorner02Hole,0004563D,Dungeons\Mines\CaveEpic\MineCECorner02Hole.nif
MineCECorner03,0004563E,Dungeons\Mines\CaveEpic\MineCECorner03.nif
MineCECorner03c,0004563F,Dungeons\Mines\CaveEpic\MineCECorner03c.nif
MineCECorner03Hole,00045640,Dungeons\Mines\CaveEpic\MineCECorner03Hole.nif
MineCECorner04,00045641,Dungeons\Mines\CaveEpic\MineCECorner04.nif
MineCECorner04c,00045642,Dungeons\Mines\CaveEpic\MineCECorner04c.nif
MineCECorner04Hole,00045643,Dungeons\Mines\CaveEpic\MineCECorner04Hole.nif
MineCECornerUp01,00045644,Dungeons\Mines\CaveEpic\MineCECornerUp01.nif
MineCECornerUp02,00045645,Dungeons\Mines\CaveEpic\MineCECornerUp02.nif
MineCECornerUp03,00045646,Dungeons\Mines\CaveEpic\MineCECornerUp03.nif
MineCECornerUp04,00045647,Dungeons\Mines\CaveEpic\MineCECornerUp04.nif
MineCEDoor01,00045648,Dungeons\Mines\CaveEpic\MineCEDoor01.nif
MineCEWallCorner02,00045649,Dungeons\Mines\CaveEpicWall\MineCEWallCorner02.nif
MineCEWallInCorner01,0004564A,Dungeons\Mines\CaveEpicWall\MineCEWallInCorner01.nif
MineCEWallInCorner02,0004564B,Dungeons\Mines\CaveEpicWall\MineCEWallInCorner02.nif
MineCEWallStraight01,0004564C,Dungeons\Mines\CaveEpicWall\MineCEWallStraight01.nif
MineCEWallStraight02,0004564D,Dungeons\Mines\CaveEpicWall\MineCEWallStraight02.nif
MineCECeiling01,0004564E,Dungeons\Mines\CaveEpicWall\MineCECeiling01.nif
MineCEWallCorner01,0004564F,Dungeons\Mines\CaveEpicWall\MineCEWallCorner01.nif
MineCEBalconyICorner01,00045650,Dungeons\Mines\CaveEpicBalcony\MineCEBalconyICorner01.nif
MineCEBalconyICorner02,00045651,Dungeons\Mines\CaveEpicBalcony\MineCEBalconyICorner02.nif
MineCEBalconyICorner03,00045652,Dungeons\Mines\CaveEpicBalcony\MineCEBalconyICorner03.nif
MineCEBalconyICorner04,00045653,Dungeons\Mines\CaveEpicBalcony\MineCEBalconyICorner04.nif
MineCEBalconyMid01,00045654,Dungeons\Mines\CaveEpicBalcony\MineCEBalconyMid01.nif
MineCEBalconyMid02,00045655,Dungeons\Mines\CaveEpicBalcony\MineCEBalconyMid02.nif
MineCEBalconyRamp01,00045656,Dungeons\Mines\CaveEpicBalcony\MineCEBalconyRamp01.nif
MineCEBalconyRamp02,00045657,Dungeons\Mines\CaveEpicBalcony\MineCEBalconyRamp02.nif
MineCEBalconyShaftBridge01,00045658,Dungeons\Mines\CaveEpicBalcony\MineCEBalconyShaftBridge01.nif
MineCEBalconyShelf01,00045659,Dungeons\Mines\CaveEpicBalcony\MineCEBalconyShelf01.nif
MineCEBalconyShelf02,0004565A,Dungeons\Mines\CaveEpicBalcony\MineCEBalconyShelf02.nif
MineCEBalconyStraight01,0004565B,Dungeons\Mines\CaveEpicBalcony\MineCEBalconyStraight01.nif
MineCEBalconyStraight02,0004565C,Dungeons\Mines\CaveEpicBalcony\MineCEBalconyStraight02.nif
MineCEBalconyStraight03,0004565D,Dungeons\Mines\CaveEpicBalcony\MineCEBalconyStraight03.nif
MineCEBalconyStraight04,0004565E,Dungeons\Mines\CaveEpicBalcony\MineCEBalconyStraight04.nif
MineCEBalconyCorner01,0004565F,Dungeons\Mines\CaveEpicBalcony\MineCEBalconyCorner01.nif
MineCEBalconyCorner02,00045660,Dungeons\Mines\CaveEpicBalcony\MineCEBalconyCorner02.nif
MineCEBalconyCorner03,00045661,Dungeons\Mines\CaveEpicBalcony\MineCEBalconyCorner03.nif
MineCEBalconyCorner04,00045662,Dungeons\Mines\CaveEpicBalcony\MineCEBalconyCorner04.nif
MineCEBalconyCurve01,00045663,Dungeons\Mines\CaveEpicBalcony\MineCEBalconyCurve01.nif
MineCEBalconyCurve02,00045664,Dungeons\Mines\CaveEpicBalcony\MineCEBalconyCurve02.nif
MineCEBalconyCurve03,00045665,Dungeons\Mines\CaveEpicBalcony\MineCEBalconyCurve03.nif
MineCEBalconyCurve04,00045666,Dungeons\Mines\CaveEpicBalcony\MineCEBalconyCurve04.nif
MineCEPillar05,00045667,Dungeons\Mines\CaveEpicPillar\MineCEPillar05.nif
MineCEPillar06,00045668,Dungeons\Mines\CaveEpicPillar\MineCEPillar06.nif
MineCEPillar01,00045669,Dungeons\Mines\CaveEpicPillar\MineCEPillar01.nif
MineCEPillar02,0004566A,Dungeons\Mines\CaveEpicPillar\MineCEPillar02.nif
MineCEPillar03,0004566B,Dungeons\Mines\CaveEpicPillar\MineCEPillar03.nif
MineCEPillar04,0004566C,Dungeons\Mines\CaveEpicPillar\MineCEPillar04.nif
MountainPeak01,00045AB4,Landscape\Mountains\MountainPeak01.nif
MountainPeak01_LightSN,00045AB5,Landscape\Mountains\MountainPeak01.nif
MountainPeak02_HeavySN,00046031,Landscape\Mountains\MountainPeak02.nif
MountainPeak02_LightSN,00046032,Landscape\Mountains\MountainPeak02.nif
DirtCliffsCornerIn01Dirt02,00046186,Landscape\DirtCliffs\DirtCliffsCornerIn01.nif
GiantClubStatic,000461D8,Weapons\Giant\GiantClub.nif
1stPersonGiantClub,000461DB,Weapons\Giant\GiantClub.nif
RockPileM01RiverbedEdge,0004620F,Landscape\Rocks\RockPileM01.nif
RockPileM03Rocks01WRDirt,000462DD,Landscape\Rocks\RockPileM03.nif
CaveIIcicle06,000462E5,Dungeons\Caves\Ice\Clutter\CaveIIcicle06.nif
CaveIIcicle05,000462E6,Dungeons\Caves\Ice\Clutter\CaveIIcicle05.nif
CaveIIcicleMed05,000462E8,Dungeons\Caves\Ice\Clutter\CaveIIcicleMed05.nif
CaveIIcicleMed04,000462E9,Dungeons\Caves\Ice\Clutter\CaveIIcicleMed04.nif
CaveIIcicle04,000462F0,Dungeons\Caves\Ice\Clutter\CaveIIcicle04.nif
RockPileS03Rocks01WRDirt,00046358,Landscape\Rocks\RockPileS03.nif
RockPileS02Rocks01WRDirt,0004635D,Landscape\Rocks\RockPileS02.nif
RockPileM02Rocks01WRDirt,0004635E,Landscape\Rocks\RockPileM02.nif
RockPileM02RiverbedEdge,00046867,Landscape\Rocks\RockPileM02.nif
CaveIFloor01Ice,000468DC,Dungeons\Caves\Ice\FrozenWall\CaveIFloor01.nif
CaveIDirtMound08Ice,000468F1,Dungeons\Caves\Ice\DirtMound\CaveIDirtMound08.nif
CaveIDirtMound03Ice,000468F3,Dungeons\Caves\Ice\DirtMound\CaveIDirtMound03.nif
NorDwelling01ExtBaseA,00046ED1,Dungeons\Nordic\Exterior\Dwellings\NorDwelling01ExtBaseA.nif
NorDwelling01ExtBaseB,00046ED2,Dungeons\Nordic\Exterior\Dwellings\NorDwelling01ExtBaseB.nif
NorDwelling01ExtCourtA,00046ED3,Dungeons\Nordic\Exterior\Dwellings\NorDwelling01ExtCourtA.nif
NorDwelling01ExtCourtB,00046ED4,Dungeons\Nordic\Exterior\Dwellings\NorDwelling01ExtCourtB.nif
NorDwelling01ExtCourtCap01,00046ED5,Dungeons\Nordic\Exterior\Dwellings\NorDwelling01ExtCourtCap01.nif
NorDwelling01ExtCourtStairs01,00046ED6,Dungeons\Nordic\Exterior\Dwellings\NorDwelling01ExtCourtStairs01.nif
NorDwelling01ExtPylons01,00046ED7,Dungeons\Nordic\Exterior\Dwellings\NorDwelling01ExtPylons01.nif
NorDwelling01IntA01,00046ED8,Dungeons\Nordic\Exterior\Dwellings\NorDwelling01IntA01.nif
NorDwelling01IntA02,00046ED9,Dungeons\Nordic\Exterior\Dwellings\NorDwelling01IntA02.nif
MrkMarketStall01,0004739E,Architecture\Markarth\MrkMarketStall01.nif
MrkMarketStallRoof01,0004739F,Architecture\Markarth\MrkMarketStallRoof01.nif
ImpTowerOutPillar,00047A3B,Dungeons\Imperial\Tower\ImpTowerOutPillar.nif
ImpHall1Way128Short01,00047A3C,Dungeons\Imperial\SmallHall\ImpHall1Way128Short01.nif
ImpHall1Way64Short01,00047A3D,Dungeons\Imperial\SmallHall\ImpHall1Way64Short01.nif
ImpTowerInHallDoor02,00047A3E,Dungeons\Imperial\Tower\ImpTowerInHallDoor02.nif
ImpTowerInHallDoor01,00047A3F,Dungeons\Imperial\Tower\ImpTowerInHallDoor01.nif
ImpExtTowerShellFloor2nd01,00047A4A,Dungeons\Imperial\Exterior\ImpExtTowerShellFloor2nd01.nif
RiftenRWHall1Way01,00047A5D,Dungeons\Riften\RatwayHall\RiftenRWHall1Way01.nif
SoulGemHolder,000481AD,Clutter\SoulGem\SoulGemHolder01.nif
SoulGemHolderWithStand,000481B0,Clutter\SoulGem\SoulGemHolderStand01.nif
RiftenRWHallArch01,000484C2,Dungeons\Riften\RatwayHall\RiftenRWHallArch01.nif
RiftenRWHallGutter01,000484C5,Dungeons\Riften\RatwayHall\RiftenRWHallGutter01.nif
RiftenRWHallSewerHole01,000484CE,Dungeons\Riften\RatwayHall\RiftenRWHallSewerHole01.nif
RiftenRWHallDeadEnd01,000484D0,Dungeons\Riften\RatwayHall\RiftenRWHallDeadEnd01.nif
RiftenRWHallArch02,000484D5,Dungeons\Riften\RatwayHall\RiftenRWHallArch02.nif
RiftenRWDirtMound05,000484D6,Dungeons\Riften\RatwayHall\RiftenRWDirtMound05.nif
RiftenRWDirtMound06,000484D7,Dungeons\Riften\RatwayHall\RiftenRWDirtMound06.nif
RiftenRWDirtMound07,000484D8,Dungeons\Riften\RatwayHall\RiftenRWDirtMound07.nif
RiftenRWDirtMound08,000484D9,Dungeons\Riften\RatwayHall\RiftenRWDirtMound08.nif
RiftenRWDirtMound01,000484DA,Dungeons\Riften\RatwayHall\RiftenRWDirtMound01.nif
RiftenRWDirtMound02,000484DB,Dungeons\Riften\RatwayHall\RiftenRWDirtMound02.nif
RiftenRWDirtMound03,000484DC,Dungeons\Riften\RatwayHall\RiftenRWDirtMound03.nif
RiftenRWDirtMound04,000484DD,Dungeons\Riften\RatwayHall\RiftenRWDirtMound04.nif
RiftenRWHall4Way01,000484E3,Dungeons\Riften\RatwayHall\RiftenRWHall4Way01.nif
MountainCliff01,000485BF,Landscape\Mountains\MountainCliff01.nif
RockCliff01FieldGrass01,000485E7,Landscape\Rocks\RockCliff01.nif
1stPersonElderScrollUnfurled,0004877F,Clutter\ElderScroll\ElderScrollUnfurled.nif
1stPersonElderScrollFurled,00048783,Clutter\ElderScroll\1stPersonElderScrollFurled.nif
1stPersonMQDragonPriestStaff,00048785,Weapons\MQDragonPriest\MQ_DragonPriestStaff.nif
MountainPeak02_Blackreach,000487E7,Landscape\Mountains\MountainPeak02.nif
MountainPeak01_Blackreach,000487E8,Landscape\Mountains\MountainPeak01.nif
MountainCliff01_Blackreach,000487E9,Landscape\Mountains\MountainCliff01.nif
MountainCliff02_Blackreach,000487EA,Landscape\Mountains\MountainCliff02.nif
MountainCliff03_Blackreach,000487EB,Landscape\Mountains\MountainCliff03.nif
MountainCliff04_Blackreach,000487EC,Landscape\Mountains\MountainCliff04.nif
BlackreachEMid01,000487ED,Dungeons\Caves\Blackreach\BlackreachEMid01.nif
BlackreachEMid01_Blackreach,000487EE,Dungeons\Caves\Blackreach\BlackreachEMid01.nif
TESTHorker,00048AC1,Actors\Horker\TESTHorker.nif
RiftenRWHall1Way02,00048B36,Dungeons\Riften\RatwayHall\RiftenRWHall1Way02.nif
RiftenRWHall1Way03,00048B37,Dungeons\Riften\RatwayHall\RiftenRWHall1Way03.nif
RiftenRWHall1WayWell01,00048B38,Dungeons\Riften\RatwayHall\RiftenRWHall1WayWell01.nif
RiftenRWHallGutter02,00048B3B,Dungeons\Riften\RatwayHall\RiftenRWHallGutter02.nif
HHSteps13_LightSN,00048C1E,Architecture\HighHrothgar\HHSteps13.nif
TreePineForestUprootedStump01,00048DDA,Landscape\Trees\TreePineForestUprootedStump01.nif
MountainCliff01_LightSN,00048DDF,Landscape\Mountains\MountainCliff01.nif
MountainCliff01_HeavySN,00048DE0,Landscape\Mountains\MountainCliff01.nif
RiftenRWRoomCore01,00048E59,Dungeons\Riften\RatwayRoom\RiftenRWRoomCore01.nif
RiftenRWRoomWall01,00048E5C,Dungeons\Riften\RatwayRoom\RiftenRWRoomWall01.nif
RiftenRWRoomWall03,00048E65,Dungeons\Riften\RatwayRoom\RiftenRWRoomWall03.nif
RiftenRWRoomWall04,00048E66,Dungeons\Riften\RatwayRoom\RiftenRWRoomWall04.nif
RiftenRWRoomWall02,00048E67,Dungeons\Riften\RatwayRoom\RiftenRWRoomWall02.nif
RiftenRWRoomDoor01,00048E85,Dungeons\Riften\RatwayRoom\RiftenRWRoomDoor01.nif
HHSteps07Narrow_LightSN,00049206,Architecture\HighHrothgar\HHSteps07Narrow.nif
HhSteps06Narrow_LightSN,00049354,Architecture\HighHrothgar\HhSteps06Narrow.nif
RockCliff02Dirt01,0004938D,Landscape\Rocks\RockCliff02.nif
SWell,0004939E,Architecture\Solitude\SWell.nif
RiftenRWRoomCoreWall01,00049411,Dungeons\Riften\RatwayRoom\RiftenRWRoomCoreWall01.nif
RiftenRWRoomCoreCap01,0004943B,Dungeons\Riften\RatwayRoom\RiftenRWRoomCoreCap01.nif
RiftenRWRoomCoreWall02,0004943C,Dungeons\Riften\RatwayRoom\RiftenRWRoomCoreWall02.nif
RiftenRWRoomCoreWall03,0004943D,Dungeons\Riften\RatwayRoom\RiftenRWRoomCoreWall03.nif
RiftenRWWoodbeam03,0004943E,Dungeons\Riften\Clutter\RiftenRWWoodbeam03.nif
RiftenRWWoodbeamShort01,0004943F,Dungeons\Riften\Clutter\RiftenRWWoodbeamShort01.nif
RiftenRWWoodbeamShort02,00049440,Dungeons\Riften\Clutter\RiftenRWWoodbeamShort02.nif
RiftenRWWoodplanks01,00049441,Dungeons\Riften\Clutter\RiftenRWWoodplanks01.nif
RiftenRWWoodplanks02,00049442,Dungeons\Riften\Clutter\RiftenRWWoodplanks02.nif
RiftenRWWoodplanks03,00049443,Dungeons\Riften\Clutter\RiftenRWWoodplanks03.nif
RiftenRWWoodplanks04,00049444,Dungeons\Riften\Clutter\RiftenRWWoodplanks04.nif
RiftenRWWoodbeam01,00049445,Dungeons\Riften\Clutter\RiftenRWWoodbeam01.nif
RiftenRWWoodbeam02,00049446,Dungeons\Riften\Clutter\RiftenRWWoodbeam02.nif
SgrassPatch01,0004953A,Architecture\Solitude\SgrassPatch01.nif
NorDwelling02ExtBaseA,0004996B,Dungeons\Nordic\Exterior\Dwellings\NorDwelling02ExtBaseA.nif
NorDwelling02ExtBaseB,0004996C,Dungeons\Nordic\Exterior\Dwellings\NorDwelling02ExtBaseB.nif
NorDwelling02ExtBaseC,0004996D,Dungeons\Nordic\Exterior\Dwellings\NorDwelling02ExtBaseC.nif
NorDwelling02IntB01,0004996E,Dungeons\Nordic\Exterior\Dwellings\NorDwelling02IntB01.nif
HHStepA_LightSN,00049C1C,Architecture\HighHrothgar\HHStepA.nif
HHStepC_LightSN,00049C52,Architecture\HighHrothgar\HHStepC.nif
HHStepD_LightSN,00049C53,Architecture\HighHrothgar\HHStepD.nif
HHStepB_LightSN,0004A6B0,Architecture\HighHrothgar\HHStepB.nif
NorHallBg1wayEndExBg01Ice,0004B042,Dungeons\Nordic\BgHalls\NorHallBg1wayEndExBg01.nif
NorHallBg1wayRamp256Ice,0004B045,Dungeons\Nordic\BgHalls\NorHallBg1wayRamp256.nif
RiftenRWTGRoomCorner02,0004B04F,Dungeons\Riften\ThievesGuild\RiftenRWTGRoomCorner02.nif
RiftenRWTGRoomCorner03,0004B050,Dungeons\Riften\ThievesGuild\RiftenRWTGRoomCorner03.nif
RiftenRWTGRoomCorner04,0004B051,Dungeons\Riften\ThievesGuild\RiftenRWTGRoomCorner04.nif
RiftenRWTGRoomWall02,0004B052,Dungeons\Riften\ThievesGuild\RiftenRWTGRoomWall02.nif
RiftenRWTGRoomWall03,0004B053,Dungeons\Riften\ThievesGuild\RiftenRWTGRoomWall03.nif
RiftenRWTGRoomWall04,0004B054,Dungeons\Riften\ThievesGuild\RiftenRWTGRoomWall04.nif
RiftenRWTGRoomICorner03,0004B067,Dungeons\Riften\ThievesGuild\RiftenRWTGRoomICorner03.nif
RiftenRWTGRoomICorner04,0004B068,Dungeons\Riften\ThievesGuild\RiftenRWTGRoomICorner04.nif
RiftenRWTGRoomICorner01,0004B069,Dungeons\Riften\ThievesGuild\RiftenRWTGRoomICorner01.nif
RiftenRWTGRoomICorner02,0004B06A,Dungeons\Riften\ThievesGuild\RiftenRWTGRoomICorner02.nif
RiftenRWTGRoomDoor03,0004B07D,Dungeons\Riften\ThievesGuild\RiftenRWTGRoomDoor03.nif
RiftenRWTGRoomDoor04,0004B07E,Dungeons\Riften\ThievesGuild\RiftenRWTGRoomDoor04.nif
RiftenRWTGRoomDoor01,0004B07F,Dungeons\Riften\ThievesGuild\RiftenRWTGRoomDoor01.nif
RiftenRWTGRoomDoor02,0004B080,Dungeons\Riften\ThievesGuild\RiftenRWTGRoomDoor02.nif
TreePineForestCutStump02_HeavySN,0004B5F8,Landscape\Trees\TreePineForestCutStump02.nif
CWTower01,0004B77C,Architecture\Solitude\CWTower01.nif
SOVintPlatformCorIn01,0004B873,Architecture\Sovengarde\SovngardeInterior\SOVintPlatformCorIn01.nif
SOVintPlatformStr01,0004B874,Architecture\Sovengarde\SovngardeInterior\SOVintPlatformStr01.nif
SOVintColumn02,0004B87A,Architecture\Sovengarde\SovngardeInterior\SOVintColumn02.nif
SOVintStairsMain02,0004B87D,Architecture\Sovengarde\SovngardeInterior\SOVintStairsMain02.nif
SOVintBeamSupport01,0004B883,Architecture\Sovengarde\SovngardeInterior\SOVintBeamSupport01.nif
SOVintBeamSupport02,0004B884,Architecture\Sovengarde\SovngardeInterior\SOVintBeamSupport02.nif
SOVintColumn03,0004B8A8,Architecture\Sovengarde\SovngardeInterior\SOVintColumn03.nif
SOVintCor02,0004B8AC,Architecture\Sovengarde\SovngardeInterior\SOVintCor02.nif
TestIce01,0004B951,Magic\FrostBarrier01.nif
CaveGRockL02Ice,0004BB62,Dungeons\Caves\Green\Rocks\CaveGRockL02.nif
CaveGRockPileS01Ice,0004BB63,Dungeons\Caves\Green\Rocks\CaveGRockPileS01.nif
CaveGRockPileS02Ice,0004BB64,Dungeons\Caves\Green\Rocks\CaveGRockPileS02.nif
CaveGCliffsCornerIn01NSIce,0004BB67,Dungeons\Caves\Green\Cliffs\CaveGCliffsCornerIn01NS.nif
WRPondStairs01,0004C418,Architecture\WhiteRun\WRTerrain\WRPondStairs01.nif
WRPondStairs02,0004C419,Architecture\WhiteRun\WRTerrain\WRPondStairs02.nif
DweHallBg1wayRamp01,0004C55F,Dungeons\Dwemer\BgHalls\DweHallBg1wayRamp01.nif
DweHallBg2way01,0004C564,Dungeons\Dwemer\BgHalls\DweHallBg2way01.nif
DweHallBg3way01,0004C565,Dungeons\Dwemer\BgHalls\DweHallBg3way01.nif
DweHallBg4way01,0004C566,Dungeons\Dwemer\BgHalls\DweHallBg4way01.nif
DweHallBgEndCap01,0004C567,Dungeons\Dwemer\BgHalls\DweHallBgEndCap01.nif
DweHallBgEndCapExBg01,0004C568,Dungeons\Dwemer\BgHalls\DweHallBgEndCapExBg01.nif
RiftenRWRoomPillar02,0004C5C6,Dungeons\Riften\RatwayRoom\RiftenRWRoomPillar02.nif
RiftenRWRoomPillar03,0004C5C7,Dungeons\Riften\RatwayRoom\RiftenRWRoomPillar03.nif
RiftenRWRoomPillar01,0004C5C8,Dungeons\Riften\RatwayRoom\RiftenRWRoomPillar01.nif
splashTexTemp,0004C6D6,Effects\splashTexTemp.nif
WRTempleTree02Roots,0004CBB3,Landscape\Trees\WRTempleTree02Roots.nif
WRHouseStores02,0004CC28,Architecture\WhiteRun\WRBuildings\WRHouseStores02.nif
MountainTrim02_LightSN,0004CCD7,Landscape\Mountains\MountainTrim02.nif
MountainTrim02_HeavySN,0004CCD8,Landscape\Mountains\MountainTrim02.nif
1stPersonSkullofCorruption,0004CDAD,Weapons\SkullofCorruption\1stPersonSkullofCorruption.nif
ImpExtTower03,0004CECA,Dungeons\Imperial\Exterior\ImpExtTower03.nif
DirtCliffs02FieldGrass01,0004D709,Landscape\DirtCliffs\DirtCliffs02.nif
DirtCliffsCornerIn01FieldGrass01,0004D715,Landscape\DirtCliffs\DirtCliffsCornerIn01.nif
RockShelf01_LightSN,0004D71F,Landscape\Rocks\RockShelf01.nif
TundraStreamBend01PineForest02,0004D721,Landscape\Tundra\TundraStreamBend01.nif
WRBanneredMareBase01,0004D72D,Architecture\WhiteRun\WRTerrain\WRBanneredMareBase01.nif
WRShacksBase02,0004D74F,Architecture\WhiteRun\WRTerrain\WRShacksBase02.nif
WRMainRoadPlains02,0004D75C,Architecture\WhiteRun\WRTerrain\WRMainRoadPlains02.nif
Farmhouse01Walkway,0004D7A8,Architecture\Farmhouse\Farmhouse01Walkway.nif
Farmhouse02Walkway,0004D7AA,Architecture\Farmhouse\Farmhouse02Walkway.nif
Farmhouse03Walkway,0004D7AC,Architecture\Farmhouse\Farmhouse03Walkway.nif
Farmhouse04Walkway,0004D7AD,Architecture\Farmhouse\Farmhouse04Walkway.nif
WalkwayStairs1,0004D7AF,Architecture\Farmhouse\Walkway\WalkwayStairs1.nif
WalkwayStairs3,0004D7B0,Architecture\Farmhouse\Walkway\WalkwayStairs3.nif
WalkwayStairs4,0004D7B1,Architecture\Farmhouse\Walkway\WalkwayStairs4.nif
WalkwayCEnd02,0004D7BC,Architecture\Farmhouse\Walkway\WalkwayCEnd02.nif
WalkwayREnd01,0004D7BD,Architecture\Farmhouse\Walkway\WalkwayREnd01.nif
WalkwayStairs8,0004D7C1,Architecture\Farmhouse\Walkway\WalkwayStairs8.nif
WalkwayStairs15,0004D7C2,Architecture\Farmhouse\Walkway\WalkwayStairs15.nif
WalkwayC01,0004D7C6,Architecture\Farmhouse\Walkway\WalkwayC01.nif
WalkwayCWall01,0004D7D7,Architecture\Farmhouse\Walkway\WalkwayCWall01.nif
WalkwayCWallEnd01,0004D7D8,Architecture\Farmhouse\Walkway\WalkwayCWallEnd01.nif
WalkwayCWallEnd02,0004D7D9,Architecture\Farmhouse\Walkway\WalkwayCWallEnd02.nif
WalkwayCWallGate01,0004D7DA,Architecture\Farmhouse\Walkway\WalkwayCWallGate01.nif
WalkwayCEntWall01,0004D7DB,Architecture\Farmhouse\Walkway\WalkwayCEntWall01.nif
Road3way01ReachDirt01,0004DBCF,Landscape\Roads\Road3way01.nif
RockCliff07ReachGrass01,0004DC57,Landscape\Rocks\RockCliff07.nif
MountainTrim01ReachGrass01,0004DC5C,Landscape\Mountains\MountainTrim01.nif
ShipLarge01,0004DD2D,Dungeons\Ship\ShipLarge01.nif
SOVintStairsFree01,0004DECA,Architecture\Sovengarde\SovngardeInterior\SOVintStairsFree01.nif
SOVintPlatformStrStairOpening01,0004DED3,Architecture\Sovengarde\SovngardeInterior\SOVintPlatformStrStairOpening01.nif
SOVintPlatformCustomR,0004DEF7,Architecture\Sovengarde\SovngardeInterior\SOVintPlatformCustomR.nif
SOVintPlatformCustomL,0004DEFA,Architecture\Sovengarde\SovngardeInterior\SOVintPlatformCustomL.nif
SOVintColumnRoof01,0004DF1A,Architecture\Sovengarde\SovngardeInterior\SOVintColumnRoof01.nif
SOVintStrWinEndR,0004DF98,Architecture\Sovengarde\SovngardeInterior\SOVintStrWinEndR.nif
SOVintStrWinEndL,0004DFA7,Architecture\Sovengarde\SovngardeInterior\SOVintStrWinEndL.nif
RockCliff02ReachGrass01Rocks01,0004E121,Landscape\Rocks\RockCliff02.nif
Fireball01HandEffects0000,0004E21F,Magic\Fireball01HandEffects.nif
MAGINVFireballArt,0004E264,Magic\FireballInvArt.nif
NorPuzzleDoorFrame,0004E2BD,Dungeons\Nordic\Doors\Animated\PuzzleDoor\PuzzleDoorFrame01.nif
DweHallLg1way01,0004E2C4,Dungeons\Dwemer\LgHalls\DweHallLg1way01.nif
DweHallLgEndCapExBg01,0004E2D1,Dungeons\Dwemer\LgHalls\DweHallLgEndCapExBg01.nif
SMainGate,0004E3E7,Architecture\Solitude\SMainGate.nif
DA09GemStatic,0004E4E8,Clutter\SoulGem\SoulGemGreater01.nif
TestMammoth,0004E5F3,Actors\Mammoth\TESTMammoth.nif
SCastleWall03,0004E65E,Architecture\Solitude\SCastleWall03.nif
RockPileM02ReachMoss01,0004E78F,Landscape\Rocks\RockPileM02.nif
DweHallLg2way01,0004E870,Dungeons\Dwemer\LgHalls\DweHallLg2way01.nif
DweHallLg3way01,0004E871,Dungeons\Dwemer\LgHalls\DweHallLg3way01.nif
DweHallLg4way01,0004E872,Dungeons\Dwemer\LgHalls\DweHallLg4way01.nif
DweFloorRaised02,0004EFCE,Dungeons\Dwemer\Rubble\DweFloorRaised02.nif
DweFloorRaised01,0004EFCF,Dungeons\Dwemer\Rubble\DweFloorRaised01.nif
SOVintBench01,0004F42B,Architecture\Sovengarde\SovngardeInterior\SOVintBench01.nif
SOVintBench02,0004F435,Architecture\Sovengarde\SovngardeInterior\SOVintBench02.nif
SOVintPlatformStr01NoShading,0004F455,Architecture\Sovengarde\SovngardeInterior\SOVintPlatformStr01NoShading.nif
TreePineForestStump01Blank,0004F518,Landscape\Trees\TreePineForestStump01Blank.nif
DweFacadeBridgePar3way01,0004F791,Dungeons\Dwemer\Facades\DweFacadeBridgePar3way01.nif
DweFacadeBridgePar1way01,0004F7B3,Dungeons\Dwemer\Facades\DweFacadeBridgePar1way01.nif
DweFacadeBridgeParEnd01,0004F7B5,Dungeons\Dwemer\Facades\DweFacadeBridgeParEnd01.nif
DweFacadeBridgePar4way01,0004F7B6,Dungeons\Dwemer\Facades\DweFacadeBridgePar4way01.nif
DweFacadeBridgePar2way01,0004F7B8,Dungeons\Dwemer\Facades\DweFacadeBridgePar2way01.nif
DweHallLgEndCap01,0004F82E,Dungeons\Dwemer\LgHalls\DweHallLgEndCap01.nif
DweHallLg1wayRamp01,0004F82F,Dungeons\Dwemer\LgHalls\DweHallLg1wayRamp01.nif
DweFacadeBridgeParCor01,0004F843,Dungeons\Dwemer\Facades\DweFacadeBridgeParCor01.nif
DweFacadeBridgeParWall01,0004F844,Dungeons\Dwemer\Facades\DweFacadeBridgeParWall01.nif
ShipLargeInside01,0004F8CC,Dungeons\Ship\ShipLargeInside01.nif
ShipWoodbeam03,0004F8E6,Dungeons\Ship\Clutter\ShipWoodbeam03.nif
ShipWoodbeamShort01,0004F8E7,Dungeons\Ship\Clutter\ShipWoodbeamShort01.nif
ShipWoodbeamShort02,0004F8E8,Dungeons\Ship\Clutter\ShipWoodbeamShort02.nif
ShipWoodplanks01,0004F8E9,Dungeons\Ship\Clutter\ShipWoodplanks01.nif
ShipWoodplanks02,0004F8EA,Dungeons\Ship\Clutter\ShipWoodplanks02.nif
ShipWoodplanks03,0004F8EB,Dungeons\Ship\Clutter\ShipWoodplanks03.nif
ShipWoodplanks04,0004F8EC,Dungeons\Ship\Clutter\ShipWoodplanks04.nif
ShipWoodbeam01,0004F8ED,Dungeons\Ship\Clutter\ShipWoodbeam01.nif
ShipWoodbeam02,0004F8EE,Dungeons\Ship\Clutter\ShipWoodbeam02.nif
ShipWoodWall02,0004F8F3,Dungeons\Ship\Clutter\ShipWoodWall02.nif
ShipWoodWall01,0004F8F4,Dungeons\Ship\Clutter\ShipWoodWall01.nif
ShipWoodBeamStraight01,0004F8F6,Dungeons\Ship\Clutter\ShipWoodBeamStraight01.nif
ShipWoodBeamStraight02,0004F8F7,Dungeons\Ship\Clutter\ShipWoodBeamStraight02.nif
ShipWoodBeamStraight03,0004F8F8,Dungeons\Ship\Clutter\ShipWoodBeamStraight03.nif
RTHaelgasBunkhouse01,0004FA53,Architecture\Riften\RTHaelgasBunkhouse01.nif
MountainTrim01PineForest03,0004FDA9,Landscape\Mountains\MountainTrim01.nif
TreeReachBranchPile01,0004FF0E,Landscape\Trees\ReachBranchPile01.nif
TreeReachBranchPile02,0004FF0F,Landscape\Trees\ReachBranchPile02.nif
RockPileM02PineForest03,0004FFF5,Landscape\Rocks\RockPileM02.nif
SkyHavenRubblePile03,0005032A,Architecture\SkyHavenTemple\Clutter\SkyHavenRubblePile03.nif
SkyHavenRubblePile04,0005032B,Architecture\SkyHavenTemple\Clutter\SkyHavenRubblePile04.nif
SkyHavenRubblePile05,0005032C,Architecture\SkyHavenTemple\Clutter\SkyHavenRubblePile05.nif
SkyHavenRubblePileSmall01,0005032D,Architecture\SkyHavenTemple\Clutter\SkyHavenRubblePileSmall01.nif
SkyHavenRubblePileSmall02,0005032E,Architecture\SkyHavenTemple\Clutter\SkyHavenRubblePileSmall02.nif
SkyHavenRubblePileSmall03,0005032F,Architecture\SkyHavenTemple\Clutter\SkyHavenRubblePileSmall03.nif
SkyHavenRubblePileSmall04,00050330,Architecture\SkyHavenTemple\Clutter\SkyHavenRubblePileSmall04.nif
SkyHavenFloorChunk01,00050331,Architecture\SkyHavenTemple\Clutter\SkyHavenFloorChunk01.nif
SkyHavenFloorChunk02,00050332,Architecture\SkyHavenTemple\Clutter\SkyHavenFloorChunk02.nif
SkyHavenFloorPiece01,00050333,Architecture\SkyHavenTemple\Clutter\SkyHavenFloorPiece01.nif
SkyHavenRubblePiece01,00050334,Architecture\SkyHavenTemple\Clutter\SkyHavenRubblePiece01.nif
SkyHavenRubblePiece02,00050335,Architecture\SkyHavenTemple\Clutter\SkyHavenRubblePiece02.nif
SkyHavenRubblePiece03,00050336,Architecture\SkyHavenTemple\Clutter\SkyHavenRubblePiece03.nif
SkyHavenRubblePiece04,00050337,Architecture\SkyHavenTemple\Clutter\SkyHavenRubblePiece04.nif
SkyHavenRubblePiece05,00050338,Architecture\SkyHavenTemple\Clutter\SkyHavenRubblePiece05.nif
SkyHavenRubblePile01,00050339,Architecture\SkyHavenTemple\Clutter\SkyHavenRubblePile01.nif
SkyHavenRubblePile02,0005033A,Architecture\SkyHavenTemple\Clutter\SkyHavenRubblePile02.nif
ShipLongBoat01,00050351,Dungeons\Ship\ShipLongBoat01.nif
ShipRowBoat01,00050368,Dungeons\Ship\ShipRowBoat01.nif
MountainCliffSm01,00050385,Landscape\Mountains\MountainCliffSm01.nif
GiantCampfire01OffPineForest02,0005049D,Clutter\Giant\GiantCampfire01Off.nif
MountainRidge01_LightSN,0005055C,Landscape\Mountains\MountainRidge01.nif
WRCarlottaPlatform01,000506DF,Architecture\WhiteRun\WRTerrain\WRCarlottaPlatform01.nif
WRUlfberhPlatform01,000506ED,Architecture\WhiteRun\WRTerrain\WRUlfberhPlatform01.nif
WRHouseWind04,000506FA,Architecture\WhiteRun\WRBuildings\WRHouseWind04.nif
WRHallOfDeadPlatform01,0005071A,Architecture\WhiteRun\WRTerrain\WRHallOfDeadPlatform01.nif
WRGreatHousePlatform01,0005071F,Architecture\WhiteRun\WRTerrain\WRGreatHousePlatform01.nif
GiantCampfire01Off,00050723,Clutter\Giant\GiantCampfire01Off.nif
DirtCliffs03FallForestGrass01,00050928,Landscape\DirtCliffs\DirtCliffs03.nif
MountainCliffSlopeFallForestGrass01,0005092A,Landscape\Mountains\MountainCliffSlope.nif
DirtCliffsCornerInFallForest01,0005092B,Landscape\DirtCliffs\DirtCliffsCornerIn01.nif
DirtCliffs01FallForestLeaves01,0005092D,Landscape\DirtCliffs\DirtCliffs01.nif
DirtCliffsCornerOutFallForest01,00050931,Landscape\DirtCliffs\DirtCliffsCornerOut01.nif
RockCliff05FallForestGrass01,00050960,Landscape\Rocks\RockCliff05.nif
SWindMill,00050C57,Architecture\Solitude\SWindMill.nif
SCastleWall01,00050C58,Architecture\Solitude\SCastleWall01.nif
MrkMetalCage01,00050D03,Architecture\Markarth\MrkMetalCage01.nif
MountainCliffSm01_HeavySN,00050DC0,Landscape\Mountains\MountainCliffSm01.nif
MountainCliffSm01_LightSN,00050DC1,Landscape\Mountains\MountainCliffSm01.nif
ShipCaptainsBroken01,00050E7A,Dungeons\Ship\ShipCaptainsBroken01.nif
ShipLargeDaintySload01,00050E87,Dungeons\Ship\ShipLargeDaintySload01.nif
WRStairsPlatform01,000510E0,Architecture\WhiteRun\WRTerrain\WRStairsPlatform01.nif
WRCommonHousePlatform01,000510E2,Architecture\WhiteRun\WRTerrain\WRCommonHousePlatform01.nif
WRGreatHousePlatform02,000510F7,Architecture\WhiteRun\WRTerrain\WRGreatHousePlatform02.nif
ShipLargeKatariah01,000513A5,Dungeons\Ship\ShipLargeKatariah01.nif
ImpLRoomCorner04NoWall,000513A7,Dungeons\Imperial\LargeRoom\ImpLRoomCorner04NoWall.nif
ImpLRoomWall01NoWall,000513A8,Dungeons\Imperial\LargeRoom\ImpLRoomWall01NoWall.nif
ImpLRoomWall02NoWall,000513A9,Dungeons\Imperial\LargeRoom\ImpLRoomWall02NoWall.nif
ImpLRoomWall03NoWall,000513AA,Dungeons\Imperial\LargeRoom\ImpLRoomWall03NoWall.nif
ImpLRoomWall04NoWall,000513AB,Dungeons\Imperial\LargeRoom\ImpLRoomWall04NoWall.nif
ImpLRoomCorner01NoWall,000513AC,Dungeons\Imperial\LargeRoom\ImpLRoomCorner01NoWall.nif
ImpLRoomCorner02NoWall,000513AD,Dungeons\Imperial\LargeRoom\ImpLRoomCorner02NoWall.nif
ImpLRoomCorner03NoWall,000513AE,Dungeons\Imperial\LargeRoom\ImpLRoomCorner03NoWall.nif
ImpExtBldgSecondICorner02,000513AF,Dungeons\Imperial\Exterior\ImpExtBldgSecondICorner02.nif
ImpExtBldgSecondICorner03,000513B0,Dungeons\Imperial\Exterior\ImpExtBldgSecondICorner03.nif
ImpExtBldgSecondICorner04,000513B1,Dungeons\Imperial\Exterior\ImpExtBldgSecondICorner04.nif
ImpExtBldgSecondStraight01,000513B2,Dungeons\Imperial\Exterior\ImpExtBldgSecondStraight01.nif
ImpExtBldgSecondStraight02,000513B3,Dungeons\Imperial\Exterior\ImpExtBldgSecondStraight02.nif
ImpExtBldgSecondStraight03,000513B4,Dungeons\Imperial\Exterior\ImpExtBldgSecondStraight03.nif
ImpExtBldgSecondStraight04,000513B5,Dungeons\Imperial\Exterior\ImpExtBldgSecondStraight04.nif
ImpExtBldgSecondCorner01,000513B6,Dungeons\Imperial\Exterior\ImpExtBldgSecondCorner01.nif
ImpExtBldgSecondCorner02,000513B7,Dungeons\Imperial\Exterior\ImpExtBldgSecondCorner02.nif
ImpExtBldgSecondCorner03,000513B8,Dungeons\Imperial\Exterior\ImpExtBldgSecondCorner03.nif
ImpExtBldgSecondCorner04,000513B9,Dungeons\Imperial\Exterior\ImpExtBldgSecondCorner04.nif
ImpExtBldgSecondICorner01,000513BA,Dungeons\Imperial\Exterior\ImpExtBldgSecondICorner01.nif
DweRmLgColumn01,00051544,Dungeons\Dwemer\LgRooms\DweRmLgColumn01.nif
DweRmLgMid01,00051545,Dungeons\Dwemer\LgRooms\DweRmLgMid01.nif
DweRmLgWall01,00051546,Dungeons\Dwemer\LgRooms\DweRmLgWall01.nif
DweRmLgWalltoLgHall01,00051566,Dungeons\Dwemer\LgRooms\DweRmLgWalltoLgHall01.nif
DweRmLgColumnCap01,00051567,Dungeons\Dwemer\LgRooms\DweRmLgColumnCap01.nif
GiantSpit01,00051578,Clutter\Giant\GiantSpit01.nif
SCastleWall04,00051582,Architecture\Solitude\SCastleWall04.nif
SCastleWall02,00051583,Architecture\Solitude\SCastleWall02.nif
DweRmLgCorIn01,0005187A,Dungeons\Dwemer\LgRooms\DweRmLgCorIn01.nif
DweRmLgCorOut01,0005187D,Dungeons\Dwemer\LgRooms\DweRmLgCorOut01.nif
DweRmLgCorIntoLgHallDbl01,000518C3,Dungeons\Dwemer\LgRooms\DweRmLgCorIntoLgHallDbl01.nif
DweRmLgCorIntoLgHallR01,000518CC,Dungeons\Dwemer\LgRooms\DweRmLgCorIntoLgHallR01.nif
DweRmLgCorIntoLgHallL01,000518CD,Dungeons\Dwemer\LgRooms\DweRmLgCorIntoLgHallL01.nif
WRTempleOfK01,00051925,Architecture\WhiteRun\WRBuildings\WRTempleOfK01.nif
MountainRidge01_HeavySN,0005205B,Landscape\Mountains\MountainRidge01.nif
MountainRidge01,00052171,Landscape\Mountains\MountainRidge01.nif
GiantSkewer01,00052186,Clutter\Giant\GiantSkewer01.nif
NorBookPedestal,00052570,Furniture\Nordic\RuinsBookPedestal.nif
CaveGECorner03falmer,000525C2,Dungeons\Caves\Green\Epic\CaveGECorner03.nif
CaveGEWall04falmer,000525C3,Dungeons\Caves\Green\Epic\CaveGEWall04.nif
CaveGEDoorUp03falmer,000525C4,Dungeons\Caves\Green\Epic\CaveGEDoorUp03.nif
CaveGEDoor02falmer,000525C5,Dungeons\Caves\Green\Epic\CaveGEDoor02.nif
1stPersonDwarvenBow,0005271A,Weapons\Dwarven\DwarvenBowSkinned.nif
WRBridgeStone01,0005273B,Architecture\WhiteRun\WRTerrain\WRBridgeStone01.nif
CaveGEPillar06falmer,0005276F,Dungeons\Caves\Green\Pillars\CaveGEPillar06.nif
CaveGEWall02falmer,00052770,Dungeons\Caves\Green\Epic\CaveGEWall02.nif
CaveGBalconyShaftBridge01falmer,00052771,Dungeons\Caves\Green\Balcony\CaveGBalconyShaftBridge01.nif
NorHOSMuralSnake01,0005277A,Dungeons\Nordic\Clutter\NorHOSMuralSnake01.nif
NorHOSMuralOwl01,0005277B,Dungeons\Nordic\Clutter\NorHOSMuralOwl01.nif
NorHOSMuralWhale01,0005277C,Dungeons\Nordic\Clutter\NorHOSMuralWhale01.nif
NorHOSMuralMoth01,0005277D,Dungeons\Nordic\Clutter\NorHOSMuralMoth01.nif
NorHOSMuralBear01,0005277E,Dungeons\Nordic\Clutter\NorHOSMuralBear01.nif
NorHOSMuralWolf01,0005277F,Dungeons\Nordic\Clutter\NorHOSMuralWolf01.nif
NorHOSMuralHawk01,00052780,Dungeons\Nordic\Clutter\NorHOSMuralHawk01.nif
NorHOSMuralFox01,00052781,Dungeons\Nordic\Clutter\NorHOSMuralFox01.nif
DwePlatCorIn01,00052ABF,Dungeons\Dwemer\Platforms\DwePlatCorIn01.nif
DwePlatCorIn02,00052B4D,Dungeons\Dwemer\Platforms\DwePlatCorIn02.nif
DwePlatCorOut01,00052B4E,Dungeons\Dwemer\Platforms\DwePlatCorOut01.nif
DwePlatMid01,00052B4F,Dungeons\Dwemer\Platforms\DwePlatMid01.nif
DwePlatWall01,00052B5B,Dungeons\Dwemer\Platforms\DwePlatWall01.nif
DwePlatWallStair01,00052B5C,Dungeons\Dwemer\Platforms\DwePlatWallStair01.nif
MineralPoolSm01,00052B86,Landscape\Volcanic\MineralPoolSm01.nif
DwePlatWallStair02,00052C22,Dungeons\Dwemer\Platforms\DwePlatWallStair02.nif
DwePtnWallCap01,00052C24,Dungeons\Dwemer\Partitions\DwePtnWallCap01.nif
DwePtnWallHalf01,00052C25,Dungeons\Dwemer\Partitions\DwePtnWallHalf01.nif
ImpRubblePileCeilingSmall01,00052EA1,Dungeons\Imperial\ClutterKits\ImpRubblePileCeilingSmall01.nif
ImpRubblePileCeilingSmall02,00052EA4,Dungeons\Imperial\ClutterKits\ImpRubblePileCeilingSmall02.nif
ImpRubblePileCeilingSmall03,00052EB1,Dungeons\Imperial\ClutterKits\ImpRubblePileCeilingSmall03.nif
ImpRubblePileCeilingSmall04,00052EB2,Dungeons\Imperial\ClutterKits\ImpRubblePileCeilingSmall04.nif
ImpRubblePileCeiling01,00052EB4,Dungeons\Imperial\ClutterKits\ImpRubblePileCeiling01.nif
ImpRubblePileCeiling02,00052EB5,Dungeons\Imperial\ClutterKits\ImpRubblePileCeiling02.nif
MountainTrim02PineForest02,00052EE9,Landscape\Mountains\MountainTrim02.nif
RockPileL04PineForest02,00052EEC,Landscape\Rocks\RockPileL04.nif
MountainTrim02PineForest01,00052EF2,Landscape\Mountains\MountainTrim02.nif
RockPileS01PineForest02,00052F17,Landscape\Rocks\RockPileS01.nif
RockPileS01RiverbedEdge,00052F68,Landscape\Rocks\RockPileS01.nif
RockCliff05PineForest02,00052F71,Landscape\Rocks\RockCliff05.nif
RockPileS02PineForest02,00052F76,Landscape\Rocks\RockPileS02.nif
RockPileM02PineForest02,00052FB3,Landscape\Rocks\RockPileM02.nif
MountainRidge02,0005304B,Landscape\Mountains\MountainRidge02.nif
MountainRidge02_Heavy_SN,0005304E,Landscape\Mountains\MountainRidge02.nif
MountainRidge02_Light_SN,0005304F,Landscape\Mountains\MountainRidge02.nif
RTPlayerHouse01,00053052,Architecture\Riften\RTPlayerHouse01.nif
RockCliff08Snow_LightSN,000531B4,Landscape\Rocks\RockCliff08.nif
RockCliff08PineForest01SnowLight,000531BE,Landscape\Rocks\RockCliff08.nif
StockadeScaffoldTop2Sided02,000533B7,Clutter\Stockade\StockadeScaffoldTop2Sided02.nif
StockadeScaffoldBase4Sided01,000533B8,Clutter\Stockade\StockadeScaffoldBase4Sided01.nif
StockadeScaffoldBase1Sided01,000533BA,Clutter\Stockade\StockadeScaffoldBase1Sided01.nif
StockadeScaffoldBase2Sided01,000533BB,Clutter\Stockade\StockadeScaffoldBase2Sided01.nif
StockadeScaffoldBase2Sided02,000533BC,Clutter\Stockade\StockadeScaffoldBase2Sided02.nif
StockadeScaffoldBase3Sided01,000533BD,Clutter\Stockade\StockadeScaffoldBase3Sided01.nif
StockadeScaffoldTop2Sided01,000533BE,Clutter\Stockade\StockadeScaffoldTop2Sided01.nif
StockadeScaffoldTop3Sided01,000533BF,Clutter\Stockade\StockadeScaffoldTop3Sided01.nif
StockadeScaffoldTop0Sided01,000533C0,Clutter\Stockade\StockadeScaffoldTop0Sided01.nif
StockadeScaffoldTop1Sided01,000533C1,Clutter\Stockade\StockadeScaffoldTop1Sided01.nif
StockadeScaffoldTop4Sided01,000533C2,Clutter\Stockade\StockadeScaffoldTop4Sided01.nif
StockadeScaffoldBaseSupport01,000533C3,Clutter\Stockade\StockadeScaffoldBaseSupport01.nif
StockadeScaffoldStairs01,000533CD,Clutter\Stockade\StockadeScaffoldStairs01.nif
StockadeBridgeExtraLong01,000533CE,Clutter\Stockade\StockadeBridgeExtraLong01.nif
StockadeBridgeExtraExtraLong01,000533CF,Clutter\Stockade\StockadeBridgeExtraExtraLong01.nif
StockadeWoodbeam01,000533D0,Clutter\Stockade\StockadeWoodbeam01.nif
StockadeWoodbeam02,000533D1,Clutter\Stockade\StockadeWoodbeam02.nif
StockadeWoodbeam03,000533D2,Clutter\Stockade\StockadeWoodbeam03.nif
StockadeWoodbeamShort01,000533D3,Clutter\Stockade\StockadeWoodbeamShort01.nif
StockadeWoodbeamShort02,000533D4,Clutter\Stockade\StockadeWoodbeamShort02.nif
StockadeWoodplanks01,000533D5,Dungeons\Mines\Clutter\MineWoodplanks01.nif
StockadeWoodplanks02,000533D6,Dungeons\Mines\Clutter\MineWoodplanks02.nif
StockadeWoodplanks03,000533D7,Dungeons\Mines\Clutter\MineWoodplanks03.nif
StockadeWoodplanks04,000533D8,Dungeons\Mines\Clutter\MineWoodplanks04.nif
StockadeScaffoldBaseSupportW01,000533DA,Clutter\Stockade\StockadeScaffoldBaseSupportW01.nif
RTBlacksmith01,0005347F,Architecture\Riften\RTBlacksmith01.nif
MountainRidge03,00053904,Landscape\Mountains\MountainRidge03.nif
MountainRidge03_Light_SN,00053908,Landscape\Mountains\MountainRidge03.nif
MountainRidge03_Heavy_SN,00053909,Landscape\Mountains\MountainRidge03.nif
RockPileM01ReachDirt01,00053925,Landscape\Rocks\RockPileM01.nif
RockPileM02ReachDirt01,0005392E,Landscape\Rocks\RockPileM02.nif
RockCliffMineEntranceReachGrass01A,00053989,Landscape\Rocks\RockCliffMineEntrance.nif
RockPileL02ReachGrass01,000539B7,Landscape\Rocks\RockPileL02.nif
FarmIntInnEnd04,000539E5,Architecture\Farmhouse\Interior\FarmIntInnEnd04.nif
FarmIntInnWallEntrance01,000539F5,Architecture\Farmhouse\Interior\FarmIntInnWallEntrance01.nif
MrkTempleCrag01,000539FC,Architecture\Markarth\MrkTempleCrag01.nif
SGrate01,00054595,Architecture\Solitude\Clutter\SGrate01.nif
StockadeLeanTo01,00054623,Clutter\Stockade\StockadeLeanTo01.nif
StockadeBuildingCorner01,00054625,Clutter\Stockade\StockadeBuildingCorner01.nif
StockadeBuildingStraight01,00054628,Clutter\Stockade\StockadeBuildingStraight01.nif
StockadeBuildingEnd01,00054629,Clutter\Stockade\StockadeBuildingEnd01.nif
1stPersonGlassBow,0005474B,Weapons\Glass\GlassBowSkinned.nif
RockPileM02Rocks01SnowLight,0005493E,Landscape\Rocks\RockPileM02.nif
RockAnimalDenSnow01_HeavySN,00054963,Landscape\Rocks\RockAnimalDen01.nif
WHIntInn01,00054AB3,Architecture\Windhelm\InteriorKits\Wood\WHIntInn01.nif
RockCliff02PineForest02,00054C32,Landscape\Rocks\RockCliff02.nif
RockPileM02FieldGrass02,00054C38,Landscape\Rocks\RockPileM02.nif
RockPileM01PineForest01,00054C44,Landscape\Rocks\RockPileM01.nif
RockCliff01PineForest02,00054C92,Landscape\Rocks\RockCliff01.nif
TreePineForestLog01Heavy_SN,00054CE8,Landscape\Trees\TreePineForestLog01Snow.nif
MountainTrim01PineForest02,00055036,Landscape\Mountains\MountainTrim01.nif
DweFacadeFreeExBg01,00055116,Dungeons\Dwemer\Facades\DweFacadeFreeExBg01.nif
DweFacadeHallSm1way01,00055117,Dungeons\Dwemer\Facades\DweFacadeHallSm1way01.nif
DweFacadeHallSm2way01,00055118,Dungeons\Dwemer\Facades\DweFacadeHallSm2way01.nif
DweFacadeHallSm3way01,00055119,Dungeons\Dwemer\Facades\DweFacadeHallSm3way01.nif
DweFacadeHallSm4way01,0005511A,Dungeons\Dwemer\Facades\DweFacadeHallSm4way01.nif
DweFacadePartition01,0005511B,Dungeons\Dwemer\Facades\DweFacadePartition01.nif
DweFacadePartitionBase01,0005511C,Dungeons\Dwemer\Facades\DweFacadePartitionBase01.nif
DweFacadePartitionBaseMid01,0005511D,Dungeons\Dwemer\Facades\DweFacadePartitionBaseMid01.nif
DweFacadePartitionRoof01,0005511E,Dungeons\Dwemer\Facades\DweFacadePartitionRoof01.nif
DweFacadePartitionRoofMid01,0005511F,Dungeons\Dwemer\Facades\DweFacadePartitionRoofMid01.nif
DweFacadeTower01,00055120,Dungeons\Dwemer\Facades\DweFacadeTower01.nif
DweFacadeTower02,00055121,Dungeons\Dwemer\Facades\DweFacadeTower02.nif
DweFacadeTower03,00055122,Dungeons\Dwemer\Facades\DweFacadeTower03.nif
DweFacadeTowerArch01,00055123,Dungeons\Dwemer\Facades\DweFacadeTowerArch01.nif
DweFacadeTowerBase01,00055124,Dungeons\Dwemer\Facades\DweFacadeTowerBase01.nif
DweFacadeTowerRoof01,00055125,Dungeons\Dwemer\Facades\DweFacadeTowerRoof01.nif
DweFacadeTowerRoof02,00055126,Dungeons\Dwemer\Facades\DweFacadeTowerRoof02.nif
DweFacadeBalconyMid01,00055196,Dungeons\Dwemer\Facades\DweFacadeBalconyMid01.nif
DweFacadeBalcony01,00055197,Dungeons\Dwemer\Facades\DweFacadeBalcony01.nif
DweFacadeBalconyCap01,00055198,Dungeons\Dwemer\Facades\DweFacadeBalconyCap01.nif
DweFacadeBridge01,0005519F,Dungeons\Dwemer\Facades\DweFacadeBridge01.nif
DweFacadeBridgeCurve01,000551A4,Dungeons\Dwemer\Facades\DweFacadeBridgeCurve01.nif
DweFacadeBridgeCurve02,000551A6,Dungeons\Dwemer\Facades\DweFacadeBridgeCurve02.nif
1stPersonDA10RustyMaceofMolagBal,00055772,Weapons\MaceOfMolagBal\1stPersonRustyMaceOfMolagBal.nif
DweFacadeBridgeRampCW01,0005585F,Dungeons\Dwemer\Facades\DweFacadeBridgeRampCW01.nif
DweFacadeBridgeRampCCW01,00055860,Dungeons\Dwemer\Facades\DweFacadeBridgeRampCCW01.nif
DirtCliffs01ReachGrass01,00055A69,Landscape\DirtCliffs\DirtCliffs01.nif
DirtCliffs02ReachGrass01,00055A6B,Landscape\DirtCliffs\DirtCliffs02.nif
DirtCliffs03ReachGrass01,00055A6D,Landscape\DirtCliffs\DirtCliffs03.nif
TundraPond01ReachGrass01,00055B0A,Landscape\Tundra\TundraPond01.nif
TundraPond01ReachMoss01,00055B0B,Landscape\Tundra\TundraPond01.nif
TundraStreamEnd01ReachMoss01,00055B0C,Landscape\Tundra\TundraStreamEnd01.nif
RTWarehouse01,00055C07,Architecture\Riften\RTWarehouse01.nif
DweFacadeTowerSpacer01,00055C0B,Dungeons\Dwemer\Facades\DweFacadeTowerSpacer01.nif
DweFacadeHallSmAlcove01,00055C0C,Dungeons\Dwemer\Facades\DweFacadeHallSmAlcove01.nif
DweFacadeHallSmEndCap01,00055C0D,Dungeons\Dwemer\Facades\DweFacadeHallSmEndCap01.nif
DweFacadeHallSmExBg01,00055C0E,Dungeons\Dwemer\Facades\DweFacadeHallSmExBg01.nif
DweFacadeBridgeCurve03,00055C12,Dungeons\Dwemer\Facades\DweFacadeBridgeCurve03.nif
RockPileM01ReachMoss01,00055ED0,Landscape\Rocks\RockPileM01.nif
AzuraLargeCrystal01,00055F1D,Dungeons\AzurasStar\AzuraLargeCrystal01.nif
AzuraSphere01,00055F2C,Dungeons\AzurasStar\AzuraSphere01.nif
AzuraFloorTest01,00055F36,Dungeons\AzurasStar\AzuraFloorTest01.nif
AzuraSmallCrystal02,00055F63,Dungeons\AzurasStar\AzuraSmallCrystal02.nif
AzuraSmallCrystal03,00055F64,Dungeons\AzurasStar\AzuraSmallCrystal03.nif
AzuraSmallCrystal04,00055F65,Dungeons\AzurasStar\AzuraSmallCrystal04.nif
AzuraSmallCrystal05,00055F66,Dungeons\AzurasStar\AzuraSmallCrystal05.nif
AzuraSmallCrystal06,00055F67,Dungeons\AzurasStar\AzuraSmallCrystal06.nif
AzuraFloorHex01,00055F68,Dungeons\AzurasStar\AzuraFloorHex01.nif
AzuraFloorHex02,00055F69,Dungeons\AzurasStar\AzuraFloorHex02.nif
AzuraFloorHex03,00055F6A,Dungeons\AzurasStar\AzuraFloorHex03.nif
AzuraFloorHex04,00055F6B,Dungeons\AzurasStar\AzuraFloorHex04.nif
AzuraFloorHex05,00055F6C,Dungeons\AzurasStar\AzuraFloorHex05.nif
AzuraFloorHex06,00055F6D,Dungeons\AzurasStar\AzuraFloorHex06.nif
AzuraFloorHex07,00055F6E,Dungeons\AzurasStar\AzuraFloorHex07.nif
AzuraFloorHex08,00055F6F,Dungeons\AzurasStar\AzuraFloorHex08.nif
AzuraFloorHex09,00055F70,Dungeons\AzurasStar\AzuraFloorHex09.nif
AzuraFloorHex10,00055F71,Dungeons\AzurasStar\AzuraFloorHex10.nif
AzuraFloorHex11,00055F72,Dungeons\AzurasStar\AzuraFloorHex11.nif
AzuraFloorHex12,00055F73,Dungeons\AzurasStar\AzuraFloorHex12.nif
AzuraLargeCrystal02,00055F74,Dungeons\AzurasStar\AzuraLargeCrystal02.nif
AzuraLargeCrystal03,00055F75,Dungeons\AzurasStar\AzuraLargeCrystal03.nif
AzuraLargeCrystal04,00055F76,Dungeons\AzurasStar\AzuraLargeCrystal04.nif
AzuraLargeCrystal05,00055F77,Dungeons\AzurasStar\AzuraLargeCrystal05.nif
AzuraLargeCrystal06,00055F78,Dungeons\AzurasStar\AzuraLargeCrystal06.nif
AzuraLargeCrystal07,00055F79,Dungeons\AzurasStar\AzuraLargeCrystal07.nif
AzurasCrystalCluster01,00055F7A,Dungeons\AzurasStar\AzurasCrystalCluster01.nif
AzurasCrystalCluster02,00055F7B,Dungeons\AzurasStar\AzurasCrystalCluster02.nif
AzurasCrystalCluster03,00055F7C,Dungeons\AzurasStar\AzurasCrystalCluster03.nif
AzurasCrystalCluster04,00055F7D,Dungeons\AzurasStar\AzurasCrystalCluster04.nif
AzurasCrystalCluster05,00055F7E,Dungeons\AzurasStar\AzurasCrystalCluster05.nif
AzurasCrystalCluster06,00055F7F,Dungeons\AzurasStar\AzurasCrystalCluster06.nif
AzuraSmallCrystal01,00055F80,Dungeons\AzurasStar\AzuraSmallCrystal01.nif
DweHallLgEndCapExBg02,0005618E,Dungeons\Dwemer\LgHalls\DweHallLgEndCapExBg02.nif
DweAstrolabeChamber01,0005639C,Dungeons\Dwemer\Animated\Astrolabe\DweAstrolabeChamber01.nif
DweFacadeHallSmExBgExtender01,0005661B,Dungeons\Dwemer\Facades\DweFacadeHallSmExBgExtender01.nif
WRShIntRoofCorR,000566DB,Architecture\WhiteRun\WRInteriors\WRShackInterior\WRShIntRoofCorR.nif
WRShIntRoofCorL,000566E1,Architecture\WhiteRun\WRInteriors\WRShackInterior\WRShIntRoofCorL.nif
WRShIntBeamSupport01,000566E4,Architecture\WhiteRun\WRInteriors\WRShackInterior\WRShIntBeamSupport01.nif
WRShIntAlcoveRoof010001,000566E7,Architecture\WhiteRun\WRInteriors\WRShackInterior\WRShIntAlcoveRoof01.nif
WRIntFloorDirtAlcove01,000566E9,Architecture\WhiteRun\WRInteriors\WRIntFloorDirtAlcove01.nif
WRShIntFreeWallStr01,000566EC,Architecture\WhiteRun\WRInteriors\WRShackInterior\WRShIntFreeWallStr01.nif
WRShIntFreeColumn01,000566ED,Architecture\WhiteRun\WRInteriors\WRShackInterior\WRShIntFreeColumn01.nif
WRShIntFreeWallStrDoor01,000566F0,Architecture\WhiteRun\WRInteriors\WRShackInterior\WRShIntFreeWallStrDoor01.nif
AzuraLargeFloorHex04,00056882,Dungeons\AzurasStar\AzuraLargeFloorHex04.nif
AzuraLargeFloorHex05,00056883,Dungeons\AzurasStar\AzuraLargeFloorHex05.nif
AzuraLargeFloorHex06,00056884,Dungeons\AzurasStar\AzuraLargeFloorHex06.nif
AzuraLargeFloorHex01,00056885,Dungeons\AzurasStar\AzuraLargeFloorHex01.nif
AzuraLargeFloorHex02,00056886,Dungeons\AzurasStar\AzuraLargeFloorHex02.nif
AzuraLargeFloorHex03,00056887,Dungeons\AzurasStar\AzuraLargeFloorHex03.nif
AzuraLargeCrystalMoving03,00056889,Dungeons\AzurasStar\AzuraLargeCrystalMoving03.nif
AzuraLargeCrystalMoving04,0005688A,Dungeons\AzurasStar\AzuraLargeCrystalMoving04.nif
AzuraLargeCrystalMoving05,0005688B,Dungeons\AzurasStar\AzuraLargeCrystalMoving05.nif
AzuraLargeCrystalMoving06,0005688C,Dungeons\AzurasStar\AzuraLargeCrystalMoving06.nif
AzuraLargeCrystalMoving07,0005688D,Dungeons\AzurasStar\AzuraLargeCrystalMoving07.nif
AzuraLargeCrystalMoving01,0005688E,Dungeons\AzurasStar\AzuraLargeCrystalMoving01.nif
AzuraLargeCrystalMoving02,0005688F,Dungeons\AzurasStar\AzuraLargeCrystalMoving02.nif
AzuraEpicCrystal03,00056898,Dungeons\AzurasStar\AzuraEpicCrystal03.nif
AzuraEpicCrystal04,00056899,Dungeons\AzurasStar\AzuraEpicCrystal04.nif
AzuraEpicCrystal05,0005689A,Dungeons\AzurasStar\AzuraEpicCrystal05.nif
AzuraEpicCrystal06,0005689B,Dungeons\AzurasStar\AzuraEpicCrystal06.nif
AzuraEpicCrystal07,0005689C,Dungeons\AzurasStar\AzuraEpicCrystal07.nif
AzuraEpicCrystal01,0005689D,Dungeons\AzurasStar\AzuraEpicCrystal01.nif
AzuraEpicCrystal02,0005689E,Dungeons\AzurasStar\AzuraEpicCrystal02.nif
WRCastleMainBuilding01,00056ABB,Architecture\WhiteRun\WRBuildings\WRCastleMainBuilding01.nif
WRCastleEntrance01,00056ABC,Architecture\WhiteRun\WRBuildings\WRCastleEntrance01.nif
WRCastleWoodTower01,00056ABD,Architecture\WhiteRun\WRBuildings\WRCastleWoodTower01.nif
WRCastleStoneTower01,00056ABE,Architecture\WhiteRun\WRBuildings\WRCastleStoneTower01.nif
DirtCliffs03Moss,00056ACD,Landscape\DirtCliffs\DirtCliffs03Moss.nif
DirtCliffs01Moss,00056AD2,Landscape\DirtCliffs\DirtCliffs01Moss.nif
DirtCliffs02Moss,00056AD5,Landscape\DirtCliffs\DirtCliffs02Moss.nif
DirtCliffsCornerIn01Moss,00056AD7,Landscape\DirtCliffs\DirtCliffsCornerIn01Moss.nif
DirtCliffsCornerOut01Moss,00056AD8,Landscape\DirtCliffs\DirtCliffsCornerOut01Moss.nif
DirtCliffsIsland01Moss,00056AD9,Landscape\DirtCliffs\DirtCliffsIsland01Moss.nif
DirtCliffs04Moss,00056ADC,Landscape\DirtCliffs\DirtCliffs04Moss.nif
RockPileL01ReachMosssyRocks01,00056AE1,Landscape\Rocks\RockPileL01.nif
RockPileL01ReachMossyRocks01,00056AE2,Landscape\Rocks\RockPileL01.nif
RockPileM02RiverbedEdgeReach,00056AE5,Landscape\Rocks\RockPileM02.nif
RockPileL02ReachMossyRocks01,00056B07,Landscape\Rocks\RockPileL02.nif
RockPileS01ReachDirt01,00056B0F,Landscape\Rocks\RockPileS01.nif
RockPileS01ReachMoss01,00056B11,Landscape\Rocks\RockPileS01.nif
RockPileS02ReachMoss01,00056B14,Landscape\Rocks\RockPileS02.nif
WRShIntRoofStr01Chimney,00056B3B,Architecture\WhiteRun\WRInteriors\WRShackInterior\WRShIntRoofStr01Chimney.nif
RTOrphanage01,00056B97,Architecture\Riften\RTOrphanage01.nif
WRIntFloorWoodCap01,00056DE4,Architecture\WhiteRun\WRInteriors\WRIntFloorWoodCap01.nif
SMdFWalSol07,00056E99,Architecture\Solitude\Interiors\SMdFWalSol07.nif
SLgFStaSol03,00056EB9,Architecture\Solitude\Interiors\SLgFStaSol03.nif
SMdFArchCon45,00056EC1,Architecture\Solitude\Interiors\SMdFArchCon45.nif
WRIntWallSTStrDoor01,00056F7B,Architecture\WhiteRun\WRInteriors\WRIntWallSTStrDoor01.nif
WRIntRoofSTWall01,00056F97,Architecture\WhiteRun\WRInteriors\WRIntRoofSTWall01.nif
SMDEFloSol01,00057030,Architecture\Solitude\Interiors\SMDEFloSol01.nif
SMDEFloSol02,00057031,Architecture\Solitude\Interiors\SMDEFloSol02.nif
SMdETraCon02,00057032,Architecture\Solitude\Interiors\SMdETraCon02.nif
SMdEWinSol01,00057033,Architecture\Solitude\Interiors\SMdEWinSol01.nif
SMdEColCor01,00057034,Architecture\Solitude\Interiors\SMdEColCor01.nif
SMdEColEnd01,00057035,Architecture\Solitude\Interiors\SMdEColEnd01.nif
SMdEColSol01,00057036,Architecture\Solitude\Interiors\SMdEColSol01.nif
SMdETraCon01,00057037,Architecture\Solitude\Interiors\SMdETraCon01.nif
SMdEWalSol01,00057038,Architecture\Solitude\Interiors\SMdEWalSol01.nif
SMdEWinSol02,000570AF,Architecture\Solitude\Interiors\SMdEWinSol02.nif
SMdDTraCon02,000570E3,Architecture\Solitude\Interiors\SMdDTraCon02.nif
SMdDEntSol01,0005716A,Architecture\Solitude\Interiors\SMdDEntSol01.nif
SMdEtoD01,0005720F,Architecture\Solitude\Interiors\SMdEtoD01.nif
SMdEColEnd02,00057211,Architecture\Solitude\Interiors\SMdEColEnd02.nif
SMdDWinSol01,00057227,Architecture\Solitude\Interiors\SMdDWinSol01.nif
SMdEDorCon01,00057228,Architecture\Solitude\Interiors\SMdEDorCon01.nif
SLGDArchFire02,0005753E,Architecture\Solitude\Interiors\SLGDArchFire02.nif
SLGDArchFire01,00057596,Architecture\Solitude\Interiors\SLGDArchFire01.nif
SMdFArchCellOut02,00057889,Architecture\Solitude\Interiors\SMdFArchCellOut02.nif
SPatioWall01,00057A17,Architecture\Solitude\SPatioWall01.nif
SMDAFloSol01,00057A1A,Architecture\Solitude\Interiors\SMDAFloSol01.nif
SMdAStaSol01,00057A51,Architecture\Solitude\Interiors\SMdAStaSol01.nif
RockPileL01ReachGrass01,00057AE4,Landscape\Rocks\RockPileL01.nif
MountainCliffSlopeReachDirt01,00057D6E,Landscape\Mountains\MountainCliffSlope.nif
ShipTrapdoor01STATIC,00058133,Dungeons\Ship\ShipTrapdoor01.nif
DweRmSmColumnFixed01,000581B8,Dungeons\Dwemer\SmRooms\DweRmSmColumnFixed01.nif
DweRmSmCorIn01,000581B9,Dungeons\Dwemer\SmRooms\DweRmSmCorIn01.nif
DweRmSmCorInExBgL01,000581BA,Dungeons\Dwemer\SmRooms\DweRmSmCorInExBgL01.nif
DweRmSmCorInExBgR01,000581BB,Dungeons\Dwemer\SmRooms\DweRmSmCorInExBgR01.nif
DweRmSmCorOut01,000581BC,Dungeons\Dwemer\SmRooms\DweRmSmCorOut01.nif
DweRmSmMid01,000581BD,Dungeons\Dwemer\SmRooms\DweRmSmMid01.nif
DweRmSmWall01,000581BE,Dungeons\Dwemer\SmRooms\DweRmSmWall01.nif
DweRmSmWallExBg01,000581BF,Dungeons\Dwemer\SmRooms\DweRmSmWallExBg01.nif
DweRmSmCounter01,00058602,Dungeons\Dwemer\SmRooms\DweRmSmCounter01.nif
PortGateBase01,000587C4,Dungeons\Imperial\Portcullis\PortGateBase01.nif
PortGateBase02,000587C6,Dungeons\Imperial\Portcullis\PortGateBase02.nif
PortGateBase03,000587C8,Dungeons\Imperial\Portcullis\PortGateBase03.nif
PortGateBaseFort01,000587CC,Dungeons\Imperial\Portcullis\PortGateBaseFort01.nif
SolitudeRockArch02,00058813,Landscape\Unique\SolitudeRockArch02.nif
SolitudeRockArch01,00058831,Landscape\Unique\SolitudeRockArch01.nif
SolitudeRockArch03,00058832,Landscape\Unique\SolitudeRockArch03.nif
SolitudeRockArch04,00058834,Landscape\Unique\SolitudeRockArch04.nif
WHpalace1,0005896D,Architecture\Windhelm\WHpalace1.nif
WHpalace2,00058982,Architecture\Windhelm\WHpalace2.nif
WHpalace5,000589C0,Architecture\Windhelm\WHpalace5.nif
Whpalace3,00058AA3,Architecture\Windhelm\Whpalace3.nif
WHpalace4,00058AA6,Architecture\Windhelm\WHpalace4.nif
WHcenter2,00058B50,Architecture\Windhelm\WHcenter2.nif
WHcenter5,00058B7C,Architecture\Windhelm\WHcenter5.nif
WHcenter3,00058BB7,Architecture\Windhelm\WHcenter3.nif
WHcenter4,00058BCA,Architecture\Windhelm\WHcenter4.nif
WHcenter6,00058C51,Architecture\Windhelm\WHcenter6.nif
WHtempletalos,00058C73,Architecture\Windhelm\WHtempletalos.nif
WHtempletalos2,00058C74,Architecture\Windhelm\WHtempletalos2.nif
WHtempletalos4,00058C75,Architecture\Windhelm\WHtempletalos4.nif
WHtempletalos3,00058C76,Architecture\Windhelm\WHtempletalos3.nif
DweFacadeColumnXLgFree01,00058CC3,Dungeons\Dwemer\Facades\DweFacadeColumnXLgFree01.nif
AlphaTest,00058E92,AlphaTest.nif
TG08AMarkerStone,00058EDC,Clutter\Quest\TG08StandingStone.nif
DirtCliffs05Moss,00058EF5,Landscape\DirtCliffs\DirtCliffs05Moss.nif
RockPileL02RiverbedEdge,00058EFB,Landscape\Rocks\RockPileL02.nif
RockPileM02ReachMossyRocks01,00058F04,Landscape\Rocks\RockPileM02.nif
RockPileM01ReachMossyRocks01,00058F05,Landscape\Rocks\RockPileM01.nif
RockPileL04ReachMosRocks01,00058F0C,Landscape\Rocks\RockPileL04.nif
DweRubbleColumn01,00058FF9,Dungeons\Dwemer\Rubble\DweRubbleColumn01.nif
DweRubbleColumn02,00058FFA,Dungeons\Dwemer\Rubble\DweRubbleColumn02.nif
RockPileS03FieldGrass02,00059338,Landscape\Rocks\RockPileS03.nif
TundraStreamStraight01PineForest02,0005957B,Landscape\Tundra\TundraStreamStraight01.nif
SkyHavenFreePillar01,00059664,Architecture\SkyHavenTemple\Clutter\SkyHavenFreePillar01.nif
RockPileL04PineForest03,000596BF,Landscape\Rocks\RockPileL04.nif
1stPersonEbonyBow,000596E4,Weapons\Ebony\EbonyBowSkinned.nif
RockPileS04RPineForest02,000597C3,Landscape\Rocks\RockPileS04.nif
RockPileS03Dirt01,000597DE,Landscape\Rocks\RockPileS03.nif
FarmIntWallHearth01,00059B63,Architecture\Farmhouse\Interior\FarmIntWallHearth01.nif
DwePtnWall01,00059D5C,Dungeons\Dwemer\Partitions\DwePtnWall01.nif
DwePtnWall02,00059D5D,Dungeons\Dwemer\Partitions\DwePtnWall02.nif
DwePtnWallExBgFrame01,00059D5E,Dungeons\Dwemer\Partitions\DwePtnWallExBgFrame01.nif
ImpWell01,00059ED4,Dungeons\Imperial\ClutterKits\ImpWell01.nif
GenericWell01,00059ED5,Dungeons\Mines\Clutter\GenericWell01.nif
ImpFireplace01,00059ED6,Dungeons\Imperial\ClutterKits\ImpFireplace01.nif
WRCastleStoneTower01Porch,0005A08D,Architecture\WhiteRun\WRBuildings\WRCastleStoneTower01Porch.nif
NorHallBg1wayToMine01,0005A0C7,Dungeons\Nordic\BgHalls\NorHallBg1wayToMine01.nif
RockCliff02RiverBottom01,0005A0DC,Landscape\Rocks\RockCliff02.nif
NorTableLong01,0005A405,Clutter\Ruins\RuinsLongTable01.nif
StockadePike01,0005A835,Clutter\Stockade\StockadePike01.nif
FarmIntCorner01,0005AC21,Architecture\Farmhouse\Interior\FarmIntCorner01.nif
FarmIntEnd02,0005AC22,Architecture\Farmhouse\Interior\FarmIntEnd02.nif
FarmIntEnd03,0005AC23,Architecture\Farmhouse\Interior\FarmIntEnd03.nif
FarmIntWallHearth02,0005AC24,Architecture\Farmhouse\Interior\FarmIntWallHearth02.nif
SFarmhouseMill,0005AC35,Furniture\SFarmhouseMill.nif
FarmInt2Doorway03,0005ACF1,Architecture\Farmhouse\Interior\FarmInt2Doorway03.nif
FarmInt2Doorway04,0005ACF2,Architecture\Farmhouse\Interior\FarmInt2Doorway04.nif
FarmInt2End01,0005ACF3,Architecture\Farmhouse\Interior\FarmInt2End01.nif
FarmInt2End02,0005ACF4,Architecture\Farmhouse\Interior\FarmInt2End02.nif
FarmInt2Wall01,0005ACF5,Architecture\Farmhouse\Interior\FarmInt2Wall01.nif
ImpExtFloorChunk02,0005AD3F,Dungeons\Imperial\Exterior\ImpExtFloorChunk02.nif
ImpExtFloorChunk01,0005AD40,Dungeons\Imperial\Exterior\ImpExtFloorChunk01.nif
MineScaffoldFreeRopeEnd02,0005AD41,Dungeons\Mines\Scaffolding\MineScaffoldFreeRopeEnd02.nif
MineScaffoldFreeRope01,0005AD42,Dungeons\Mines\Scaffolding\MineScaffoldFreeRope01.nif
MineScaffoldFreeRope02,0005AD43,Dungeons\Mines\Scaffolding\MineScaffoldFreeRope02.nif
MineScaffoldFreeRope04,0005AD44,Dungeons\Mines\Scaffolding\MineScaffoldFreeRope04.nif
MineScaffoldFreeRope03,0005AD45,Dungeons\Mines\Scaffolding\MineScaffoldFreeRope03.nif
MineScaffoldFreeRope05,0005AD46,Dungeons\Mines\Scaffolding\MineScaffoldFreeRope05.nif
MineScaffoldFreeRope06,0005AD47,Dungeons\Mines\Scaffolding\MineScaffoldFreeRope06.nif
MineScaffoldFreeRopeEnd01,0005AD48,Dungeons\Mines\Scaffolding\MineScaffoldFreeRopeEnd01.nif
ImpStableEnd02,0005AD49,Dungeons\Imperial\StableKit\ImpStableEnd02.nif
ImpStableRoofPiece01,0005AD4A,Dungeons\Imperial\StableKit\ImpStableRoofPiece01.nif
ImpStableSingle01,0005AD4B,Dungeons\Imperial\StableKit\ImpStableSingle01.nif
ImpStableDouble01,0005AD4C,Dungeons\Imperial\StableKit\ImpStableDouble01.nif
ImpStableDoubleEnd01,0005AD4D,Dungeons\Imperial\StableKit\ImpStableDoubleEnd01.nif
ImpStableDoubleEnd02,0005AD4E,Dungeons\Imperial\StableKit\ImpStableDoubleEnd02.nif
ImpStableEnd01,0005AD4F,Dungeons\Imperial\StableKit\ImpStableEnd01.nif
StockadeScaffoldBase0Sided02,0005AD59,Clutter\Stockade\StockadeScaffoldBase0Sided02.nif
HangingAnimalsRing02,0005AD5A,Clutter\DeadAnimals\HangingAnimalsRing02.nif
CandleHornChandelier02,0005AD5B,Clutter\Candles\CandleHornChandelier02.nif
DweWallSconce02,0005ADDD,Dungeons\Dwemer\DweWallSconce02.nif
DweWallSconceCover01,0005ADE3,Dungeons\Dwemer\DweWallSconceCover01.nif
DweFloorLantern,0005ADEA,Dungeons\Dwemer\DweGroundLantern01.nif
DweWallSconceSmall01,0005ADFD,Dungeons\Dwemer\DweWallSconce03.nif
DweWallSconceSmall02,0005AE7C,Dungeons\Dwemer\DweWallSconce03Open.nif
StatueTalosBase,0005AF27,Clutter\Statues\StatueTalosBase.nif
FarmInt2Hearth02,0005AFF2,Architecture\Farmhouse\Interior\FarmInt2Hearth02.nif
DwePlatBgCorDblEnd01,0005B092,Dungeons\Dwemer\Platforms\DwePlatBgCorDblEnd01.nif
DwePlatBgCorIn01,0005B093,Dungeons\Dwemer\Platforms\DwePlatBgCorIn01.nif
DwePlatBgCorOut01,0005B094,Dungeons\Dwemer\Platforms\DwePlatBgCorOut01.nif
DwePlatBgMid01,0005B095,Dungeons\Dwemer\Platforms\DwePlatBgMid01.nif
DwePlatBgMid02,0005B096,Dungeons\Dwemer\Platforms\DwePlatBgMid02.nif
DwePlatBgStairCapL01,0005B097,Dungeons\Dwemer\Platforms\DwePlatBgStairCapL01.nif
DwePlatBgStairCapR01,0005B098,Dungeons\Dwemer\Platforms\DwePlatBgStairCapR01.nif
DwePlatBgStairMid01,0005B099,Dungeons\Dwemer\Platforms\DwePlatBgStairMid01.nif
DwePlatBgStairMid02,0005B09A,Dungeons\Dwemer\Platforms\DwePlatBgStairMid02.nif
DwePlatBgStairSingle01,0005B09B,Dungeons\Dwemer\Platforms\DwePlatBgStairSingle01.nif
DwePlatBgWall01,0005B09C,Dungeons\Dwemer\Platforms\DwePlatBgWall01.nif
DwePlatBgWall02,0005B09D,Dungeons\Dwemer\Platforms\DwePlatBgWall02.nif
HayBale01,0005B198,Clutter\Hay\HayBale01.nif
CivilWarRubble03,0005B1CB,Clutter\CivilWar\CivilWarRubble03.nif
CivilWarRubble04,0005B1D9,Clutter\CivilWar\CivilWarRubble04.nif
CivilWarRubble05,0005B1DE,Clutter\CivilWar\CivilWarRubble05.nif
CivilWarRubble01,0005B1DF,Clutter\CivilWar\CivilWarRubble01.nif
CivilWarRubble02,0005B1E9,Clutter\CivilWar\CivilWarRubble02.nif
WRMarketStand01,0005B2A7,Architecture\WhiteRun\WRBuildings\WRMarketStand01.nif
WRMarketDisplayShelf01,0005B2AB,Architecture\WhiteRun\WRClutter\WRMarketDisplayShelf01.nif
WRMarketDisplayShelf02,0005B2B2,Architecture\WhiteRun\WRClutter\WRMarketDisplayShelf02.nif
WRMarketStand02,0005B2E2,Architecture\WhiteRun\WRBuildings\WRMarketStand02.nif
WRMarketDisplayShelf03,0005B2E6,Architecture\WhiteRun\WRClutter\WRMarketDisplayShelf03.nif
SMdAArchCon01,0005B380,Architecture\Solitude\Interiors\SMdAArchCon01.nif
SMdAWallSol01,0005B381,Architecture\Solitude\Interiors\SMdAWallSol01.nif
SMdAWinSol01,0005B382,Architecture\Solitude\Interiors\SMdAWinSol01.nif
SMdAtoMdB,0005B384,Architecture\Solitude\Interiors\SMdAtoMdB.nif
SMdBCorCon02,0005B385,Architecture\Solitude\Interiors\SMdBCorCon02.nif
SMdCCorCon01,0005B386,Architecture\Solitude\Interiors\SMdCCorCon01.nif
SMdCTraCon01,0005B388,Architecture\Solitude\Interiors\SMdCTraCon01.nif
SMdCWalSol01,0005B389,Architecture\Solitude\Interiors\SMdCWalSol01.nif
SMdCWinSol01,0005B38A,Architecture\Solitude\Interiors\SMdCWinSol01.nif
SMdBCorCon01,0005B38B,Architecture\Solitude\Interiors\SMdBCorCon01.nif
SMdCWalSol02,0005B38D,Architecture\Solitude\Interiors\SMdCWalSol02.nif
SMdBColCon01,0005B38E,Architecture\Solitude\Interiors\SMdBColCon01.nif
SMdBColCor01,0005B38F,Architecture\Solitude\Interiors\SMdBColCor01.nif
SMdBEntSol01,0005B391,Architecture\Solitude\Interiors\SMdBEntSol01.nif
SMdBTraCon01,0005B392,Architecture\Solitude\Interiors\SMdBTraCon01.nif
SMdBWalSol01,0005B393,Architecture\Solitude\Interiors\SMdBWalSol01.nif
SMdBWalSol02,0005B394,Architecture\Solitude\Interiors\SMdBWalSol02.nif
SMdBWinSol01,0005B395,Architecture\Solitude\Interiors\SMdBWinSol01.nif
SMdBColSol01,0005B396,Architecture\Solitude\Interiors\SMdBColSol01.nif
SMDAFloSol02,0005B3C7,Architecture\Solitude\Interiors\SMDAFloSol02.nif
SMDAFloCon01,0005B3C8,Architecture\Solitude\Interiors\SMDAFloCon01.nif
RockPileL04RiverbedEdge,0005B4F7,Landscape\Rocks\RockPileL04.nif
RockPileL03RiverbedEdge,0005B4FD,Landscape\Rocks\RockPileL03.nif
RockPileL03Snow_HeavySN,0005B506,Landscape\Rocks\RockPileL03.nif
RockPileL01SnowSnow,0005B508,Landscape\Rocks\RockPileL01.nif
RockCliff07SnowSnow,0005B541,Landscape\Rocks\RockCliff07.nif
RockCliff03SnowLight,0005B56A,Landscape\Rocks\RockCliff03.nif
WRTempleTree02RootAnim01,0005B60F,Landscape\Trees\WRTempleTree02RootAnim01.nif
DirtCliffsCornerOut01PineForest02,0005B7DE,Landscape\DirtCliffs\DirtCliffsCornerOut01.nif
RockCliff07PineForest02,0005B7DF,Landscape\Rocks\RockCliff07.nif
DirtCliffs02PineForest02,0005B7E1,Landscape\DirtCliffs\DirtCliffs02.nif
DirtCliffs03PineForest02,0005B7E2,Landscape\DirtCliffs\DirtCliffs03.nif
DirtCliffsIsland01PineForest02,0005B7E3,Landscape\DirtCliffs\DirtCliffsIsland01.nif
RockPileL03PineForest02,0005B80D,Landscape\Rocks\RockPileL03.nif
RockPileL02PineForest02,0005B810,Landscape\Rocks\RockPileL02.nif
DirtCliffs01PineForest02,0005B82C,Landscape\DirtCliffs\DirtCliffs01.nif
RockPileM01PineForest02,0005B884,Landscape\Rocks\RockPileM01.nif
DirtCliffsCornerIn01PineForest01,0005B887,Landscape\DirtCliffs\DirtCliffsCornerIn01.nif
CauldronEmpty,0005B8EF,Clutter\Common\CauldronEmpty.nif
CauldronEmpty02,0005B8F1,Clutter\Common\CauldronEmpty02.nif
CauldronStand,0005B8F3,Clutter\Common\CauldronStand.nif
WRMarketStand03,0005BEE5,Architecture\WhiteRun\WRBuildings\WRMarketStand03.nif
PeltFloor01,0005C015,Clutter\Pelts\PeltFloor01.nif
PeltFloor02,0005C016,Clutter\Pelts\PeltFloor02.nif
PeltFloor03,0005C017,Clutter\Pelts\PeltFloor03.nif
PeltFarmWall01,0005C01C,Clutter\Pelts\PeltFarmWall01.nif
PeltFarmWall02,0005C01F,Clutter\Pelts\PeltFarmWall02.nif
PeltFarmWall03,0005C020,Clutter\Pelts\PeltFarmWall03.nif
PeltHanging01,0005C035,Clutter\Pelts\PeltHanging01.nif
PeltHanging02,0005C036,Clutter\Pelts\PeltHanging02.nif
PeltHanging03,0005C037,Clutter\Pelts\PeltHanging03.nif
RockCliff07GrassSnow,0005C097,Landscape\Rocks\RockCliff07.nif
MountainTrim01PineForest01,0005C09F,Landscape\Mountains\MountainTrim01.nif
DirtCliffs03Snow01Snow,0005C107,Landscape\DirtCliffs\DirtCliffs03.nif
RockPileM02PineForest01,0005C10B,Landscape\Rocks\RockPileM02.nif
MountainTrim02Rocks01_LightSN,0005C10C,Landscape\Mountains\MountainTrim02.nif
RockPileL04GrassSnow01,0005C116,Landscape\Rocks\RockPileL04.nif
DirtCliffs01Snow01Snow,0005C164,Landscape\DirtCliffs\DirtCliffs01.nif
DirtCliffsCornerIn01Snow01Snow,0005C16E,Landscape\DirtCliffs\DirtCliffsCornerIn01.nif
RockM04Snow,0005C19B,Landscape\Rocks\RockM04.nif
RockPileM02Snow,0005C19C,Landscape\Rocks\RockPileM02.nif
RiftenRWRoomCore02Sky,0005C754,Dungeons\Riften\RatwayRoom\RiftenRWRoomCore02.nif
DBStainglassFrame02,0005C7FD,Clutter\DBhood\DBStainglassFrame02.nif
RTWallShelf01,0005C8D0,Architecture\Riften\Clutter\RTWallShelf01.nif
WRDunIntStr01Grate,0005CBAB,Architecture\WhiteRun\WRInteriors\WRDungeon\WRDunIntStr01Grate.nif
ShackFrameMEnd01,0005CCBE,Architecture\ShackKit\ShackFrameMEnd01.nif
ShackFrameMEnd02,0005CCBF,Architecture\ShackKit\ShackFrameMEnd02.nif
ShackFrameMMid01,0005CCC0,Architecture\ShackKit\ShackFrameMMid01.nif
ShackFrameREnd01,0005CCC1,Architecture\ShackKit\ShackFrameREnd01.nif
ShackFrameREnd02,0005CCC2,Architecture\ShackKit\ShackFrameREnd02.nif
ShackFrameRMid01,0005CCC3,Architecture\ShackKit\ShackFrameRMid01.nif
ShackFrameTurnCorner01,0005CCC4,Architecture\ShackKit\ShackFrameTurnCorner01.nif
ShackFrameTurnCorner02,0005CCC5,Architecture\ShackKit\ShackFrameTurnCorner02.nif
ShackFrameTurnMid01,0005CCC6,Architecture\ShackKit\ShackFrameTurnMid01.nif
ShackFrameLEnd01,0005CCC7,Architecture\ShackKit\ShackFrameLEnd01.nif
ShackFrameLEnd02,0005CCC8,Architecture\ShackKit\ShackFrameLEnd02.nif
ShackFrameLMid01,0005CCC9,Architecture\ShackKit\ShackFrameLMid01.nif
ShackRoofCorner01,0005CCD9,Architecture\ShackKit\ShackRoofCorner01.nif
ShackRoofCorner02,0005CCDA,Architecture\ShackKit\ShackRoofCorner02.nif
ShackRoofMid01,0005CCDB,Architecture\ShackKit\ShackRoofMid01.nif
ShackRoofMid02,0005CCDC,Architecture\ShackKit\ShackRoofMid02.nif
ShackRoofSide01,0005CCDD,Architecture\ShackKit\ShackRoofSide01.nif
ShackWall01,0005CCDE,Architecture\ShackKit\ShackWall01.nif
ShackWall02,0005CCDF,Architecture\ShackKit\ShackWall02.nif
ShackWall03,0005CCE0,Architecture\ShackKit\ShackWall03.nif
ShackWallDoor01,0005CCE1,Architecture\ShackKit\ShackWallDoor01.nif
ShackWallL01,0005CCE2,Architecture\ShackKit\ShackWallL01.nif
ShackWallR01,0005CCE3,Architecture\ShackKit\ShackWallR01.nif
ShackWallTop01,0005CCE4,Architecture\ShackKit\ShackWallTop01.nif
ShackWallTopWindow01,0005CCE5,Architecture\ShackKit\ShackWallTopWindow01.nif
ShackWallWindow01,0005CCE6,Architecture\ShackKit\ShackWallWindow01.nif
ShackWallWindow02,0005CCE7,Architecture\ShackKit\ShackWallWindow02.nif
ShackRoofMid04,0005CD72,Architecture\ShackKit\ShackRoofMid04.nif
ShackRoofMid05,0005CD73,Architecture\ShackKit\ShackRoofMid05.nif
ShackRoofMid03,0005CD74,Architecture\ShackKit\ShackRoofMid03.nif
ShackRoofSide03,0005CD75,Architecture\ShackKit\ShackRoofSide03.nif
ShackRoofSide04,0005CD76,Architecture\ShackKit\ShackRoofSide04.nif
ShackRoofSide02,0005CD77,Architecture\ShackKit\ShackRoofSide02.nif
ShackWall04,0005CD78,Architecture\ShackKit\ShackWall04.nif
ShackWall05,0005CD79,Architecture\ShackKit\ShackWall05.nif
DweWall01,0005CDEF,Dungeons\Dwemer\Walls\DweWall01.nif
DweWall02,0005CDF0,Dungeons\Dwemer\Walls\DweWall02.nif
DweWallArch01,0005CDF1,Dungeons\Dwemer\Walls\DweWallArch01.nif
DweWallCap01,0005CDF2,Dungeons\Dwemer\Walls\DweWallCap01.nif
DweWallCap02,0005CDF3,Dungeons\Dwemer\Walls\DweWallCap02.nif
DweWallExBg01,0005CDF4,Dungeons\Dwemer\Walls\DweWallExBg01.nif
DweWallHalf01,0005CDF5,Dungeons\Dwemer\Walls\DweWallHalf01.nif
TreePineForestStump01Snow,0005D041,Landscape\Trees\TreePineForestStump01Snow.nif
MountainTrim02RiverbedEdge01,0005D095,Landscape\Mountains\MountainTrim02.nif
RockPileL04FieldGrass02,0005D09B,Landscape\Rocks\RockPileL04.nif
MountainTrim01RiverbedEdge01,0005D0DF,Landscape\Mountains\MountainTrim01.nif
RockPileL02FieldGrass02,0005D0E5,Landscape\Rocks\RockPileL02.nif
WRIntWallStr01,0005D17A,Architecture\WhiteRun\WRInteriors\WRIntWallStr01.nif
WRIntRoofStr01,0005D17B,Architecture\WhiteRun\WRInteriors\WRIntRoofStr01.nif
WRIntFloorMid01,0005D17C,Architecture\WhiteRun\WRInteriors\WRIntFloorMid01.nif
WRIntFloorMid02,0005D17D,Architecture\WhiteRun\WRInteriors\WRIntFloorMid02.nif
WRIntFloorDirtMid01,0005D18E,Architecture\WhiteRun\WRInteriors\WRIntFloorDirtMid01.nif
WRIntFloorDirtStr01,0005D18F,Architecture\WhiteRun\WRInteriors\WRIntFloorDirtStr01.nif
WRIntWallStrDoor01,0005D1A2,Architecture\WhiteRun\WRInteriors\WRIntWallStrDoor01.nif
WRIntWallCor01,0005D1A6,Architecture\WhiteRun\WRInteriors\WRIntWallCor01.nif
WRIntCeilMid01,0005D1AA,Architecture\WhiteRun\WRInteriors\WRIntCeilMid01.nif
WRIntLoftMid01,0005D1B1,Architecture\WhiteRun\WRInteriors\WRIntLoftMid01.nif
WRIntWallCorIn01,0005D1B7,Architecture\WhiteRun\WRInteriors\WRIntWallCorIn01.nif
WRIntRoofCorIn01,0005D1B8,Architecture\WhiteRun\WRInteriors\WRIntRoofCorIn01.nif
WRIntRoofOpen01,0005D1C0,Architecture\WhiteRun\WRInteriors\WRIntRoofOpen01.nif
WRIntWallOpen01,0005D1C1,Architecture\WhiteRun\WRInteriors\WRIntWallOpen01.nif
WRIntWallAlcove01,0005D1C2,Architecture\WhiteRun\WRInteriors\WRIntWallAlcove01.nif
WRIntRoofWall01,0005D1C4,Architecture\WhiteRun\WRInteriors\WRIntRoofWall01.nif
WRIntRoofCorL01,0005D1C5,Architecture\WhiteRun\WRInteriors\WRIntRoofCorL01.nif
WRIntRoofCorR01,0005D1C8,Architecture\WhiteRun\WRInteriors\WRIntRoofCorR01.nif
WRIntFloorDirtCorB,0005D1C9,Architecture\WhiteRun\WRInteriors\WRIntFloorDirtCorB.nif
WRIntFloorDirtCorA,0005D1CA,Architecture\WhiteRun\WRInteriors\WRIntFloorDirtCorA.nif
WRIntFloorDirtCorATran01,0005D1CC,Architecture\WhiteRun\WRInteriors\WRIntFloorDirtCorATran01.nif
WRIntRoofAlcove01,0005D1CD,Architecture\WhiteRun\WRInteriors\WRIntRoofAlcove01.nif
WRIntWallAlcove02,0005D1D0,Architecture\WhiteRun\WRInteriors\WRIntWallAlcove02.nif
WRIntRoofWall02,0005D1D1,Architecture\WhiteRun\WRInteriors\WRIntRoofWall02.nif
WRIntFloorMidHalf01,0005D1D2,Architecture\WhiteRun\WRInteriors\WRIntFloorMidHalf01.nif
WRIntFloorDirtStrTrans01,0005D1D3,Architecture\WhiteRun\WRInteriors\WRIntFloorDirtStrTrans01.nif
WRIntCeilChimney01,0005D1D8,Architecture\WhiteRun\WRInteriors\WRIntCeilChimney01.nif
WRIntFloorDirtFireAlcove01,0005D1DA,Architecture\WhiteRun\WRInteriors\WRIntFloorDirtFireAlcove01.nif
WRIntFloorDirtStairCustom01,0005D1F4,Architecture\WhiteRun\WRInteriors\WRIntFloorDirtStairCustom01.nif
WRIntFloorDirtCorATran02,0005D1F6,Architecture\WhiteRun\WRInteriors\WRIntFloorDirtCorATran02.nif
WRDunIntCorDoubleHighL,0005D2F3,Architecture\WhiteRun\WRInteriors\WRDungeon\WRDunIntCorDoubleHighL.nif
WRDunIntCorDoubleHighR,0005D2F4,Architecture\WhiteRun\WRInteriors\WRDungeon\WRDunIntCorDoubleHighR.nif
WRDunIntStr01DoubleHigh,0005D304,Architecture\WhiteRun\WRInteriors\WRDungeon\WRDunIntStr01DoubleHigh.nif
SkyHavenTempleTemp01,0005D47D,Architecture\SkyHavenTemple\SkyHavenTempleTemp01.nif
WRDunIntCorInDoubleHigh01,0005D47E,Architecture\WhiteRun\WRInteriors\WRDungeon\WRDunIntCorInDoubleHigh01.nif
WRDunIntStrDoubleHighTrans01,0005D48C,Architecture\WhiteRun\WRInteriors\WRDungeon\WRDunIntStrDoubleHighTrans01.nif
RockCliff07PineForest01SnowLight,0005D513,Landscape\Rocks\RockCliff07.nif
FarmBColumn02,0005D520,Architecture\Farmhouse\Interior\Basement\FarmBColumn02.nif
WRDunIntStr01DoubleHighAlcove,0005D577,Architecture\WhiteRun\WRInteriors\WRDungeon\WRDunIntStr01DoubleHighAlcove.nif
FarmBDivider01,0005D5DE,Architecture\Farmhouse\Interior\Basement\FarmBDivider01.nif
FarmBDivider02,0005D5DF,Architecture\Farmhouse\Interior\Basement\FarmBDivider02.nif
FarmBDivider03,0005D5E0,Architecture\Farmhouse\Interior\Basement\FarmBDivider03.nif
FarmBDivider04,0005D5E1,Architecture\Farmhouse\Interior\Basement\FarmBDivider04.nif
WRIntRoofCorR01Open,0005D609,Architecture\WhiteRun\WRInteriors\WRIntRoofCorR01Open.nif
WRIntRoofAlcoveCap01,0005D60A,Architecture\WhiteRun\WRInteriors\WRIntRoofAlcoveCap01.nif
WRIntRoofAlcoveCapWin01,0005D610,Architecture\WhiteRun\WRInteriors\WRIntRoofAlcoveCapWin01.nif
WRIntRoofCorL01Open,0005D611,Architecture\WhiteRun\WRInteriors\WRIntRoofCorL01Open.nif
WRIntWallStr01WinA,0005D613,Architecture\WhiteRun\WRInteriors\WRIntWallStr01WinA.nif
WRIntWallCorWinL,0005D614,Architecture\WhiteRun\WRInteriors\WRIntWallCorWinL.nif
WRIntWallCorWinR,0005D616,Architecture\WhiteRun\WRInteriors\WRIntWallCorWinR.nif
WRIntWoodBeam256,0005D617,Architecture\WhiteRun\WRInteriors\WRIntWoodBeam256.nif
WRIntFreeWallStr01,0005D618,Architecture\WhiteRun\WRInteriors\WRIntFreeWallStr01.nif
WRIntFreeWallColum01,0005D61D,Architecture\WhiteRun\WRInteriors\WRIntFreeWallColum01.nif
WRIntFreeWallStrDoor01,0005D627,Architecture\WhiteRun\WRInteriors\WRIntFreeWallStrDoor01.nif
FarmIntInnWall01,0005D6A6,Architecture\Farmhouse\Interior\FarmIntInnWall01.nif
ImpWallSconce02NoCandle01,0005D6E3,Clutter\Imperial\ImpWallSconce02NoCandle01.nif
ImpWallSconceCandle01,0005D6E4,Clutter\Imperial\ImpWallSconceCandle01.nif
ImpWallSconceCandle02,0005D6E5,Clutter\Imperial\ImpWallSconceCandle02.nif
ImpWallSconceCandleOff01,0005D6E6,Clutter\Imperial\ImpWallSconceCandleOff01.nif
ImpWallSconceNoCandle01,0005D6E7,Clutter\Imperial\ImpWallSconceNoCandle01.nif
ImpChandellierNoCandle01,0005D6E8,Clutter\Imperial\ImpChandellierNoCandle01.nif
ImpWallSconce02CandleOff01,0005D6E9,Clutter\Imperial\ImpWallSconce02CandleOff01.nif
ImpWallSconce02CandleOn01,0005D6EA,Clutter\Imperial\ImpWallSconce02CandleOn01.nif
SMdBColCor03,0005D721,Architecture\Solitude\Interiors\SMdBColCor03.nif
SMdBWallInt01,0005D727,Architecture\Solitude\Interiors\SMdBWallInt01.nif
SMdBWinSol02,0005D749,Architecture\Solitude\Interiors\SMdBWinSol02.nif
SMdBDorInt01,0005D753,Architecture\Solitude\Interiors\SMdBDorInt01.nif
SMdBTraCon02,0005D755,Architecture\Solitude\Interiors\SMdBTraCon02.nif
SMdCWinSol02,0005D757,Architecture\Solitude\Interiors\SMdCWinSol02.nif
SSmAWinCor01,0005D758,Architecture\Solitude\Interiors\SSmAWinCor01.nif
SSmABalSol01,0005D759,Architecture\Solitude\Interiors\SSmABalSol01.nif
SSmACorSol01,0005D75A,Architecture\Solitude\Interiors\SSmACorSol01.nif
SSmACorSol02,0005D75B,Architecture\Solitude\Interiors\SSmACorSol02.nif
SSmAWalSol01,0005D75C,Architecture\Solitude\Interiors\SSmAWalSol01.nif
SSmAWinSol01,0005D75D,Architecture\Solitude\Interiors\SSmAWinSol01.nif
SSmAWinSol02,0005D75E,Architecture\Solitude\Interiors\SSmAWinSol02.nif
SSmAWalSol02,0005D766,Architecture\Solitude\Interiors\SSmAWalSol02.nif
SMDACeiSol02,0005D793,Architecture\Solitude\Interiors\SMDACeiSol02.nif
SMDAFloSol03,0005D794,Architecture\Solitude\Interiors\SMDAFloSol03.nif
SMdAStaSol02,0005D797,Architecture\Solitude\Interiors\SMdAStaSol02.nif
SMdATraCon01,0005D7B4,Architecture\Solitude\Interiors\SMdATraCon01.nif
SMdAEntSol01,0005D7E6,Architecture\Solitude\Interiors\SMdAEntSol01.nif
SMdAEntSol02,0005D7E9,Architecture\Solitude\Interiors\SMdAEntSol02.nif
SMdAWallSol02,0005D92F,Architecture\Solitude\Interiors\SMdAWallSol02.nif
WRHalloftheDeadShadowBox01,0005D9AB,Architecture\WhiteRun\WRInteriors\WRDungeon\WRHalloftheDeadShadowBox01.nif
SMdCDorCon01,0005DA19,Architecture\Solitude\Interiors\SMdCDorCon01.nif
SMdAWallSol03,0005DA23,Architecture\Solitude\Interiors\SMdAWallSol03.nif
SMdCWallInt01,0005DA24,Architecture\Solitude\Interiors\SMdCWallInt01.nif
SMDAFloCon02,0005DA25,Architecture\Solitude\Interiors\SMDAFloCon02.nif
RockPileL01Dirt02,0005DA4D,Landscape\Rocks\RockPileL01.nif
MountainTrim02FieldGrass02,0005DA73,Landscape\Mountains\MountainTrim02.nif
MountainTrim01FieldGrass02,0005DAE1,Landscape\Mountains\MountainTrim01.nif
RockPileL01PineForest02,0005DB00,Landscape\Rocks\RockPileL01.nif
RTCanalsL01,0005DB61,Architecture\Riften\RTCanalsL01.nif
RTCanalsL02,0005DB65,Architecture\Riften\RTCanalsL02.nif
RTCanalsPlazaL01,0005DB68,Architecture\Riften\RTCanalsPlazaL01.nif
RTCanalsPlazaC01,0005DB6A,Architecture\Riften\RTCanalsPlazaC01.nif
RTCanalsR01,0005DB6C,Architecture\Riften\RTCanalsR01.nif
RTCanalsPlazaR01,0005DB6D,Architecture\Riften\RTCanalsPlazaR01.nif
WRDunIntHallofDeadCol01,0005DBF5,Architecture\WhiteRun\WRInteriors\WRDungeon\WRDunIntHallofDeadCol01.nif
WRDunIntCorDoubleHigh01,0005DBF8,Architecture\WhiteRun\WRInteriors\WRDungeon\WRDunIntCorDoubleHigh01.nif
WRDunIntWallfreeArch01,0005DCA3,Architecture\WhiteRun\WRInteriors\WRDungeon\WRDunIntWallfreeArch01.nif
RockPileS03PineForest02,0005DCE2,Landscape\Rocks\RockPileS03.nif
WRDunIntDoorCustomDoubleHigh01,0005DCF3,Architecture\WhiteRun\WRInteriors\WRDungeon\WRDunIntDoorCustomDoubleHigh01.nif
WRIntWallHallofDeadTower01,0005DCF9,Architecture\WhiteRun\WRInteriors\WRDungeon\WRIntWallHallofDeadTower01.nif
WRIntWallHallofDeadRoof01,0005DCFB,Architecture\WhiteRun\WRInteriors\WRDungeon\WRIntWallHallofDeadRoof01.nif
WRRugHallofDead01Mid,0005DD13,Architecture\WhiteRun\WRClutter\WRRugHallofDead01Mid.nif
WRRugHallofDead01End,0005DD22,Architecture\WhiteRun\WRClutter\WRRugHallofDead01End.nif
NorExtWallBg3Way01Snow,0005DF64,Dungeons\Nordic\Exterior\Walls\NorExtWallBg3Way01.nif
NorDragonStatueMetal02Snow,0005DFE4,Dungeons\Nordic\RuinsDragonStatueMetal02.nif
NorDragonStatueMetal01Snow,0005DFE5,Dungeons\Nordic\RuinsDragonStatueMetal01.nif
NorDragonStatueMetal03Snow,0005DFE6,Dungeons\Nordic\RuinsDragonStatueMetal03.nif
NorRmShaftMidCapBot01Snow,0005DFE7,Dungeons\Nordic\Shafts\NorRmShaftMidCapBot01.nif
SCastleWall05,0005E0C3,Architecture\Solitude\SCastleWall05.nif
IcebergLedge01_HeavySN,0005E3F1,Landscape\Ice\IcebergLedge01.nif
GlacierTrim01_LightSN,0005E3F2,Landscape\Ice\GlacierTrim01.nif
GlacierTrim02_LightSN,0005E3F3,Landscape\Ice\GlacierTrim02.nif
MarkarthDwarfTower01City,0005E467,Architecture\Markarth\MarkarthDwarfTower01City.nif
MrkTempleRoof01,0005E468,Architecture\Markarth\MrkTempleRoof01.nif
SOVtable01,0005E48B,Architecture\Sovengarde\SovngardeInterior\SOVtable01.nif
SOVBenchStatic01,0005E496,Architecture\Sovengarde\SovngardeInterior\SOVBenchStatic01.nif
SOVtableEndL,0005E4A2,Architecture\Sovengarde\SovngardeInterior\SOVtableEndL.nif
SOVtableEndR,0005E4A6,Architecture\Sovengarde\SovngardeInterior\SOVtableEndR.nif
SOVtableMid01,0005E4A9,Architecture\Sovengarde\SovngardeInterior\SOVtableMid01.nif
SOVtableBase01,0005E4D2,Architecture\Sovengarde\SovngardeInterior\SOVtableBase01.nif
SOVintPlatformStrCustom01,0005E4ED,Architecture\Sovengarde\SovngardeInterior\SOVintPlatformStrCustom01.nif
SOVtableSquare01,0005E508,Architecture\Sovengarde\SovngardeInterior\SOVtableSquare01.nif
SOVSpit01,0005E513,Architecture\Sovengarde\SovngardeInterior\SOVSpit01.nif
NorTmpExtPlatCorOut01_LightSN,0005E833,Dungeons\Nordic\Exterior\NorTmpExtPlatCorOut01.nif
NorTmpExtPlatExSmFree01_LightSN,0005E83E,Dungeons\Nordic\Exterior\NorTmpExtPlatExSmFree01.nif
NorTmpExtPlatWall02_LightSN,0005E83F,Dungeons\Nordic\Exterior\NorTmpExtPlatWall02.nif
SLgFWalInt01,0005E90D,Architecture\Solitude\Interiors\SLgFWalInt01.nif
SMdFTraCell03,0005E91C,Architecture\Solitude\Interiors\SMdFTraCell03.nif
MountainTrim01FallForestGrass01,0005E928,Landscape\Mountains\MountainTrim01.nif
RuinsAltarSnow,0005EA3C,Clutter\Ruins\Ruins_Altar01.nif
RockPileL03FallForestLeaves01,0005EA54,Landscape\Rocks\RockPileL03.nif
RockPileL04FallForestDirt01,0005EA5A,Landscape\Rocks\RockPileL04.nif
RockCliff02FallForestDirt01,0005EA7E,Landscape\Rocks\RockCliff02.nif
ShackFrameBEnd01,0005EAC6,Architecture\ShackKit\ShackFrameBEnd01.nif
RockCliff05SnowLight,0005EB20,Landscape\Rocks\RockCliff05.nif
RockCliff06SnowLight,0005EB21,Landscape\Rocks\RockCliff06.nif
FarmIntInnEnd01,0005ED80,Architecture\Farmhouse\Interior\FarmIntInnEnd01.nif
FarmIntInnEnd02,0005ED82,Architecture\Farmhouse\Interior\FarmIntInnEnd02.nif
FarmIntInnEnd03,0005ED83,Architecture\Farmhouse\Interior\FarmIntInnEnd03.nif
SWellCastle01,0005EDA3,Architecture\Solitude\SWellCastle01.nif
SCastleEmperorEntrance,0005EE8F,Architecture\Solitude\SCastleEmperorEntrance.nif
SBardsCollegeTeather,0005EF15,Architecture\Solitude\SBardsCollegeTeather.nif
SSmATraCon01,0005EF8A,Architecture\Solitude\Interiors\SSmATraCon01.nif
SSmABalSol02,0005EF8B,Architecture\Solitude\Interiors\SSmABalSol02.nif
SMDAFloCon03,0005EF8F,Architecture\Solitude\Interiors\SMDAFloCon03.nif
SMdBColEnd01,0005EFA2,Architecture\Solitude\Interiors\SMdBColEnd01.nif
SMdBColCor02,0005F063,Architecture\Solitude\Interiors\SMdBColCor02.nif
SMdAArchColBase01,0005F1D3,Architecture\Solitude\Interiors\SMdAArchColBase01.nif
ImpChandellierCandle01,0005F21D,Clutter\Imperial\ImpChandellierCandle01.nif
ImpChandellierCandleOff,0005F21E,Clutter\Imperial\ImpChandellierCandleOff.nif
ImpCandelabraNoCandle,0005F221,Clutter\Imperial\ImpCandelabraNoCandle.nif
ImpCandelabraCandle01,0005F222,Clutter\Imperial\ImpCandelabraCandle01.nif
ImpCandelabraCandleOff01,0005F223,Clutter\Imperial\ImpCandelabraCandleOff01.nif
ImpBrazier01,0005F227,Clutter\Imperial\ImpBrazier01.nif
ImpChandellierExtension,0005F229,Clutter\Imperial\ImpChandellierExtension.nif
TundraPond01PineForest02,0005F2B2,Landscape\Tundra\TundraPond01.nif
TundraStreamEnd01PineForest02,0005F2B4,Landscape\Tundra\TundraStreamEnd01.nif
MarkarthCliff01,0005F59A,Landscape\Unique\MarkarthCliff01.nif
SMdASteps,0005F5B9,Architecture\Solitude\Interiors\SMdASteps.nif
DweRmSmWall02,0005F6E8,Dungeons\Dwemer\SmRooms\DweRmSmWall02.nif
DweRmSmWallHalf02,0005F6E9,Dungeons\Dwemer\SmRooms\DweRmSmWallHalf02.nif
NorWordWall01_HeavySN,0005F985,Dungeons\Nordic\Chambers\NorRunicAmphitheatre01.nif
NorWordWall01_LightSN,0005F986,Dungeons\Nordic\Chambers\NorRunicAmphitheatre01.nif
SMdDWallSol02,0005FB1B,Architecture\Solitude\Interiors\SMdDWallSol02.nif
DwePipe1way01,0005FBC0,Dungeons\Dwemer\Pipes\DwePipe1way01.nif
DwePipe1way02,0005FBC1,Dungeons\Dwemer\Pipes\DwePipe1way02.nif
DwePipe1wayHub01,0005FBC3,Dungeons\Dwemer\Pipes\DwePipe1wayHub01.nif
DwePipe1wayVent01,0005FBC4,Dungeons\Dwemer\Pipes\DwePipe1wayVent01.nif
DwePipe2way01,0005FBC5,Dungeons\Dwemer\Pipes\DwePipe2way01.nif
DwePipe3way01,0005FBC6,Dungeons\Dwemer\Pipes\DwePipe3way01.nif
DwePipeBroken01,0005FBC7,Dungeons\Dwemer\Pipes\DwePipeBroken01.nif
DwePipeCap01,0005FBC8,Dungeons\Dwemer\Pipes\DwePipeCap01.nif
DwePipeCap02,0005FBC9,Dungeons\Dwemer\Pipes\DwePipeCap02.nif
DwePipeEnd01,0005FBCA,Dungeons\Dwemer\Pipes\DwePipeEnd01.nif
NorExtRubblePile01_HeavySN,0005FCB6,Dungeons\Nordic\Exterior\Rubble\NorExtRubblePile01.nif
NorExtRubblePile02_HeavySN,0005FCB7,Dungeons\Nordic\Exterior\Rubble\NorExtRubblePile02.nif
NorExtRubblePile06_HeavySN,0005FCC5,Dungeons\Nordic\Exterior\Rubble\NorExtRubblePile06.nif
RockCliff07Rocks01,0005FCED,Landscape\Rocks\RockCliff07.nif
RockCliff07Dirt02_LightSN,0005FD56,Landscape\Rocks\RockCliff07.nif
1stPersonDaedricSword,0005FF33,Weapons\Daedric\1stPersonDaedricSword.nif
TreePineForestLog02Heavy_SN,00060093,Landscape\Trees\TreePineForestLog02Snow.nif
DirtCliffs05,00060095,Landscape\DirtCliffs\DirtCliffs05.nif
DirtCliffs05PineForest02,00060096,Landscape\DirtCliffs\DirtCliffs05.nif
CivilWarBanner02,00060165,Clutter\CivilWar\CivilWarBanner02.nif
CivilWarBanner01,00060166,Clutter\CivilWar\CivilWarBanner01.nif
SMdEStaSol06,00060214,Architecture\Solitude\Interiors\SMdEStaSol06.nif
SnowDriftL01,0006021D,Landscape\SnowDrifts\SnowDriftL01.nif
SnowDriftL02,0006021E,Landscape\SnowDrifts\SnowDriftL02.nif
SnowDriftM01,0006021F,Landscape\SnowDrifts\SnowDriftM01.nif
SnowDriftM02,00060220,Landscape\SnowDrifts\SnowDriftM02.nif
SnowDriftL03,00060222,Landscape\SnowDrifts\SnowDriftL03.nif
SnowDriftL04,00060223,Landscape\SnowDrifts\SnowDriftL04.nif
SMdDArchConExt01,00060232,Architecture\Solitude\Interiors\SMdDArchConExt01.nif
WRIntBeam768,000602A6,Architecture\WhiteRun\WRInteriors\WRIntBeam768.nif
WRIntBeamSupport01,000602A7,Architecture\WhiteRun\WRInteriors\WRIntBeamSupport01.nif
WRIntBeamWall01,000602AD,Architecture\WhiteRun\WRInteriors\WRIntBeamWall01.nif
WRIntBeam512,000602AF,Architecture\WhiteRun\WRInteriors\WRIntBeam512.nif
WRIntLoftWallRoof01,000602D2,Architecture\WhiteRun\WRInteriors\WRIntLoftWallRoof01.nif
WRIntLoftWallStr01,000602D6,Architecture\WhiteRun\WRInteriors\WRIntLoftWallStr01.nif
WRIntLoftWallCapDoor01,000602D8,Architecture\WhiteRun\WRInteriors\WRIntLoftWallCapDoor01.nif
WRIntFreeWallColumWall01,0006031C,Architecture\WhiteRun\WRInteriors\WRIntFreeWallColumWall01.nif
WRIntLoftRailStr01,00060322,Architecture\WhiteRun\WRInteriors\WRIntLoftRailStr01.nif
WRIntFloorDirtStairs01,0006032D,Architecture\WhiteRun\WRInteriors\WRIntFloorDirtStairs01.nif
WRIntFreeWallColumExt01,00060337,Architecture\WhiteRun\WRInteriors\WRIntFreeWallColumExt01.nif
WRIntFloorDirtFireAlcove02,0006033D,Architecture\WhiteRun\WRInteriors\WRIntFloorDirtFireAlcove02.nif
MS06FinalePotemaMarker,00060363,MarkerXHeading.nif
SovLargeMeadBarrel01,0006068F,Clutter\Sovngarde\SovLargeMeadBarrel01.nif
SMdEWalSol02,00060799,Architecture\Solitude\Interiors\SMdEWalSol02.nif
SMdEStaSol01,0006079A,Architecture\Solitude\Interiors\SMdEStaSol01.nif
SOVBarrelPlatform01,000607EB,Architecture\Sovengarde\SovngardeInterior\SOVBarrelPlatform01.nif
MountainTrim02Rocks01,0006081F,Landscape\Mountains\MountainTrim02.nif
MountainTrim01Rocks01,00060820,Landscape\Mountains\MountainTrim01.nif
PortGateBaseFalmer,0006095B,Dungeons\Imperial\Portcullis\PortGateBaseFalmer01.nif
PortGateBaseDwemer,0006095D,Dungeons\Imperial\Portcullis\PortGateBaseDwemer01.nif
SMdEWinSol03,000609CC,Architecture\Solitude\Interiors\SMdEWinSol03.nif
NorExtWallBg1WayArch01snow,000609DC,Dungeons\Nordic\Exterior\Walls\NorExtWallBg1WayArch01.nif
NorExtWallBg1Way01snow,000609DE,Dungeons\Nordic\Exterior\Walls\NorExtWallBg1Way01.nif
NorExtWallBgDivider01snow,000609E0,Dungeons\Nordic\Exterior\Walls\NorExtWallBgDivider01.nif
SMdETraCon04,00060AB1,Architecture\Solitude\Interiors\SMdETraCon04.nif
SMdETraCon03,00060AB2,Architecture\Solitude\Interiors\SMdETraCon03.nif
SMdEBalSol01,00060ABE,Architecture\Solitude\Interiors\SMdEBalSol01.nif
SMDEFloSol03,00060AE2,Architecture\Solitude\Interiors\SMDEFloSol03.nif
SMdETraCon06,00060AEF,Architecture\Solitude\Interiors\SMdETraCon06.nif
SMdETraCon05,00060AF0,Architecture\Solitude\Interiors\SMdETraCon05.nif
SMDECeiSol02,00060C37,Architecture\Solitude\Interiors\SMDECeiSol02.nif
SMDEFloSol04,00060C39,Architecture\Solitude\Interiors\SMDEFloSol04.nif
SMDECapSol01,00060C3C,Architecture\Solitude\Interiors\SMDECapSol01.nif
SMDECeiSol01,00060CB7,Architecture\Solitude\Interiors\SMDECeiSol01.nif
SkyHavenWallTest,00060CB8,Architecture\SkyHavenTemple\SkyHavenWallTest.nif
GlacierEndLg01,00060D86,Landscape\Ice\GlacierEndLg01.nif
SOVintPlatformCorHalf01,00060DA2,Architecture\Sovengarde\SovngardeInterior\SOVintPlatformCorHalf01.nif
SOVintPlatformCorInCustom01,00060DA4,Architecture\Sovengarde\SovngardeInterior\SOVintPlatformCorInCustom01.nif
RoadStraight02ReachDirt01,00060E16,Landscape\Roads\RoadStraight02.nif
MountainTrim01Dirt01,00060E2D,Landscape\Mountains\MountainTrim01.nif
RockCliffMineEntranceReachGrass01B,00060E2E,Landscape\Rocks\RockCliffMineEntrance.nif
RockPileM02Dirt01,00060E2F,Landscape\Rocks\RockPileM02.nif
CaveIDirtMound01ice,00060EE2,Dungeons\Caves\Ice\DirtMound\CaveIDirtMound01.nif
CaveIDirtMound02ice,00060EE4,Dungeons\Caves\Ice\DirtMound\CaveIDirtMound02.nif
CaveIDirtMound04ice,00060EE5,Dungeons\Caves\Ice\DirtMound\CaveIDirtMound04.nif
CaveIDirtMound05ice,00060EE7,Dungeons\Caves\Ice\DirtMound\CaveIDirtMound05.nif
CaveIDirtMound06ice,00060EEE,Dungeons\Caves\Ice\DirtMound\CaveIDirtMound06.nif
CaveIDirtMound07ice,00060EEF,Dungeons\Caves\Ice\DirtMound\CaveIDirtMound07.nif
NorPitWallFrontToRmBgFrontR01ice,00060EF0,Dungeons\Nordic\Pits\NorPitWallFrontToRmBgFrontR01.nif
NorPitWallFrontToRmBgFrontL01ice,00060EF1,Dungeons\Nordic\Pits\NorPitWallFrontToRmBgFrontL01.nif
NorRmBgCorOutR01ice,00060EF2,Dungeons\Nordic\BgRooms\NorRmBgCorOutR01.nif
NorRmBgWallSide01ice,00060EF3,Dungeons\Nordic\BgRooms\NorRmBgWallSide01.nif
NorRmBgCorOutL01ice,00060EF4,Dungeons\Nordic\BgRooms\NorRmBgCorOutL01.nif
NorRmSmWallSideDam03ice,00060EF5,Dungeons\Nordic\SmRooms\NorRmSmWallSideDam03.nif
NorRmSmWallSideDam02ice,00060EF6,Dungeons\Nordic\SmRooms\NorRmSmWallSideDam02.nif
NorRmSmCorOutL01ice,00060EF7,Dungeons\Nordic\SmRooms\NorRmSmCorOutL01.nif
NorRmSmCorIn01ice,00060F0F,Dungeons\Nordic\SmRooms\NorRmSmCorIn01.nif
NorRmSmWallFrontDam03ice,00060F11,Dungeons\Nordic\SmRooms\NorRmSmWallFrontDam03.nif
NorRmSmMid01ice,00060F12,Dungeons\Nordic\SmRooms\NorRmSmMid01.nif
NorRmSmCorOutR01ice,00060F13,Dungeons\Nordic\SmRooms\NorRmSmCorOutR01.nif
NorRmBgWallFront01ice,00060F14,Dungeons\Nordic\BgRooms\NorRmBgWallFront01.nif
NorRmSmWallFrontDam02ice,00060F15,Dungeons\Nordic\SmRooms\NorRmSmWallFrontDam02.nif
NorRmSmWallSide02ice,00060F16,Dungeons\Nordic\SmRooms\NorRmSmWallSide02.nif
NorRmSmMid02ice,00060F17,Dungeons\Nordic\SmRooms\NorRmSmMid02.nif
NorRmBgMid01ice,00060F18,Dungeons\Nordic\BgRooms\NorRmBgMid01.nif
NorBridgeMid02ice,00060F19,Dungeons\Nordic\Bridges\NorBridgeMid02.nif
NorBridgeMid1way02ice,00060F1A,Dungeons\Nordic\Bridges\NorBridgeMid1way02.nif
NorBridge1way02x256ice,00060F1B,Dungeons\Nordic\Bridges\NorBridge1way02x256.nif
NorBridge1wayEndCap02ice,00060F1C,Dungeons\Nordic\Bridges\NorBridge1wayEndCap02.nif
NorPitWallFront01ice,00060F1D,Dungeons\Nordic\Pits\NorPitWallFront01.nif
NorRmSmWallFrontExSm01ice,00060F1E,Dungeons\Nordic\SmRooms\NorRmSmWallFrontExSm01.nif
NorRmSmAlcove01ice,00060F1F,Dungeons\Nordic\SmRooms\NorRmSmAlcove01.nif
NorRmSmWallSideExSm01ice,00060F24,Dungeons\Nordic\SmRooms\NorRmSmWallSideExSm01.nif
NorHallBg1wayEndExSm01ice,00060F25,Dungeons\Nordic\BgHalls\NorHallBg1wayEndExSm01.nif
NorHallBg3way01ice,00060F27,Dungeons\Nordic\BgHalls\NorHallBg3way01.nif
NorHallBg1way01ice,00060F28,Dungeons\Nordic\BgHalls\NorHallBg1way01.nif
NorHallBg1way02ice,00060F29,Dungeons\Nordic\BgHalls\NorHallBg1way02.nif
NorHallSm1wayEndExSm01ice,00060F32,Dungeons\Nordic\SmHalls\NorHallSm1wayEndExSm01.nif
NorHallSm1way01ice,00060F5B,Dungeons\Nordic\SmHalls\NorHallSm1way01.nif
NorHallSm1wayStairs128ice,00060F5C,Dungeons\Nordic\SmHalls\NorHallSm1wayStairs128.nif
NorHallSm1wayStairsice,00060FB6,Dungeons\Nordic\SmHalls\NorHallSm1wayStairs128.nif
RockCliff08PineForest02,0006100A,Landscape\Rocks\RockCliff08.nif
SMDAFloSol04,000612F3,Architecture\Solitude\Interiors\SMDAFloSol04.nif
NorExtRubblePile04_HeavySN,00061434,Dungeons\Nordic\Exterior\Rubble\NorExtRubblePile04.nif
MountainTrim01TundraRocks01,0006144C,Landscape\Mountains\MountainTrim01.nif
MountainTrim01RiverBottom01,00061475,Landscape\Mountains\MountainTrim01.nif
MountainTrim02RiverBottom01,00061477,Landscape\Mountains\MountainTrim02.nif
RockCliff02FieldGrass02,000614A3,Landscape\Rocks\RockCliff02.nif
RockCliff05RiverBottom01,000614CC,Landscape\Rocks\RockCliff05.nif
RoadChunkS02RiverBottom01,000614CD,Landscape\Roads\RoadChunkS02.nif
RoadChunkL01RiverBottom01,000614CE,Landscape\Roads\RoadChunkL01.nif
RoadChunkL02RiverBottom01,000614CF,Landscape\Roads\RoadChunkL02.nif
SkyHavenWallTest02,000614DD,Architecture\SkyHavenTemple\SkyHavenWallTest02.nif
DweFacadeLiftUp01,00061518,Dungeons\Dwemer\Facades\DweFacadeLiftUp01.nif
DweFacadeLiftDown01,00061519,Dungeons\Dwemer\Facades\DweFacadeLiftDown01.nif
WRIntLoftWallRoofDoor01,000616CF,Architecture\WhiteRun\WRInteriors\WRIntLoftWallRoofDoor01.nif
WRIntLoftWallCustomBM01,000616D7,Architecture\WhiteRun\WRInteriors\WRIntLoftWallCustomBM01.nif
WRIntLoftRailEndPost01,000616DE,Architecture\WhiteRun\WRInteriors\WRIntLoftRailEndPost01.nif
WRIntLoftWallDivider01,000616E9,Architecture\WhiteRun\WRInteriors\WRIntLoftWallDivider01.nif
WRIntBeam256,000616EA,Architecture\WhiteRun\WRInteriors\WRIntBeam256.nif
WRIntFloorDirtStrFireAlcove01,000616F0,Architecture\WhiteRun\WRInteriors\WRIntFloorDirtStrFireAlcove01.nif
WRIntFloorDirtFireAlcove03,00061734,Architecture\WhiteRun\WRInteriors\WRIntFloorDirtFireAlcove03.nif
WRIntFloorSTMid01,00061737,Architecture\WhiteRun\WRInteriors\WRIntFloorSTMid01.nif
WRIntRoofStrWin01,0006175E,Architecture\WhiteRun\WRInteriors\WRIntRoofStrWin01.nif
WRIntRoofCorWinL,00061761,Architecture\WhiteRun\WRInteriors\WRIntRoofCorWinL.nif
WRIntRoofCorWinR,00061762,Architecture\WhiteRun\WRInteriors\WRIntRoofCorWinR.nif
WRIntFloorSTMid02,000617B0,Architecture\WhiteRun\WRInteriors\WRIntFloorSTMid02.nif
WRIntFloorSTFireAlcove01,000617B1,Architecture\WhiteRun\WRInteriors\WRIntFloorSTFireAlcove01.nif
WRIntRoofCorCorInL,00061816,Architecture\WhiteRun\WRInteriors\WRIntRoofCorCorInL.nif
WRIntWallStr01WinB,0006181B,Architecture\WhiteRun\WRInteriors\WRIntWallStr01WinB.nif
WRIntWallStrChimney01,0006181D,Architecture\WhiteRun\WRInteriors\WRIntWallStrChimney01.nif
SMdDWallInt02,00061859,Architecture\Solitude\Interiors\SMdDWallInt02.nif
NorHallSm2way01ice,0006185F,Dungeons\Nordic\SmHalls\NorHallSm2way01.nif
NorBridgePitWallFront01ice,00061863,Dungeons\Nordic\Bridges\NorBridgePitWallFront01.nif
NorBridgeMid1way01ice,00061884,Dungeons\Nordic\Bridges\NorBridgeMid1way01.nif
DirtCliffsCornerOut01PineForest03,00061923,Landscape\DirtCliffs\DirtCliffsCornerOut01.nif
DirtCliffs03PineForest03,00061924,Landscape\DirtCliffs\DirtCliffs03.nif
DirtCliffsCornerIn01PineForest03,00061925,Landscape\DirtCliffs\DirtCliffsCornerIn01.nif
NorBridge1way01x512ice,00061BCD,Dungeons\Nordic\Bridges\NorBridge1way01x512.nif
NorBridge1way01x256ice,00061BCF,Dungeons\Nordic\Bridges\NorBridge1way01x256.nif
NorHallSm1wayExSm01ice,00061BD2,Dungeons\Nordic\SmHalls\NorHallSm1wayExSm01.nif
RuinsSconceBaseNoShadowice,00061BFD,Clutter\Ruins\RuinSconce01BaseNoShadow.nif
RuinsSconceAndBaseice,00061C82,Clutter\Ruins\RuinSconce01WithBase.nif
NorBridgeRmBgWallFrontExSm02ice,00061C83,Dungeons\Nordic\Bridges\NorBridgeRmBgWallFrontExSm02.nif
MarkarthCliff02,00061D20,Landscape\Unique\MarkarthCliff02.nif
MarkarthCliff03,00061D21,Landscape\Unique\MarkarthCliff03.nif
MarkarthCliff04,00061D22,Landscape\Unique\MarkarthCliff04.nif
NorPlatMid01ice,00061D43,Dungeons\Nordic\Platforms\NorPlatMid01.nif
NorPlatWallStair01ice,00061D5E,Dungeons\Nordic\Platforms\NorPlatWallStair01.nif
NorPlatWall01ice,00061D5F,Dungeons\Nordic\Platforms\NorPlatWall01.nif
NorPlatCorOut01ice,00061D60,Dungeons\Nordic\Platforms\NorPlatCorOut01.nif
NorPlatCorIn01ice,00061D61,Dungeons\Nordic\Platforms\NorPlatCorIn01.nif
NorPlatCorIn02ice,00061D62,Dungeons\Nordic\Platforms\NorPlatCorIn02.nif
NorRmSmWallFront02ice,00061D63,Dungeons\Nordic\SmRooms\NorRmSmWallFront02.nif
NorHallExSmPortcullis01ice,00061D64,Dungeons\Nordic\BgHalls\NorHallExSmPortcullis01.nif
NorRmSmWallFrontWin01ice,00061D65,Dungeons\Nordic\SmRooms\NorRmSmWallFrontWin01.nif
NorRubblePile04ice,00061D66,Dungeons\Nordic\Rubble\NorRubblePile04.nif
NorRubblePile05ice,00061D67,Dungeons\Nordic\Rubble\NorRubblePile05.nif
NorHallBg2way01ice,00061D68,Dungeons\Nordic\BgHalls\NorHallBg2way01.nif
NorHallBg1wayEndCap01ice,00061D69,Dungeons\Nordic\BgHalls\NorHallBg1wayEndCap01.nif
SMDECapSol02,000627A7,Architecture\Solitude\Interiors\SMDECapSol02.nif
SMdEColSol02,000627A9,Architecture\Solitude\Interiors\SMdEColSol02.nif
WRHouseStables01,000627AA,Architecture\WhiteRun\WRBuildings\WRHouseStables01.nif
WRStableStr01,000627E1,Architecture\WhiteRun\WRBuildings\WRStableStr01.nif
WRStableWallShortStr01,000627E5,Architecture\WhiteRun\WRBuildings\WRStableWallShortStr01.nif
WRStableWallBackStr01,000627EA,Architecture\WhiteRun\WRBuildings\WRStableWallBackStr01.nif
WRStableStr01End,000627EE,Architecture\WhiteRun\WRBuildings\WRStableStr01End.nif
WRStablePlatStr01,000627F8,Architecture\WhiteRun\WRBuildings\WRStablePlatStr01.nif
WRStablePlatEnd01,000627FD,Architecture\WhiteRun\WRBuildings\WRStablePlatEnd01.nif
RockCliff05PineForest01,00062954,Landscape\Rocks\RockCliff05.nif
RuinsBrokenTable01snow,00062A0A,Clutter\Ruins\RuinsFurnitureRubble03.nif
RuinsBrokenTable02snow,00062A0B,Clutter\Ruins\RuinsFurnitureRubble04.nif
NorRmSmWallSideDam01snow,00062A24,Dungeons\Nordic\SmRooms\NorRmSmWallSideDam01.nif
RockPileM01RiverMud01,00062B17,Landscape\Rocks\RockPileM01.nif
NorWoodDoorSTATIC,0006312D,Dungeons\Nordic\Doors\Animated\WoodDoor\RuinsWoodDoor01.nif
WRShIntRoofCorIn01,000631E8,Architecture\WhiteRun\WRInteriors\WRShackInterior\WRShIntRoofCorIn01.nif
WRShIntCorIn01,000631EB,Architecture\WhiteRun\WRInteriors\WRShackInterior\WRShIntCorIn01.nif
WRShIntRoofCorCorInR,000631EE,Architecture\WhiteRun\WRInteriors\WRShackInterior\WRShIntRoofCorCorInR.nif
WRShIntRoofCorCorInL,000631F0,Architecture\WhiteRun\WRInteriors\WRShackInterior\WRShIntRoofCorCorInL.nif
WRShIntRoofMid01,000631F2,Architecture\WhiteRun\WRInteriors\WRShackInterior\WRShIntRoofMid01.nif
WRShIntCeilMid01Chimney,000631F6,Architecture\WhiteRun\WRInteriors\WRShackInterior\WRShIntCeilMid01Chimney.nif
WRShIntCeilMid01,000631F7,Architecture\WhiteRun\WRInteriors\WRShackInterior\WRShIntCeilMid01.nif
WRShIntBeam768,000631FC,Architecture\WhiteRun\WRInteriors\WRShackInterior\WRShIntBeam768.nif
WRShIntBeamSupport02,00063200,Architecture\WhiteRun\WRInteriors\WRShackInterior\WRShIntBeamSupport02.nif
CaveILHallDoor02ice,000638D6,Dungeons\Caves\Ice\LargeHall\CaveILHallDoor02.nif
CaveIHallRamp02ice,000638D8,Dungeons\Caves\Ice\SmallHall\CaveIHallRamp02.nif
CaveIHall1Way128Short01ice,000638DB,Dungeons\Caves\Ice\SmallHall\CaveIHall1Way128Short01.nif
CaveIHall3Way02ice,000638DC,Dungeons\Caves\Ice\SmallHall\CaveIHall3Way02.nif
CaveIHallDeadEnd02ice,000638DD,Dungeons\Caves\Ice\SmallHall\CaveIHallDeadEnd02.nif
DweFurnitureTableA01,00063DEE,Furniture\Dwemer\DweFurnitureTableA01.nif
DweFurnitureTableA02,00063DEF,Furniture\Dwemer\DweFurnitureTableA02.nif
RTSnowShodHouse01,00063DF7,Architecture\Riften\RTSnowShodHouse01.nif
RTMercerFreys01,00063DF9,Architecture\Riften\RTMercerFreys01.nif
SMdEStaSol02,00063DFB,Architecture\Solitude\Interiors\SMdEStaSol02.nif
SMdEWinSol04,00063E2F,Architecture\Solitude\Interiors\SMdEWinSol04.nif
SMdEWalSol03,00063E30,Architecture\Solitude\Interiors\SMdEWalSol03.nif
SMdEWalSol04,00063E31,Architecture\Solitude\Interiors\SMdEWalSol04.nif
SMdEDorCon02,00063E3B,Architecture\Solitude\Interiors\SMdEDorCon02.nif
SMdEWinSol05,00063E40,Architecture\Solitude\Interiors\SMdEWinSol05.nif
SMdEWalSol05,00063E41,Architecture\Solitude\Interiors\SMdEWalSol05.nif
SMDECeiSol03,00063E74,Architecture\Solitude\Interiors\SMDECeiSol03.nif
SMDEFloSol05,00063EC7,Architecture\Solitude\Interiors\SMDEFloSol05.nif
WRScafStr01,00063F72,Architecture\WhiteRun\WRScaffold\WRScafStr01.nif
WRScafStr02,00063F97,Architecture\WhiteRun\WRScaffold\WRScafStr02.nif
WRScafRamp01,00063F9D,Architecture\WhiteRun\WRScaffold\WRScafRamp01.nif
WRScafRampTransTop,00063FAA,Architecture\WhiteRun\WRScaffold\WRScafRampTransTop.nif
WRScafRampTransBottom,00063FAD,Architecture\WhiteRun\WRScaffold\WRScafRampTransBottom.nif
WRScafRailStr01,00063FB2,Architecture\WhiteRun\WRScaffold\WRScafRailStr01.nif
WRScafRailCor01,00063FB6,Architecture\WhiteRun\WRScaffold\WRScafRailCor01.nif
WRScafGuardTower01,00063FBC,Architecture\WhiteRun\WRScaffold\WRScafGuardTower01.nif
WRScafGuardTowerBase01,00063FD3,Architecture\WhiteRun\WRScaffold\WRScafGuardTowerBase01.nif
WRScafGuardTowerSpikes01,00063FD4,Architecture\WhiteRun\WRScaffold\WRScafGuardTowerSpikes01.nif
WRScafStr01Spikes,00063FDB,Architecture\WhiteRun\WRScaffold\WRScafStr01Spikes.nif
WRWallTowerChunk01,00063FF4,Architecture\WhiteRun\WRCityWalls\WRWallTowerChunk01.nif
HighPolyNoteTornPage,000641F4,Clutter\Books\Note01\NoteTornPage.nif
ImpTowerOutHole01,00064450,Dungeons\Imperial\Tower\ImpTowerOutHole01.nif
FarmIntInnEnd05,00064B07,Architecture\Farmhouse\Interior\FarmIntInnEnd05.nif
SMarketStall01,00064B87,Architecture\Solitude\Clutter\SMarketStall01.nif
SMarketStallTop,00064BE8,Architecture\Solitude\Clutter\SMarketStallTop.nif
SMDBCapSol02,00064DC7,Architecture\Solitude\Interiors\SMDBCapSol02.nif
SMDBCapSol01,00064DC8,Architecture\Solitude\Interiors\SMDBCapSol01.nif
SMdEEntSol01,00064DC9,Architecture\Solitude\Interiors\SMdEEntSol01.nif
SMdERofCon01,00064DCB,Architecture\Solitude\Interiors\SMdERofCon01.nif
SMdERofSol01,00064DCC,Architecture\Solitude\Interiors\SMdERofSol01.nif
SMdERofSol02,00064DCD,Architecture\Solitude\Interiors\SMdERofSol02.nif
RockPileL02Snow01Heavy_SN,00064EC6,Landscape\Rocks\RockPileL02.nif
SkyHavenExteriorFacade01,000655ED,Architecture\SkyHavenTemple\SkyHavenExteriorFacade01.nif
SkyHavenExteriorWalkway01,000655EF,Architecture\SkyHavenTemple\SkyHavenExteriorWalkway01.nif
SkyHavenExteriorWalkway02,00065623,Architecture\SkyHavenTemple\SkyHavenExteriorWalkway02.nif
SMdERofCon02,00065728,Architecture\Solitude\Interiors\SMdERofCon02.nif
SMdERofCon03,00065736,Architecture\Solitude\Interiors\SMdERofCon03.nif
SMdERofCap02,000657F2,Architecture\Solitude\Interiors\SMdERofCap02.nif
SMdERofCap01,000657F3,Architecture\Solitude\Interiors\SMdERofCap01.nif
SMdEBalSol02,00065800,Architecture\Solitude\Interiors\SMdEBalSol02.nif
SMdEWalHaf01,00065812,Architecture\Solitude\Interiors\SMdEWalHaf01.nif
RockS03Snow,000658FD,Landscape\Rocks\RockS03.nif
RockCliff05Snow01Snow,0006592C,Landscape\Rocks\RockCliff05.nif
DirtCliffsCornerOut01Snow01Snow,000659EE,Landscape\DirtCliffs\DirtCliffsCornerOut01.nif
DweRmSmWallHole01,00065BD8,Dungeons\Dwemer\SmRooms\DweRmSmWallHole01.nif
GlacierRubbleTrim03,00065CA0,Landscape\Ice\GlacierRubbleTrim03.nif
GlacierRubbleTrim01,00065CA1,Landscape\Ice\GlacierRubbleTrim01.nif
GlacierRubbleTrim02,00065CA2,Landscape\Ice\GlacierRubbleTrim02.nif
GlacierRubbleTrim01_LightSN,00065CA3,Landscape\Ice\GlacierRubbleTrim01.nif
GlacierRubbleTrim02_LightSN,00065CA4,Landscape\Ice\GlacierRubbleTrim02.nif
GlacierRubbleTrim03_LightSN,00065CA5,Landscape\Ice\GlacierRubbleTrim03.nif
NorBridgeMid03_HeavySN,00065CB3,Dungeons\Nordic\Bridges\NorBridgeMid03.nif
SMdEWalSol06,00065CB4,Architecture\Solitude\Interiors\SMdEWalSol06.nif
NorBridgeRmBgWallFrontExSm02_HeavySN,00065CB5,Dungeons\Nordic\Bridges\NorBridgeRmBgWallFrontExSm02.nif
NorRmBgCorOutL01_HeavySN,00065CB6,Dungeons\Nordic\BgRooms\NorRmBgCorOutL01.nif
NorRmBgCorOutR01_HeavySN,00065CB7,Dungeons\Nordic\BgRooms\NorRmBgCorOutR01.nif
NorRmBgWallSide01_HeavySN,00065CBB,Dungeons\Nordic\BgRooms\NorRmBgWallSide01.nif
NorRmBgWallFront01_HeavySN,00065CBC,Dungeons\Nordic\BgRooms\NorRmBgWallFront01.nif
NorBridgeMid04_HeavySN,00065CBF,Dungeons\Nordic\Bridges\NorBridgeMid04.nif
NorPlatMid01_LightSN,00065CC1,Dungeons\Nordic\Platforms\NorPlatMid01.nif
NorPlatMid01_HeavySN,00065CC2,Dungeons\Nordic\Platforms\NorPlatMid01.nif
DweRmSmCorInHoleL01,00065E77,Dungeons\Dwemer\SmRooms\DweRmSmCorInHoleL01.nif
DweHitchPost01,00065FE3,Dungeons\Dwemer\Platforms\DweHitchPost01.nif
SkyHavenTmpExtPlatStairMid02,00065FFF,Architecture\SkyHavenTemple\Clutter\SkyHavenTmpExtPlatStairMid02.nif
SkyHavenTmpExtPlatTower01,00066000,Architecture\SkyHavenTemple\Clutter\SkyHavenTmpExtPlatTower01.nif
SkyHavenTmpExtPlatTower02,00066001,Architecture\SkyHavenTemple\Clutter\SkyHavenTmpExtPlatTower02.nif
SkyHavenTmpExtPlatTowerBridge01,00066002,Architecture\SkyHavenTemple\Clutter\SkyHavenTmpExtPlatTowerBridge01.nif
SkyHavenTmpExtPlatTowerBridgeFree01,00066003,Architecture\SkyHavenTemple\Clutter\SkyHavenTmpExtPlatTowerBridgeFree01.nif
SkyHavenTmpExtPlatWall01,00066004,Architecture\SkyHavenTemple\Clutter\SkyHavenTmpExtPlatWall01.nif
SkyHavenTmpExtPlatWall02,00066005,Architecture\SkyHavenTemple\Clutter\SkyHavenTmpExtPlatWall02.nif
SkyHavenTmpExtStairsFree01,00066006,Architecture\SkyHavenTemple\Clutter\SkyHavenTmpExtStairsFree01.nif
SkyHavenTmpExtPlatCorDblEnd01,00066007,Architecture\SkyHavenTemple\Clutter\SkyHavenTmpExtPlatCorDblEnd01.nif
SkyHavenTmpExtPlatCorIn01,00066008,Architecture\SkyHavenTemple\Clutter\SkyHavenTmpExtPlatCorIn01.nif
SkyHavenTmpExtPlatCorOut01,00066009,Architecture\SkyHavenTemple\Clutter\SkyHavenTmpExtPlatCorOut01.nif
SkyHavenTmpExtPlatExSmFree01,0006600A,Architecture\SkyHavenTemple\Clutter\SkyHavenTmpExtPlatExSmFree01.nif
SkyHavenTmpExtPlatFloorRaised01,0006600B,Architecture\SkyHavenTemple\Clutter\SkyHavenTmpExtPlatFloorRaised01.nif
SkyHavenTmpExtPlatFloorRaised02,0006600C,Architecture\SkyHavenTemple\Clutter\SkyHavenTmpExtPlatFloorRaised02.nif
SkyHavenTmpExtPlatGaurdHouse01,0006600D,Architecture\SkyHavenTemple\Clutter\SkyHavenTmpExtPlatGaurdHouse01.nif
SkyHavenTmpExtPlatMid01,0006600E,Architecture\SkyHavenTemple\Clutter\SkyHavenTmpExtPlatMid01.nif
SkyHavenTmpExtPlatMid02,0006600F,Architecture\SkyHavenTemple\Clutter\SkyHavenTmpExtPlatMid02.nif
SkyHavenTmpExtPlatShaftBot01,00066010,Architecture\SkyHavenTemple\Clutter\SkyHavenTmpExtPlatShaftBot01.nif
SkyHavenTmpExtPlatStairCapL01,00066011,Architecture\SkyHavenTemple\Clutter\SkyHavenTmpExtPlatStairCapL01.nif
SkyHavenTmpExtPlatStairCapR01,00066012,Architecture\SkyHavenTemple\Clutter\SkyHavenTmpExtPlatStairCapR01.nif
SkyHavenTmpExtPlatStairMid01,00066013,Architecture\SkyHavenTemple\Clutter\SkyHavenTmpExtPlatStairMid01.nif
TestScaleRefNPC01,00066030,Dungeons\TestScaleRefNPC01.nif
WRGuardTowerEntrance01,00066346,Architecture\WhiteRun\WRBuildings\WRGuardTowerEntrance01.nif
DweBRExtensionHall01,000663A8,Dungeons\Dwemer\Animated\BlackReachEntrance\DweBRExtensionHall01.nif
SMdFCelJail02,000663B0,Architecture\Solitude\Interiors\SMdFCelJail02.nif
SImpSecretHalWay01,000663B3,Architecture\Solitude\Interiors\SImpSecretHalWay01.nif
SImpSecretHalWay02,000663F5,Architecture\Solitude\Interiors\SImpSecretHalWay02.nif
MountainTrim02ReachDirt01,0006671F,Landscape\Mountains\MountainTrim02.nif
MountainTrim01Dirt02,00066723,Landscape\Mountains\MountainTrim01.nif
RockPileS02FieldGrass02,00066729,Landscape\Rocks\RockPileS02.nif
RockPileM01FieldGrass02,00066737,Landscape\Rocks\RockPileM01.nif
MountainCliffSlopeFieldGrass02,0006673B,Landscape\Mountains\MountainCliffSlope.nif
RockCliff01FieldGrass02,00066742,Landscape\Rocks\RockCliff01.nif
RockShelf01FallForestDirt01,0006699F,Landscape\Rocks\RockShelf01.nif
FarmBWallEntrance01,000669A7,Architecture\Farmhouse\Interior\Basement\FarmBWallEntrance01.nif
FarmBWallEntrance02,000669A8,Architecture\Farmhouse\Interior\Basement\FarmBWallEntrance02.nif
RockPileM01FallForestDirt01,000669A9,Landscape\Rocks\RockPileM01.nif
FarmBWallEntrance03,000669AA,Architecture\Farmhouse\Interior\Basement\FarmBWallEntrance03.nif
FarmBWallEntrance04,000669AB,Architecture\Farmhouse\Interior\Basement\FarmBWallEntrance04.nif
RockPileL02FallForestLeaves01,000669B6,Landscape\Rocks\RockPileL02Tundra.nif
RoadStraight01EndFallForestDirt01,000669D1,Landscape\Roads\RoadStraight01End.nif
RoadCurve90R01FallForestDirt01,000669D2,Landscape\Roads\RoadCurve90R01.nif
RoadChunkM01FallForestDirt01,000669D3,Landscape\Roads\RoadChunkM01.nif
RoadChunkL02FallForestDirt01,000669D4,Landscape\Roads\RoadChunkL02.nif
RoadChunkL01FallForestDirt01,000669D5,Landscape\Roads\RoadChunkL01.nif
RoadChunkM04FallForestDirt01,000669D6,Landscape\Roads\RoadChunkM04.nif
RoadChunkS02FallForestDirt01,000669D7,Landscape\Roads\RoadChunkS02.nif
DweDA13IchorBarrel01,00066AF2,Clutter\Dwemer\DweInchorBarrel01.nif
ArcheryTargetTripod,00066AF4,Clutter\Common\ArcheryTargetTripod01.nif
ArcheryTarget,00066AF6,Clutter\Common\ArcheryTarget01.nif
NorDragonStatueMetal02ice,00066B13,Dungeons\Nordic\RuinsDragonStatueMetal02.nif
WRWallTowerRubbled01,00067148,Architecture\WhiteRun\WRCityWalls\WRWallTowerRubbled01.nif
WRWallStrRubbled01Free,00067150,Architecture\WhiteRun\WRCityWalls\WRWallStrRubbled01Free.nif
WRWallStrRubbled01Short,00067157,Architecture\WhiteRun\WRCityWalls\WRWallStrRubbled01Short.nif
WRWallRubblePile03,00067164,Architecture\WhiteRun\WRCityWalls\WRWallRubblePile03.nif
WRWallRubblePile02,00067168,Architecture\WhiteRun\WRCityWalls\WRWallRubblePile02.nif
WRWallRubblePile04,00067169,Architecture\WhiteRun\WRCityWalls\WRWallRubblePile04.nif
FloraThistleLandingTest,0006717E,Landscape\Plants\FloraThistleLandingTest.nif
RockPileS02FieldGrass01,000674BB,Landscape\Rocks\RockPileS02.nif
RockCliff05FieldGrass02,000674CA,Landscape\Rocks\RockCliff05.nif
SkyHavenTable01,0006768D,Architecture\SkyHavenTemple\SkyHavenTable01.nif
MrkTempleS01,00067E66,Architecture\Markarth\MrkTempleS01.nif
MrkTempleS04,00067E67,Architecture\Markarth\MrkTempleS04.nif
MrkTempleS03,00067E68,Architecture\Markarth\MrkTempleS03.nif
MrkTempleS02,00067E6A,Architecture\Markarth\MrkTempleS02.nif
MrkTempleN03,00067E6B,Architecture\Markarth\MrkTempleN03.nif
MrkTempleN02,00067E6C,Architecture\Markarth\MrkTempleN02.nif
MrkTempleN01,00067E6D,Architecture\Markarth\MrkTempleN01.nif
MrkTemplePorchR01,00067E6E,Architecture\Markarth\MrkTemplePorchR01.nif
MrkTemplePorchC01,00067E6F,Architecture\Markarth\MrkTemplePorchC01.nif
MrkTemplePorchL01,00067E70,Architecture\Markarth\MrkTemplePorchL01.nif
MrkTempleDoorR01,00067E71,Architecture\Markarth\MrkTempleDoorR01.nif
MrkTempleDoorL01,00067E72,Architecture\Markarth\MrkTempleDoorL01.nif
MrkTempleRearL01,00067E73,Architecture\Markarth\MrkTempleRearL01.nif
MrkTempleRearR01,00067E74,Architecture\Markarth\MrkTempleRearR01.nif
MrkTempleDome01,00067E75,Architecture\Markarth\MrkTempleDome01.nif
FirewoodPileSmall01_LightSN,000681C0,Clutter\Firewood\FirewoodPileSmall01.nif
MineScaffoldTop0Sided01ice,00068489,Dungeons\Mines\Scaffolding\MineScaffoldTop0Sided01.nif
MineScaffoldFreeRopeEnd01ice,0006848A,Dungeons\Mines\Scaffolding\MineScaffoldFreeRopeEnd01.nif
MineWoodbeamShort01ice,0006848B,Dungeons\Mines\Clutter\MineWoodbeamShort01.nif
MineWoodbeam01ice,0006848C,Dungeons\Mines\Clutter\MineWoodbeam01.nif
MineWoodbeam02ice,0006848D,Dungeons\Mines\Clutter\MineWoodbeam02.nif
MineWoodbeamShort02ice,0006848E,Dungeons\Mines\Clutter\MineWoodbeamShort02.nif
WRScafGuardTower02,000684D2,Architecture\WhiteRun\WRScaffold\WRScafGuardTower02.nif
WRWallRubblePile05,000684DA,Architecture\WhiteRun\WRCityWalls\WRWallRubblePile05.nif
WRWallStrRubbled02Free,000684E6,Architecture\WhiteRun\WRCityWalls\WRWallStrRubbled02Free.nif
WRScafGuardTowerLarge01,000684EB,Architecture\WhiteRun\WRScaffold\WRScafGuardTowerLarge01.nif
DweClutterPedestal01,00068762,Dungeons\Dwemer\Clutter\DweClutterPedestal01.nif
DweClutterTrough01,00068763,Dungeons\Dwemer\Clutter\DweClutterTrough01.nif
DweClutterPedestal02,00068764,Dungeons\Dwemer\Clutter\DweClutterPedestal02.nif
DweClutterBowlShape01,00068796,Dungeons\Dwemer\Clutter\DweClutterBowlShape01.nif
StockadeWallStraight01Light_SN,000687A6,Clutter\Stockade\StockadeWallStraight01.nif
StockadeWoodplanks03Light_SN,000687A7,Dungeons\Mines\Clutter\MineWoodplanks03.nif
StockadeWoodplanks04Light_SN,000687A8,Dungeons\Mines\Clutter\MineWoodplanks04.nif
StockadeBridgeShort01Light_SN,000687AA,Clutter\Stockade\StockadeBridgeShort01.nif
DweDoorFrameExBgtoExSm01,00068B24,Dungeons\Dwemer\SmRooms\DweDoorFrameExBgtoExSm01.nif
1stPersonNordHeroBow,00068C4A,Weapons\NordHero\NordHeroBow.nif
1stPersonNordHeroWarAxe,00068C62,Weapons\NordHero\1stPersonNordHeroWarAxe.nif
1stPersonNordHeroBattleAxe,00068C6E,Weapons\NordHero\1stPersonNordHeroBattleAxe.nif
1stPersonNordHeroSword,00068C7C,Weapons\NordHero\1stPersonNordHeroSword.nif
DragonMoundBaseSnow,00068E62,Dungeons\Nordic\Exterior\DragonMound\DragonMoundBaseAlt.nif
DragonMoundDirtCapSnow,00068E68,Dungeons\Nordic\Exterior\DragonMound\DragonMoundDirtCapAlt.nif
WRWallMainGate01EXT,00069820,Architecture\WhiteRun\WRCityWalls\WRWallMainGate01EXT.nif
WRWallMainGateHouse01,00069821,Architecture\WhiteRun\WRCityWalls\WRWallMainGateHouse01.nif
WRWallRubblePile01,00069824,Architecture\WhiteRun\WRCityWalls\WRWallRubblePile01.nif
WRWoodBridge01,00069828,Architecture\WhiteRun\WRScaffold\WRWoodBridge01.nif
1stPersonBoundSword,00069CE4,Weapons\BoundWeapons\BoundSword01.nif
RTBlackBriarManor01,00069CE9,Architecture\Riften\RTBlackBriarManor01.nif
NorTowerRuinsIntTopFloor02Snow,0006A528,Dungeons\Nordic\Exterior\Towers\NorTowerRuinsIntTopFloor02.nif
MountainTrim02ReachGrass01,0006A8C6,Landscape\Mountains\MountainTrim02.nif
RockCliff01ReachGrass01Rocks01,0006A8C7,Landscape\Rocks\RockCliff01.nif
DirtCliffsCornerIn01ReachGrass01,0006A8C8,Landscape\DirtCliffs\DirtCliffsCornerIn01.nif
DirtCliffsCornerOut01ReachGrass01,0006A8C9,Landscape\DirtCliffs\DirtCliffsCornerOut01.nif
RockCliff08ReachGrass01,0006A8E4,Landscape\Rocks\RockCliff08.nif
DweShaftBot01,0006A9E5,Dungeons\Dwemer\LgRooms\DweShaftBot01.nif
DweShaftRmSmBot01,0006AA7B,Dungeons\Dwemer\LgRooms\DweShaftRmSmBot01.nif
SMdCWinSol03,0006ABB2,Architecture\Solitude\Interiors\SMdCWinSol03.nif
SLgCColSol02,0006ABDF,Architecture\Solitude\Interiors\SLgCColSol02.nif
SLgCWalWin01,0006ABE0,Architecture\Solitude\Interiors\SLgCWalWin01.nif
SLGCArchCon01,0006ABE1,Architecture\Solitude\Interiors\SLGCArchCon01.nif
SLGCCapSol01,0006ABE2,Architecture\Solitude\Interiors\SLGCCapSol01.nif
SLgCColSol01,0006ABE3,Architecture\Solitude\Interiors\SLgCColSol01.nif
SLgCWalSol02,0006AC5B,Architecture\Solitude\Interiors\SLgCWalSol02.nif
SLGCTraCon01,0006AC60,Architecture\Solitude\Interiors\SLGCTraCon01.nif
SLgCCeiSol01,0006AC76,Architecture\Solitude\Interiors\SLgCCeiSol01.nif
SLGCDorCon01,0006AD00,Architecture\Solitude\Interiors\SLGCDorCon01.nif
SLgCCeiFla01,0006AD25,Architecture\Solitude\Interiors\SLgCCeiFla01.nif
SMdAStaSol03,0006AD33,Architecture\Solitude\Interiors\SMdAStaSol03.nif
SLGCTraCon02,0006AD39,Architecture\Solitude\Interiors\SLGCTraCon02.nif
UpperChairStatic,0006AE69,Clutter\Upperclass\UpperChair01.nif
SLgCColSol03,0006AE71,Architecture\Solitude\Interiors\SLgCColSol03.nif
FalmerTentLarge,0006AE7F,Architecture\Falmer Hut\LargeHut.nif
SkyHavenRemanPuzzlewall01,0006AEDF,Architecture\SkyHavenTemple\SkyHavenRemanPuzzlewall01.nif
RockCairnEvil01Snow,0006AF1B,Landscape\Rocks\Cairns\RockCairnEvil01.nif
RockCairnEvil04Snow,0006AF1D,Landscape\Rocks\Cairns\RockCairnEvil04.nif
RockCairnEvil02SnowLight,0006AF20,Landscape\Rocks\Cairns\RockCairnEvil02.nif
ExteriorWoodenTable01SnowLight,0006AF7C,Clutter\ExteriorWoodenFurniture\ExteriorWoodenTable01Snow.nif
WRIntWallGreyManeCustom01,0006B05B,Architecture\WhiteRun\WRInteriors\WRIntWallGreyManeCustom01.nif
WRIntRoofGreyManeCustom01,0006B05E,Architecture\WhiteRun\WRInteriors\WRIntRoofGreyManeCustom01.nif
WRIntCeilMid01Trans,0006B061,Architecture\WhiteRun\WRInteriors\WRIntCeilMid01Trans.nif
WRIntLoftWallStr01Door,0006B062,Architecture\WhiteRun\WRInteriors\WRIntLoftWallStr01Door.nif
WRIntFreeWallColum02Nubs,0006B066,Architecture\WhiteRun\WRInteriors\WRIntFreeWallColum02Nubs.nif
WRGuardHouse01,0006B092,Architecture\WhiteRun\WRBuildings\WRGuardHouse01.nif
RockCairnEvil02Snow,0006B097,Landscape\Rocks\Cairns\RockCairnEvil02.nif
RockCairnEvil03Snow,0006B0D1,Landscape\Rocks\Cairns\RockCairnEvil03.nif
WRDunIntStr01,0006B0DE,Architecture\WhiteRun\WRInteriors\WRDungeon\WRDunIntStr01.nif
NorSarcophagusVertBottom01,0006B111,Clutter\Ruins\RuinsSarcophagusVert01.nif
MountainCliffSlope,0006B11D,Landscape\Mountains\MountainCliffSlope.nif
NobleTableShort01,0006B28D,Furniture\Noble\NobleTableShort01.nif
NobleShelf01,0006B2AF,Furniture\Noble\NobleShelf01.nif
DweChandelier02,0006B36A,Dungeons\Dwemer\DweChandelier02.nif
MountainCliffSlopeSnow01_HeavySN,0006B52B,Landscape\Mountains\MountainCliffSlope.nif
DweShaftMid01,0006B83E,Dungeons\Dwemer\LgRooms\DweShaftMid01.nif
DweShaftRmLgBot01,0006B83F,Dungeons\Dwemer\LgRooms\DweShaftRmLgBot01.nif
DweShaftRmSmTop01,0006B840,Dungeons\Dwemer\LgRooms\DweShaftRmSmTop01.nif
DweRmLgMidTop01,0006B845,Dungeons\Dwemer\LgRooms\DweRmLgMidTop01.nif
DweRmSmMidBot01,0006B847,Dungeons\Dwemer\SmRooms\DweRmSmMidBot01.nif
WRDunIntStoneBracket01,0006B970,Architecture\WhiteRun\WRInteriors\WRDungeon\WRDunIntStoneBracket01.nif
WRDunIntCor01,0006B975,Architecture\WhiteRun\WRInteriors\WRDungeon\WRDunIntCor01.nif
WRDunIntCustomDoor01,0006B978,Architecture\WhiteRun\WRInteriors\WRDungeon\WRDunIntCustomDoor01.nif
WRDunIntWallCapCustom01,0006B97C,Architecture\WhiteRun\WRInteriors\WRDungeon\WRDunIntWallCapCustom01.nif
WRDunIntRoofStoneCustom01,0006B97E,Architecture\WhiteRun\WRInteriors\WRDungeon\WRDunIntRoofStoneCustom01.nif
NorSarcophagusVertBottom02,0006BDCF,Clutter\Ruins\RuinsSarcophagusVert02.nif
NorSarcophagusVertBottom03,0006BDD1,Clutter\Ruins\RuinsSarcophagusVert03.nif
NorSarcophagusVertBottomSecret,0006BDD5,Clutter\Ruins\RuinsSarcophagusVertHole.nif
TestSPatioWall01Snow,0006C0B8,Architecture\Solitude\SPatioWall01.nif
NorExtWallBg1WayCurve01snow,0006C0E9,Dungeons\Nordic\Exterior\Walls\NorExtWallBg1WayCurve01.nif
RockCliff08RiverBottom01,0006C1E5,Landscape\Rocks\RockCliff08.nif
NorExtWallBgStairsSingle01Snow,0006C7B5,Dungeons\Nordic\Exterior\Walls\NorExtWallBgStairsSingle01.nif
SMdAtoMdB03,0006C8AB,Architecture\Solitude\Interiors\SMdAtoMdB03.nif
SMDAFloSol05,0006C905,Architecture\Solitude\Interiors\SMDAFloSol05.nif
SLgCBalSol01,0006C90A,Architecture\Solitude\Interiors\SLgCBalSol01.nif
SLgCColCap01,0006C90D,Architecture\Solitude\Interiors\SLgCColCap01.nif
SLGCCeiCap01,0006C914,Architecture\Solitude\Interiors\SLGCCeiCap01.nif
SLgCWalSol03,0006C954,Architecture\Solitude\Interiors\SLgCWalSol03.nif
SLgCColSol04,0006C958,Architecture\Solitude\Interiors\SLgCColSol04.nif
SMDACeiCon01,0006C96A,Architecture\Solitude\Interiors\SMDACeiCon01.nif
SMDACeiCon02,0006C96B,Architecture\Solitude\Interiors\SMDACeiCon02.nif
SMdCWallInt02,0006CD0B,Architecture\Solitude\Interiors\SMdCWallInt02.nif
NorExtWallBgStairsSingle01HeavySnow,0006CD3F,Dungeons\Nordic\Exterior\Walls\NorExtWallBgStairsSingle01.nif
CaveGECorner01cSnow,0006CD5E,Dungeons\Caves\Green\Epic\CaveGECorner01c.nif
CaveGCliffsCornerOut01NSsnow,0006CD6F,Dungeons\Caves\Green\Cliffs\CaveGCliffsCornerOut01NS.nif
CaveGEWall01snow,0006CD73,Dungeons\Caves\Green\Epic\CaveGEWall01.nif
CaveGCliffs03NSice,0006CD74,Dungeons\Caves\Green\Cliffs\CaveGCliffs03NS.nif
CaveGCliffs01ice,0006CD75,Dungeons\Caves\Green\Cliffs\CaveGCliffs01.nif
SwordFernCluster03snow,0006CD7C,Landscape\Plants\SwordFernCluster03.nif
CaveGWallDoor01ice,0006CD85,Dungeons\Caves\Green\SmallWall\CaveGWallDoor01.nif
CaveGLPillar01ice,0006CDA1,Dungeons\Caves\Green\Pillars\CaveGLPillar01.nif
CaveGEPillar06ice,0006CDA2,Dungeons\Caves\Green\Pillars\CaveGEPillar06.nif
CaveGEDoor03ice,0006CDA3,Dungeons\Caves\Green\Epic\CaveGEDoor03.nif
CaveGEWall02ice,0006CDA4,Dungeons\Caves\Green\Epic\CaveGEWall02.nif
CaveGEWallStraight01ice,0006CDA5,Dungeons\Caves\Green\EpicWall\CaveGEWallStraight01.nif
CaveGEPillar03ice,0006CDA6,Dungeons\Caves\Green\Pillars\CaveGEPillar03.nif
SLGCStaSpiral01,0006CDA7,Architecture\Solitude\Interiors\SLGCStaSpiral01.nif
CaveGEPillar05ice,0006CDB5,Dungeons\Caves\Green\Pillars\CaveGEPillar05.nif
CaveGEWallCorner02ice,0006CDBF,Dungeons\Caves\Green\EpicWall\CaveGEWallCorner02.nif
CaveGLWallStraight02ice,0006CDC3,Dungeons\Caves\Green\LargeWall\CaveGLWallStraight02.nif
CaveGEWall01ice,0006CDC7,Dungeons\Caves\Green\Epic\CaveGEWall01.nif
SLGCCeiCap02,0006CDC8,Architecture\Solitude\Interiors\SLGCCeiCap02.nif
RoadStraight01ice,0006CDC9,Landscape\Roads\RoadStraight01.nif
RoadStraightLongRamp01ice,0006CDEC,Landscape\Roads\RoadStraightLongRamp01.nif
CaveGLWallStraight01ice,0006CDFB,Dungeons\Caves\Green\LargeWall\CaveGLWallStraight01.nif
RoadCurveLong45R01ice,0006CE01,Landscape\Roads\RoadCurveLong45R01.nif
RoadChunkM01ice,0006CE05,Landscape\Roads\RoadChunkM01.nif
RoadChunkS03ice,0006CE0A,Landscape\Roads\RoadChunkS03.nif
RoadChunkM04ice,0006CE16,Landscape\Roads\RoadChunkM04.nif
SLGCDome01,0006CE42,Architecture\Solitude\Interiors\SLGCDome01.nif
DweRubbleColumn02snow,0006CFB9,Dungeons\Dwemer\Rubble\DweRubbleColumn02.nif
DweClutterTrough01snow,0006CFBA,Dungeons\Dwemer\Clutter\DweClutterTrough01.nif
CommonShelf04OpenSnow,0006CFC8,Clutter\Common\CommonShelf04Open.nif
CommonBench01STATICsnow,0006CFC9,Furniture\Common\CommonBench01.nif
CommonTableSquare01snow,0006CFCA,Clutter\Common\CommonTableSquare01.nif
CommonChair01StaticSnow,0006CFCB,Furniture\Common\CommonChair01.nif
NorRubblePiece02snow,0006CFCD,Dungeons\Nordic\Rubble\NorRubblePiece02.nif
NorRubblePiece03snow,0006CFCE,Dungeons\Nordic\Rubble\NorRubblePiece03.nif
MrkHousingSide01,0006D2DC,Architecture\Markarth\MrkHousingSide01.nif
MrkHousingSide02,0006D2DD,Architecture\Markarth\MrkHousingSide02.nif
MrkWizardsTower01,0006D2E1,Architecture\Markarth\MrkWizardsTower01.nif
MrkMines01,0006D2E7,Architecture\Markarth\MrkMines01.nif
MrkApoth01,0006D2E9,Architecture\Markarth\MrkApoth01.nif
GiantCampfire01OffVolcanicTundraGravel01,0006D309,Clutter\Giant\GiantCampfire01Off.nif
SkyHavenPuzzlePillarBase01,0006D391,Architecture\SkyHavenTemple\Pillar\SkyHavenPuzzlePillarBase01.nif
MountainTrim03ReachMoss01,0006D537,Landscape\Mountains\MountainTrim03.nif
SawHorse01,0006D611,Clutter\Common\SawHorse01.nif
SawHorseCuttingWood,0006D613,Clutter\Common\SawHorseCuttingWood01.nif
MrkVendorSq01,0006D620,Architecture\Markarth\MrkVendorSq01.nif
SLgCCeiSol02,0006D660,Architecture\Solitude\Interiors\SLgCCeiSol02.nif
SLgCCeiSol03,0006D68D,Architecture\Solitude\Interiors\SLgCCeiSol03.nif
SMdCtoEDor01,0006D68E,Architecture\Solitude\Interiors\SMdCtoEDor01.nif
SMdEStaSol03,0006D68F,Architecture\Solitude\Interiors\SMdEStaSol03.nif
SMdETraCon07,0006D691,Architecture\Solitude\Interiors\SMdETraCon07.nif
SMdCWinSol04,0006D724,Architecture\Solitude\Interiors\SMdCWinSol04.nif
SLgCWalWin02,0006D728,Architecture\Solitude\Interiors\SLgCWalWin02.nif
SLgCCeiSol04,0006D72D,Architecture\Solitude\Interiors\SLgCCeiSol04.nif
SLgCWalSol01,0006D75B,Architecture\Solitude\Interiors\SLgCWalSol01.nif
SMdEStaSol04,0006D75F,Architecture\Solitude\Interiors\SMdEStaSol04.nif
SLGCTraCon03,0006D7BF,Architecture\Solitude\Interiors\SLGCTraCon03.nif
SLgCCeiWin01,0006D7CF,Architecture\Solitude\Interiors\SLgCCeiWin01.nif
SLGCCeiCap03,0006D7D7,Architecture\Solitude\Interiors\SLGCCeiCap03.nif
SLGCCeiCap04,0006D7DB,Architecture\Solitude\Interiors\SLGCCeiCap04.nif
SMDAFloCon04,0006D81A,Architecture\Solitude\Interiors\SMDAFloCon04.nif
SLgCtoEDor01,0006D83A,Architecture\Solitude\Interiors\SLgCtoEDor01.nif
SLGCTraArch01,0006D884,Architecture\Solitude\Interiors\SLGCTraArch01.nif
SMdBWalSol03,0006D8ED,Architecture\Solitude\Interiors\SMdBWalSol03.nif
SMdCWallInt03,0006D906,Architecture\Solitude\Interiors\SMdCWallInt03.nif
SMDCFloSol01,0006D907,Architecture\Solitude\Interiors\SMDCFloSol01.nif
SkyHavenTorchPillar01,0006DA93,Architecture\SkyHavenTemple\Clutter\SkyHavenTorchPillar01.nif
DweRmSmWall01Shelf01,0006DBD3,Dungeons\Dwemer\SmRooms\DweRmSmWall01Shelf01.nif
DweRmSmWall01Shelf02,0006DBDF,Dungeons\Dwemer\SmRooms\DweRmSmWall01Shelf02.nif
DweClutterBowlShape02,0006DBE5,Dungeons\Dwemer\Clutter\DweClutterBowlShape02.nif
DweTempleCustomRm01,0006DD04,Dungeons\Dwemer\Clutter\DweTempleCustomRm01.nif
DweFacadeBalcony01Snow,0006DD56,Dungeons\Dwemer\Facades\DweFacadeBalcony01.nif
DweFacadeBalconyCap01Snow,0006DD57,Dungeons\Dwemer\Facades\DweFacadeBalconyCap01.nif
DweFacadeBalconyMid01Snow,0006DD58,Dungeons\Dwemer\Facades\DweFacadeBalconyMid01.nif
DweFacadeBridge01Snow,0006DD59,Dungeons\Dwemer\Facades\DweFacadeBridge01.nif
DweFacadeBridgeCurve01Snow,0006DD5A,Dungeons\Dwemer\Facades\DweFacadeBridgeCurve01.nif
DweFacadeBridgeCurve02Snow,0006DD5B,Dungeons\Dwemer\Facades\DweFacadeBridgeCurve02.nif
DweFacadeBridgeCurve03Snow,0006DD5C,Dungeons\Dwemer\Facades\DweFacadeBridgeCurve03.nif
DweFacadeBridgeRampCCW01Snow,0006DD5D,Dungeons\Dwemer\Facades\DweFacadeBridgeRampCCW01.nif
DweFacadeBridgeRampCW01Snow,0006DD5E,Dungeons\Dwemer\Facades\DweFacadeBridgeRampCW01.nif
DweFacadePartition01Snow,0006DD5F,Dungeons\Dwemer\Facades\DweFacadePartition01.nif
DweFacadePartitionRoof01Snow,0006DD61,Dungeons\Dwemer\Facades\DweFacadePartitionRoof01.nif
DweFacadePartitionRoofMid01Snow,0006DD62,Dungeons\Dwemer\Facades\DweFacadePartitionRoofMid01.nif
DweFacadeTower01Snow,0006DD63,Dungeons\Dwemer\Facades\DweFacadeTower01.nif
DweFacadeTower02Snow,0006DD64,Dungeons\Dwemer\Facades\DweFacadeTower02.nif
DweFacadeTower03Snow,0006DD65,Dungeons\Dwemer\Facades\DweFacadeTower03.nif
DweFacadeTowerArch01Snow,0006DD66,Dungeons\Dwemer\Facades\DweFacadeTowerArch01.nif
DweFacadeTowerRoof01Snow,0006DD67,Dungeons\Dwemer\Facades\DweFacadeTowerRoof01.nif
DweFacadeTowerRoof02Snow,0006DD68,Dungeons\Dwemer\Facades\DweFacadeTowerRoof02.nif
DweFacadeTowerSpacer01Snow,0006DD69,Dungeons\Dwemer\Facades\DweFacadeTowerSpacer01.nif
MountainCliffSlope_LightSN,0006E03F,Landscape\Mountains\MountainCliffSlope.nif
MountainCliffSlopePineForest01,0006E043,Landscape\Mountains\MountainCliffSlope.nif
MountainCliffSlopeFieldGrass01,0006E06B,Landscape\Mountains\MountainCliffSlope.nif
MountainTrim01FieldGrass01,0006E081,Landscape\Mountains\MountainTrim01.nif
RockCliff05FieldGrass01,0006E0AD,Landscape\Rocks\RockCliff05.nif
NobleChair02Static,0006E0C0,Furniture\Noble\NobleChair02.nif
DirtCliffsCornerOut01FieldGrass01,0006E0DD,Landscape\DirtCliffs\DirtCliffsCornerOut01.nif
MountainCliffSlopeTundra01,0006E0ED,Landscape\Mountains\MountainCliffSlope.nif
TundraStreamEnd01FieldGrass01,0006E0FE,Landscape\Tundra\TundraStreamEnd01.nif
MountainTrim02FieldGrass01,0006E10B,Landscape\Mountains\MountainTrim02.nif
MountainCliffSlopeRocks01,0006E129,Landscape\Mountains\MountainCliffSlope.nif
MountainTrim01Tundra01,0006E17B,Landscape\Mountains\MountainTrim01.nif
RockCliff07Tundra01,0006E18A,Landscape\Rocks\RockCliff07.nif
MountainCliffSlopeTundraRocks01,0006E1AF,Landscape\Mountains\MountainCliffSlope.nif
MountainCliff04_SparseSN,0006E1E9,Landscape\Mountains\MountainCliff04.nif
MountainTrim01SnowRocks01_LightSN,0006E1EC,Landscape\Mountains\MountainTrim01.nif
MountainCliffSlopeSnowRocks01,0006E1ED,Landscape\Mountains\MountainCliffSlope.nif
TrapDweBallistaBase01,0006E7A2,Traps\BowTrap\BowTrapBase01.nif
SMdCColCor01,0006E83A,Architecture\Solitude\Interiors\SMdCColCor01.nif
SMdCColCor02,0006E83C,Architecture\Solitude\Interiors\SMdCColCor02.nif
SMdCColCor03,0006E83D,Architecture\Solitude\Interiors\SMdCColCor03.nif
SMdCColEnd01,0006E83E,Architecture\Solitude\Interiors\SMdCColEnd01.nif
SMDCFloCon02,0006E84F,Architecture\Solitude\Interiors\SMDCFloCon02.nif
SMdCtoEDor02,0006E856,Architecture\Solitude\Interiors\SMdCtoEDor02.nif
SMdCWinSol05,0006E8F7,Architecture\Solitude\Interiors\SMdCWinSol05.nif
SMdAtoMdC01,0006E933,Architecture\Solitude\Interiors\SMdAtoMdC01.nif
SMdATraCon02,0006E95B,Architecture\Solitude\Interiors\SMdATraCon02.nif
SMdAArchCap01,0006E95C,Architecture\Solitude\Interiors\SMdAArchCap01.nif
SMdAArchCon02,0006E95D,Architecture\Solitude\Interiors\SMdAArchCon02.nif
WRWallRuinsFree01Entance01,0006E9F2,Architecture\WhiteRun\WRCityWalls\WRWallRuinsFree01Entance01.nif
WRWallWaterGrate01,0006EA6D,Architecture\WhiteRun\WRCityWalls\WRWallWaterGrate01.nif
WRFence4Way01,0006EAA6,Architecture\WhiteRun\WRFarmFence\WRFence4Way01.nif
WRFence64Ramp01,0006EAA7,Architecture\WhiteRun\WRFarmFence\WRFence64Ramp01.nif
WRFenceBase4Way01,0006EAA8,Architecture\WhiteRun\WRFarmFence\WRFenceBase4Way01.nif
WRFenceBase64Ramp01,0006EAA9,Architecture\WhiteRun\WRFarmFence\WRFenceBase64Ramp01.nif
WRFenceBaseCor01,0006EAAA,Architecture\WhiteRun\WRFarmFence\WRFenceBaseCor01.nif
WRFenceBaseStr01,0006EAAB,Architecture\WhiteRun\WRFarmFence\WRFenceBaseStr01.nif
WRFenceCor01,0006EAAC,Architecture\WhiteRun\WRFarmFence\WRFenceCor01.nif
WRFenceStr01,0006EAAD,Architecture\WhiteRun\WRFarmFence\WRFenceStr01.nif
WRFenceStrGate01,0006EAAE,Architecture\WhiteRun\WRFarmFence\WRFenceStrGate01.nif
WRFence64ShiftL01,0006EAB7,Architecture\WhiteRun\WRFarmFence\WRFence64ShiftL01.nif
WRFenceBase64ShiftR01,0006EAB8,Architecture\WhiteRun\WRFarmFence\WRFenceBase64ShiftR01.nif
WRFenceBaseEnd01,0006EAB9,Architecture\WhiteRun\WRFarmFence\WRFenceBaseEnd01.nif
WRFenceBase64ShiftL01,0006EABA,Architecture\WhiteRun\WRFarmFence\WRFenceBase64ShiftL01.nif
TreeAspenStump01,0006EBCD,Landscape\Trees\TreeAspenStump01.nif
RockCaveEntrance01Dirt01,0006EE87,Landscape\Rocks\RockCaveEntrance01.nif
NorPlatBgFloorRaised01sn_light,0006F05F,Dungeons\Nordic\Platforms\NorPlatBgFloorRaised01.nif
CaveGHall1Way128D01ice,0006F0B3,Dungeons\Caves\Green\SmallHall\CaveGHall1Way128D01.nif
CaveGRoomDoorB04ice,0006F0B4,Dungeons\Caves\Green\SmallRoom\CaveGRoomDoorB04.nif
CaveGRoomWall02cice,0006F0B5,Dungeons\Caves\Green\SmallRoom\CaveGRoomWall02c.nif
CaveGRoomInCorner03ice,0006F0B6,Dungeons\Caves\Green\SmallRoom\CaveGRoomInCorner03.nif
CaveGRoomInCorner02ice,0006F0B7,Dungeons\Caves\Green\SmallRoom\CaveGRoomInCorner02.nif
CaveGHall1Way128R01ice,0006F0B8,Dungeons\Caves\Green\SmallHall\CaveGHall1Way128R01.nif
CaveGHall2Way01ice,0006F0B9,Dungeons\Caves\Green\SmallHall\CaveGHall2Way01.nif
CaveGLHallDoor01ice,0006F0BA,Dungeons\Caves\Green\LargeHall\CaveGLHallDoor01.nif
CaveGLHall1Way01cice,0006F0BB,Dungeons\Caves\Green\LargeHall\CaveGLHall1Way01c.nif
CaveGRoomCorner04ice,0006F0BC,Dungeons\Caves\Green\SmallRoom\CaveGRoomCorner04.nif
CaveGRoomWall04ice,0006F0BD,Dungeons\Caves\Green\SmallRoom\CaveGRoomWall04.nif
CaveGRoomCorner03ice,0006F0BE,Dungeons\Caves\Green\SmallRoom\CaveGRoomCorner03.nif
CaveGRoomWall02ice,0006F0BF,Dungeons\Caves\Green\SmallRoom\CaveGRoomWall02.nif
CaveGLRoomDoorB02ice,0006F0C0,Dungeons\Caves\Green\LargeRoom\CaveGLRoomDoorB02.nif
CaveGWallDoorB01ice,0006F0C5,Dungeons\Caves\Green\SmallWall\CaveGWallDoorB01.nif
CaveGLHall1Way01ice,0006F0C6,Dungeons\Caves\Green\LargeHall\CaveGLHall1Way01.nif
CaveGLHallRamp01ice,0006F0C7,Dungeons\Caves\Green\LargeHall\CaveGLHallRamp01.nif
CaveGHallRamp01ice,0006F0C8,Dungeons\Caves\Green\SmallHall\CaveGHallRamp01.nif
CaveGHall2Way02ice,0006F0C9,Dungeons\Caves\Green\SmallHall\CaveGHall2Way02.nif
CaveGHall1Way128U01ice,0006F0CA,Dungeons\Caves\Green\SmallHall\CaveGHall1Way128U01.nif
CaveGLPillar03ice,0006F0CB,Dungeons\Caves\Green\Pillars\CaveGLPillar03.nif
CaveGLPillar06ice,0006F0CC,Dungeons\Caves\Green\Pillars\CaveGLPillar06.nif
CaveGLHall3Way02ice,0006F0CF,Dungeons\Caves\Green\LargeHall\CaveGLHall3Way02.nif
CaveGLHallDeadEnd02cIce,0006F108,Dungeons\Caves\Green\LargeHall\CaveGLHallDeadEnd02c.nif
CaveGLHall1Way128L01ice,0006F10C,Dungeons\Caves\Green\LargeHall\CaveGLHall1Way128L01.nif
CaveGLHall1Way128U01ice,0006F110,Dungeons\Caves\Green\LargeHall\CaveGLHall1Way128U01.nif
CaveGWallStraight01ice,0006F111,Dungeons\Caves\Green\SmallWall\CaveGWallStraight01.nif
CaveGLRoomDoorL03ice,0006F112,Dungeons\Caves\Green\LargeRoom\CaveGLRoomDoorL03.nif
CaveGLPillar02ice,0006F118,Dungeons\Caves\Green\Pillars\CaveGLPillar02.nif
CaveGLRoomDoorL01ice,0006F119,Dungeons\Caves\Green\LargeRoom\CaveGLRoomDoorL01.nif
CaveGLPillar05ice,0006F11A,Dungeons\Caves\Green\Pillars\CaveGLPillar05.nif
CaveGWallStraight02ice,0006F11B,Dungeons\Caves\Green\SmallWall\CaveGWallStraight02.nif
CaveGHall1Way64R01ice,0006F11C,Dungeons\Caves\Green\SmallHall\CaveGHall1Way64R01.nif
CaveGHall1Way64Short01ice,0006F11D,Dungeons\Caves\Green\SmallHall\CaveGHall1Way64Short01.nif
RoadChunkL01ice,0006F135,Landscape\Roads\RoadChunkL01.nif
RoadChunkL02ice,0006F136,Landscape\Roads\RoadChunkL02.nif
RoadStraightLong01ice,0006F137,Landscape\Roads\RoadStraightLong01.nif
RoadChunkM02ice,0006F138,Landscape\Roads\RoadChunkM02.nif
RoadChunkM03ice,0006F139,Landscape\Roads\RoadChunkM03.nif
CaveGHall1Way03cIce,0006F13A,Dungeons\Caves\Green\SmallHall\CaveGHall1Way03c.nif
Farmhouse04Snow,0006F14C,Architecture\Farmhouse\Farmhouse04.nif
Farmhouse03Snow,0006F15A,Architecture\Farmhouse\Farmhouse03.nif
Stonewall02Snow,0006F15B,Architecture\Farmhouse\Stonewall\Stonewall02.NIF
StonewallEndR01Snow,0006F15C,Architecture\Farmhouse\Stonewall\StonewallEndR01.NIF
StonewallEndL01Snow,0006F15D,Architecture\Farmhouse\Stonewall\StonewallEndL01.NIF
StonewallLong01Snow,0006F15E,Architecture\Farmhouse\Stonewall\StonewallLong01.NIF
Stonewall01Snow,0006F15F,Architecture\Farmhouse\Stonewall\Stonewall01.NIF
StockadeFreeWall02,0006F269,Clutter\Stockade\StockadeFreeWall02.nif
StockadeFreeWall03,0006F26A,Clutter\Stockade\StockadeFreeWall03.nif
StockadeFreeWall04,0006F26B,Clutter\Stockade\StockadeFreeWall04.nif
StockadeFreewallBeam01,0006F26C,Clutter\Stockade\StockadeFreewallBeam01.nif
StockadeFreeWall01,0006F26D,Clutter\Stockade\StockadeFreeWall01.nif
MountainTrimSlab,0006F273,Landscape\Mountains\MountainTrimSlab.nif
MountainTrimSlab_HeavySN,0006F274,Landscape\Mountains\MountainTrimSlab.nif
MountainTrimSlab_LightSN,0006F275,Landscape\Mountains\MountainTrimSlab.nif
ShipStairs01,0006F705,Dungeons\Ship\Clutter\ShipStairs01.nif
CaveILRoomDoorFB02,0006F707,Dungeons\Caves\Ice\LargeRoom\CaveILRoomDoorFB02.nif
CaveILRoomDoorF03,0006F708,Dungeons\Caves\Ice\LargeRoom\CaveILRoomDoorF03.nif
CaveILRoomDoorFB01,0006F709,Dungeons\Caves\Ice\LargeRoom\CaveILRoomDoorFB01.nif
CaveILRoomDoorFB04,0006F70A,Dungeons\Caves\Ice\LargeRoom\CaveILRoomDoorFB04.nif
CaveILRoomDoorF01,0006F70B,Dungeons\Caves\Ice\LargeRoom\CaveILRoomDoorF01.nif
CaveILRoomDoorF02,0006F70C,Dungeons\Caves\Ice\LargeRoom\CaveILRoomDoorF02.nif
CaveILRoomDoorFB03,0006F70D,Dungeons\Caves\Ice\LargeRoom\CaveILRoomDoorFB03.nif
CaveILRoomDoorF04,0006F70E,Dungeons\Caves\Ice\LargeRoom\CaveILRoomDoorF04.nif
CaveIBoulderM03,0006F710,Dungeons\Caves\Ice\Rocks\CaveIBoulderM03.nif
CaveIBoulderM04,0006F711,Dungeons\Caves\Ice\Rocks\CaveIBoulderM04.nif
CaveIBoulderPileS01,0006F712,Dungeons\Caves\Ice\Rocks\CaveIBoulderPileS01.nif
CaveIBoulderPileS02,0006F713,Dungeons\Caves\Ice\Rocks\CaveIBoulderPileS02.nif
CaveIBoulderS01,0006F714,Dungeons\Caves\Ice\Rocks\CaveIBoulderS01.nif
CaveIBoulderS02,0006F715,Dungeons\Caves\Ice\Rocks\CaveIBoulderS02.nif
CaveIBoulderS03,0006F716,Dungeons\Caves\Ice\Rocks\CaveIBoulderS03.nif
CaveIBoulderL01,0006F717,Dungeons\Caves\Ice\Rocks\CaveIBoulderL01.nif
CaveIBoulderL02,0006F718,Dungeons\Caves\Ice\Rocks\CaveIBoulderL02.nif
CaveIBoulderL03,0006F719,Dungeons\Caves\Ice\Rocks\CaveIBoulderL03.nif
CaveIBoulderL04,0006F71A,Dungeons\Caves\Ice\Rocks\CaveIBoulderL04.nif
CaveIBoulderL05,0006F71B,Dungeons\Caves\Ice\Rocks\CaveIBoulderL05.nif
CaveIBoulderM01,0006F71C,Dungeons\Caves\Ice\Rocks\CaveIBoulderM01.nif
CaveIBoulderM02,0006F71D,Dungeons\Caves\Ice\Rocks\CaveIBoulderM02.nif
CaveICliffsCornerIn01,0006F71F,Dungeons\Caves\Ice\Cliffs\CaveICliffsCornerIn01.nif
CaveICliffsCornerIn01NS,0006F720,Dungeons\Caves\Ice\Cliffs\CaveICliffsCornerIn01NS.nif
CaveICliffsCornerOut01,0006F721,Dungeons\Caves\Ice\Cliffs\CaveICliffsCornerOut01.nif
CaveICliffsCornerOut01NS,0006F722,Dungeons\Caves\Ice\Cliffs\CaveICliffsCornerOut01NS.nif
CaveICliffsIsland01,0006F723,Dungeons\Caves\Ice\Cliffs\CaveICliffsIsland01.nif
CaveICliffsIsland01NS,0006F724,Dungeons\Caves\Ice\Cliffs\CaveICliffsIsland01NS.nif
CaveICliffs01,0006F725,Dungeons\Caves\Ice\Cliffs\CaveICliffs01.nif
CaveICliffs02,0006F726,Dungeons\Caves\Ice\Cliffs\CaveICliffs02.nif
CaveICliffs03,0006F727,Dungeons\Caves\Ice\Cliffs\CaveICliffs03.nif
CaveICliffs03NS,0006F728,Dungeons\Caves\Ice\Cliffs\CaveICliffs03NS.nif
ImpExtTowerShort01,0006F729,Dungeons\Imperial\Exterior\ImpExtTowerShort01.nif
ImpExtIceBldgSecondICorner04,0006F72B,Dungeons\Imperial\ExteriorIce\ImpExtIceBldgSecondICorner04.nif
ImpExtIceBldgSecondStraight01,0006F72C,Dungeons\Imperial\ExteriorIce\ImpExtIceBldgSecondStraight01.nif
ImpExtIceBldgSecondStraight02,0006F72D,Dungeons\Imperial\ExteriorIce\ImpExtIceBldgSecondStraight02.nif
ImpExtIceBldgSecondStraight03,0006F72E,Dungeons\Imperial\ExteriorIce\ImpExtIceBldgSecondStraight03.nif
ImpExtIceBldgSecondStraight04,0006F72F,Dungeons\Imperial\ExteriorIce\ImpExtIceBldgSecondStraight04.nif
ImpExtIceBldgStraight01,0006F730,Dungeons\Imperial\ExteriorIce\ImpExtIceBldgStraight01.nif
ImpExtIceBldgStraight02,0006F731,Dungeons\Imperial\ExteriorIce\ImpExtIceBldgStraight02.nif
ImpExtIceBldgStraight03,0006F732,Dungeons\Imperial\ExteriorIce\ImpExtIceBldgStraight03.nif
ImpExtIceBldgStraight04,0006F733,Dungeons\Imperial\ExteriorIce\ImpExtIceBldgStraight04.nif
ImpExtIceBlocks01,0006F734,Dungeons\Imperial\ExteriorIce\ImpExtIceBlocks01.nif
ImpExtIceBlocks02,0006F735,Dungeons\Imperial\ExteriorIce\ImpExtIceBlocks02.nif
ImpExtIceBlocks03,0006F736,Dungeons\Imperial\ExteriorIce\ImpExtIceBlocks03.nif
ImpExtIceBlocks04,0006F737,Dungeons\Imperial\ExteriorIce\ImpExtIceBlocks04.nif
ImpExtIceBlocks05,0006F738,Dungeons\Imperial\ExteriorIce\ImpExtIceBlocks05.nif
ImpExtIceBlocks06,0006F739,Dungeons\Imperial\ExteriorIce\ImpExtIceBlocks06.nif
ImpExtIceBridge01,0006F73A,Dungeons\Imperial\ExteriorIce\ImpExtIceBridge01.nif
ImpExtIceDoorhole01,0006F73B,Dungeons\Imperial\ExteriorIce\ImpExtIceDoorhole01.nif
ImpExtIceFloorChunk01,0006F73C,Dungeons\Imperial\ExteriorIce\ImpExtIceFloorChunk01.nif
ImpExtIceFloorChunk02,0006F73D,Dungeons\Imperial\ExteriorIce\ImpExtIceFloorChunk02.nif
ImpExtIceRubble01,0006F73E,Dungeons\Imperial\ExteriorIce\ImpExtIceRubble01.nif
ImpExtIceRubble02,0006F73F,Dungeons\Imperial\ExteriorIce\ImpExtIceRubble02.nif
ImpExtIceRubble03,0006F740,Dungeons\Imperial\ExteriorIce\ImpExtIceRubble03.nif
ImpExtIceRubble04,0006F741,Dungeons\Imperial\ExteriorIce\ImpExtIceRubble04.nif
ImpExtIceRubble05,0006F742,Dungeons\Imperial\ExteriorIce\ImpExtIceRubble05.nif
ImpExtIceRubble06,0006F743,Dungeons\Imperial\ExteriorIce\ImpExtIceRubble06.nif
ImpExtIceStairs01,0006F744,Dungeons\Imperial\ExteriorIce\ImpExtIceStairs01.nif
ImpExtIceStairs02,0006F745,Dungeons\Imperial\ExteriorIce\ImpExtIceStairs02.nif
ImpExtIceSupport01,0006F746,Dungeons\Imperial\ExteriorIce\ImpExtIceSupport01.nif
ImpExtIceTower01,0006F747,Dungeons\Imperial\ExteriorIce\ImpExtIceTower01.nif
ImpExtIceTower02,0006F748,Dungeons\Imperial\ExteriorIce\ImpExtIceTower02.nif
ImpExtIceTower03,0006F749,Dungeons\Imperial\ExteriorIce\ImpExtIceTower03.nif
ImpExtIceTowerShellBase01,0006F74A,Dungeons\Imperial\ExteriorIce\ImpExtIceTowerShellBase01.nif
ImpExtIceTowerShellDoor01,0006F74B,Dungeons\Imperial\ExteriorIce\ImpExtIceTowerShellDoor01.nif
ImpExtIceTowerShellDoor02,0006F74C,Dungeons\Imperial\ExteriorIce\ImpExtIceTowerShellDoor02.nif
ImpExtIceTowerShellDoor03,0006F74D,Dungeons\Imperial\ExteriorIce\ImpExtIceTowerShellDoor03.nif
ImpExtIceTowerShellDoor04,0006F74E,Dungeons\Imperial\ExteriorIce\ImpExtIceTowerShellDoor04.nif
ImpExtIceTowerShellFloor2nd01,0006F74F,Dungeons\Imperial\ExteriorIce\ImpExtIceTowerShellFloor2nd01.nif
ImpExtIceTowerShellStairs01,0006F750,Dungeons\Imperial\ExteriorIce\ImpExtIceTowerShellStairs01.nif
ImpExtIceTowerShellTop01,0006F751,Dungeons\Imperial\ExteriorIce\ImpExtIceTowerShellTop01.nif
ImpExtIceTowerShellWall01,0006F752,Dungeons\Imperial\ExteriorIce\ImpExtIceTowerShellWall01.nif
ImpExtIceTowerShellWall02,0006F753,Dungeons\Imperial\ExteriorIce\ImpExtIceTowerShellWall02.nif
ImpExtIceTowerShellWall03,0006F754,Dungeons\Imperial\ExteriorIce\ImpExtIceTowerShellWall03.nif
ImpExtIceTowerShellWall04,0006F755,Dungeons\Imperial\ExteriorIce\ImpExtIceTowerShellWall04.nif
ImpExtIceTowerShort01,0006F756,Dungeons\Imperial\ExteriorIce\ImpExtIceTowerShort01.nif
ImpExtIceWall01,0006F757,Dungeons\Imperial\ExteriorIce\ImpExtIceWall01.nif
ImpExtIceWall02,0006F758,Dungeons\Imperial\ExteriorIce\ImpExtIceWall02.nif
ImpExtIceWall03,0006F759,Dungeons\Imperial\ExteriorIce\ImpExtIceWall03.nif
ImpExtIceWall04,0006F75A,Dungeons\Imperial\ExteriorIce\ImpExtIceWall04.nif
ImpExtIceWall05,0006F75B,Dungeons\Imperial\ExteriorIce\ImpExtIceWall05.nif
ImpExtIceWallDivider01,0006F75C,Dungeons\Imperial\ExteriorIce\ImpExtIceWallDivider01.nif
ImpExtIceWallGate01,0006F75D,Dungeons\Imperial\ExteriorIce\ImpExtIceWallGate01.nif
ImpExtIceWindow01,0006F75E,Dungeons\Imperial\ExteriorIce\ImpExtIceWindow01Dark.nif
ImpExtIceArchSupport01,0006F75F,Dungeons\Imperial\ExteriorIce\ImpExtIceArchSupport01.nif
ImpExtIceBldgCorner01,0006F760,Dungeons\Imperial\ExteriorIce\ImpExtIceBldgCorner01.nif
ImpExtIceBldgCorner02,0006F761,Dungeons\Imperial\ExteriorIce\ImpExtIceBldgCorner02.nif
ImpExtIceBldgCorner03,0006F762,Dungeons\Imperial\ExteriorIce\ImpExtIceBldgCorner03.nif
ImpExtIceBldgCorner04,0006F763,Dungeons\Imperial\ExteriorIce\ImpExtIceBldgCorner04.nif
ImpExtIceBldgICorner01,0006F764,Dungeons\Imperial\ExteriorIce\ImpExtIceBldgICorner01.nif
ImpExtIceBldgICorner02,0006F765,Dungeons\Imperial\ExteriorIce\ImpExtIceBldgICorner02.nif
ImpExtIceBldgICorner03,0006F766,Dungeons\Imperial\ExteriorIce\ImpExtIceBldgICorner03.nif
ImpExtIceBldgICorner04,0006F767,Dungeons\Imperial\ExteriorIce\ImpExtIceBldgICorner04.nif
ImpExtIceBldgMid01,0006F768,Dungeons\Imperial\ExteriorIce\ImpExtIceBldgMid01.nif
ImpExtIceBldgMid02,0006F769,Dungeons\Imperial\ExteriorIce\ImpExtIceBldgMid02.nif
ImpExtIceBldgMid03,0006F76A,Dungeons\Imperial\ExteriorIce\ImpExtIceBldgMid03.nif
ImpExtIceBldgSecondCorner01,0006F76B,Dungeons\Imperial\ExteriorIce\ImpExtIceBldgSecondCorner01.nif
ImpExtIceBldgSecondCorner02,0006F76C,Dungeons\Imperial\ExteriorIce\ImpExtIceBldgSecondCorner02.nif
ImpExtIceBldgSecondCorner03,0006F76D,Dungeons\Imperial\ExteriorIce\ImpExtIceBldgSecondCorner03.nif
ImpExtIceBldgSecondCorner04,0006F76E,Dungeons\Imperial\ExteriorIce\ImpExtIceBldgSecondCorner04.nif
ImpExtIceBldgSecondICorner01,0006F76F,Dungeons\Imperial\ExteriorIce\ImpExtIceBldgSecondICorner01.nif
ImpExtIceBldgSecondICorner02,0006F770,Dungeons\Imperial\ExteriorIce\ImpExtIceBldgSecondICorner02.nif
ImpExtIceBldgSecondICorner03,0006F771,Dungeons\Imperial\ExteriorIce\ImpExtIceBldgSecondICorner03.nif
RTTempleofMara01,0006FC25,Architecture\Riften\RTTempleofMara01.nif
RTTemplePlaza01,0006FC34,Architecture\Riften\RTTemplePlaza01.nif
ImpExtLighthouse01,00070BB4,Dungeons\Imperial\Exterior\ImpExtLighthouse01.nif
CivilWarMap01,00070BB9,Clutter\CivilWar\CivilWarMap01.nif
CivilWarTable01,00070BBC,Clutter\CivilWar\CivilWarTable01.nif
CivilWarMap02,00070BC2,Clutter\CivilWar\CivilWarMap02.nif
SBigPlanter01,00070D88,Architecture\Solitude\Clutter\SBigPlanter01.nif
TreeAspenLog01,00070E3E,Landscape\Trees\TreeAspenLog01.nif
MountainCliffSlopeReachGrass01,0007104C,Landscape\Mountains\MountainCliffSlope.nif
RockCliff01VolcanicDirt01,000713C2,Landscape\Rocks\RockCliff01.nif
VolcanicSteamPool01,000713C6,Landscape\Volcanic\VolcanicSteamPool01.nif
RoadStraightLong01FallForestDirt01,0007142B,Landscape\Roads\RoadStraightLong01.nif
ImpExtIceWell01,000715F9,Dungeons\Imperial\ClutterKits\ImpWell01.nif
Farmhouse01Snow,000715FA,Architecture\Farmhouse\Farmhouse01.NIF
ShackWallL02,00071813,Architecture\ShackKit\ShackWallL02.nif
ShackWallR02,00071814,Architecture\ShackKit\ShackWallR02.nif
ShackFrameBEnd01Snow,0007181F,Architecture\ShackKit\ShackFrameBEnd01.nif
ShackFrameLEnd01Snow,00071820,Architecture\ShackKit\ShackFrameLEnd01.nif
ShackFrameLEnd02Snow,00071821,Architecture\ShackKit\ShackFrameLEnd02.nif
ShackFrameLMid01Snow,00071822,Architecture\ShackKit\ShackFrameLMid01.nif
ShackFrameMEnd01Snow,00071823,Architecture\ShackKit\ShackFrameMEnd01.nif
ShackFrameMEnd02Snow,00071824,Architecture\ShackKit\ShackFrameMEnd02.nif
ShackFrameMMid01Snow,00071825,Architecture\ShackKit\ShackFrameMMid01.nif
ShackFrameREnd01Snow,00071826,Architecture\ShackKit\ShackFrameREnd01.nif
ShackFrameREnd02Snow,00071827,Architecture\ShackKit\ShackFrameREnd02.nif
ShackFrameRMid01Snow,00071828,Architecture\ShackKit\ShackFrameRMid01.nif
ShackFrameTurnCorner01Snow,00071829,Architecture\ShackKit\ShackFrameTurnCorner01.nif
ShackFrameTurnCorner02Snow,0007182A,Architecture\ShackKit\ShackFrameTurnCorner02.nif
ShackFrameTurnMid01Snow,0007182B,Architecture\ShackKit\ShackFrameTurnMid01.nif
ShackRoofCorner01Snow,0007182C,Architecture\ShackKit\ShackRoofCorner01.nif
ShackRoofCorner02Snow,0007182D,Architecture\ShackKit\ShackRoofCorner02.nif
ShackRoofMid01Snow,0007182E,Architecture\ShackKit\ShackRoofMid01.nif
ShackRoofMid02Snow,0007182F,Architecture\ShackKit\ShackRoofMid02.nif
ShackRoofMid03Snow,00071830,Architecture\ShackKit\ShackRoofMid03.nif
ShackRoofMid04Snow,00071831,Architecture\ShackKit\ShackRoofMid04.nif
ShackRoofMid05Snow,00071832,Architecture\ShackKit\ShackRoofMid05.nif
ShackRoofSide01Snow,00071833,Architecture\ShackKit\ShackRoofSide01.nif
ShackRoofSide02Snow,00071834,Architecture\ShackKit\ShackRoofSide02.nif
ShackRoofSide03Snow,00071835,Architecture\ShackKit\ShackRoofSide03.nif
ShackRoofSide04Snow,00071836,Architecture\ShackKit\ShackRoofSide04.nif
ShackWall01Snow,00071837,Architecture\ShackKit\ShackWall01.nif
ShackWall02Snow,00071838,Architecture\ShackKit\ShackWall02.nif
ShackWall03Snow,00071839,Architecture\ShackKit\ShackWall03.nif
ShackWall04Snow,0007183A,Architecture\ShackKit\ShackWall04.nif
ShackWall05Snow,0007183B,Architecture\ShackKit\ShackWall05.nif
ShackWallDoor01Snow,0007183C,Architecture\ShackKit\ShackWallDoor01.nif
ShackWallL01Snow,0007183D,Architecture\ShackKit\ShackWallL01.nif
ShackWallL02Snow,0007183E,Architecture\ShackKit\ShackWallL02.nif
ShackWallR01Snow,0007183F,Architecture\ShackKit\ShackWallR01.nif
ShackWallR02Snow,00071840,Architecture\ShackKit\ShackWallR02.nif
ShackWallTop01Snow,00071841,Architecture\ShackKit\ShackWallTop01.nif
ShackWallTopWindow01Snow,00071842,Architecture\ShackKit\ShackWallTopWindow01.nif
ShackWallWindow01Snow,00071843,Architecture\ShackKit\ShackWallWindow01.nif
ShackWallWindow02Snow,00071844,Architecture\ShackKit\ShackWallWindow02.nif
ImpStableDouble01Snow,00071847,Dungeons\Imperial\StableKit\ImpStableDouble01.nif
ImpStableDoubleEnd01Snow,00071848,Dungeons\Imperial\StableKit\ImpStableDoubleEnd01.nif
ImpStableDoubleEnd02Snow,00071849,Dungeons\Imperial\StableKit\ImpStableDoubleEnd02.nif
ImpStableEnd01Snow,0007184A,Dungeons\Imperial\StableKit\ImpStableEnd01.nif
ImpStableEnd02Snow,0007184B,Dungeons\Imperial\StableKit\ImpStableEnd02.nif
ImpStableRoofPiece01Snow,0007184C,Dungeons\Imperial\StableKit\ImpStableRoofPiece01.nif
ImpStableSingle01Snow,0007184D,Dungeons\Imperial\StableKit\ImpStableSingle01.nif
ImpTowerBase01Top,0007184E,Dungeons\Imperial\Tower\ImpTowerBase01Top.nif
ImpTowerBase01Bot,0007184F,Dungeons\Imperial\Tower\ImpTowerBase01Bot.nif
ImpTowerRing01,00071850,Dungeons\Imperial\Tower\ImpTowerRing01.nif
SLgShadowsWin01,00071E00,Architecture\Solitude\Interiors\SLgShadowsWin01.nif
SLgShadowsSol01,00071E01,Architecture\Solitude\Interiors\SLgShadowsSol01.nif
SLgShadowsSol02,00071E10,Architecture\Solitude\Interiors\SLgShadowsSol02.nif
SLgGWalSec01,00071FFF,Architecture\Solitude\Interiors\SLgGWalSec01.nif
SLgGWalThi01,00072000,Architecture\Solitude\Interiors\SLgGWalThi01.nif
SLgGColEnd01,00072001,Architecture\Solitude\Interiors\SLgGColEnd01.nif
SLgGColEnd02,00072002,Architecture\Solitude\Interiors\SLgGColEnd02.nif
SLgGTraCon01,00072003,Architecture\Solitude\Interiors\SLgGTraCon01.nif
SLgGCeiSol01,00072004,Architecture\Solitude\Interiors\SLgGCeiSol01.nif
SLgGColCeil01,00072005,Architecture\Solitude\Interiors\SLgGColCeil01.nif
SLgGColSec02,00072006,Architecture\Solitude\Interiors\SLgGColSec02.nif
SLgGColSol01,00072007,Architecture\Solitude\Interiors\SLgGColSol01.nif
SMdFFloSol03,00072165,Architecture\Solitude\Interiors\SMdFFloSol03.nif
SNineDivineShrine,00072178,Architecture\Solitude\Interiors\SNineDivineShrine.nif
SLgGWalSec02,00072184,Architecture\Solitude\Interiors\SLgGWalSec02.nif
SLgGTraCon02,00072186,Architecture\Solitude\Interiors\SLgGTraCon02.nif
SLgGCeiSol02,0007219B,Architecture\Solitude\Interiors\SLgGCeiSol02.nif
SLgGWalThi02,0007219C,Architecture\Solitude\Interiors\SLgGWalThi02.nif
SLgGWalSec03,0007219D,Architecture\Solitude\Interiors\SLgGWalSec03.nif
SLgGWalEndThi01,0007219E,Architecture\Solitude\Interiors\SLgGWalEndThi01.nif
SLgGColEnd03,0007219F,Architecture\Solitude\Interiors\SLgGColEnd03.nif
SLgGWalEndSec01,000721A0,Architecture\Solitude\Interiors\SLgGWalEndSec01.nif
SShrinelFir02,000722D6,Architecture\Solitude\Interiors\SShrinelFir02.nif
SLgGTraShrine01,000722D7,Architecture\Solitude\Interiors\SLgGTraShrine01.nif
SShrinelFir01,000722D8,Architecture\Solitude\Interiors\SShrinelFir01.nif
SShrinelRoof01,000722D9,Architecture\Solitude\Interiors\SShrinelRoof01.nif
SShrinelSec01,000722DA,Architecture\Solitude\Interiors\SShrinelSec01.nif
SShrinelSec02,000722DB,Architecture\Solitude\Interiors\SShrinelSec02.nif
SLgGTraShrine02,000722DC,Architecture\Solitude\Interiors\SLgGTraShrine02.nif
SShrinelRoof02,000722E2,Architecture\Solitude\Interiors\SShrinelRoof02.nif
SLgGTraShrine03,000722E3,Architecture\Solitude\Interiors\SLgGTraShrine03.nif
SShrineFloor,000722F9,Architecture\Solitude\Interiors\SShrineFloor.nif
NorSarcophagusTopSnow,00072606,Clutter\Ruins\RuinsSarcophagus_Top01.nif
NorSarcophagusBottomSnow,00072607,Clutter\Ruins\RuinsSarcophagus_Bottom01.nif
CaveGWallCorner01ice,000727E6,Dungeons\Caves\Green\SmallWall\CaveGWallCorner01.nif
CaveGCeiling01ice,000727E7,Dungeons\Caves\Green\LargeWall\CaveGCeiling01.nif
MountainTrim02Wet_CoastBeach,000732B5,Landscape\Mountains\MountainTrim02Wet.nif
ImpExtIceLighthouse01,000732E9,Dungeons\Imperial\ExteriorIce\ImpExtIceLighthouse01.nif
CaveIRWallDoorLR01,000732EA,Dungeons\Caves\Ice\RockWall\CaveIRWallDoorLR01.nif
CaveIRWallDoorLB03,000732EB,Dungeons\Caves\Ice\RockWall\CaveIRWallDoorLB03.nif
CaveIRHallDetwist02,000732EC,Dungeons\Caves\Ice\LargeHall\CaveIRHallDetwist02.nif
CaveIRHallDoor01,000732ED,Dungeons\Caves\Ice\LargeHall\CaveIRHallDoor01.nif
CaveIRHallDoor02,000732EE,Dungeons\Caves\Ice\LargeHall\CaveIRHallDoor02.nif
CaveIRHallDoorB01,000732EF,Dungeons\Caves\Ice\LargeHall\CaveIRHallDoorB01.nif
CaveIRHallDoorBB01,000732F0,Dungeons\Caves\Ice\LargeHall\CaveIRHallDoorBB01.nif
CaveIRHallDoorL01,000732F1,Dungeons\Caves\Ice\LargeHall\CaveIRHallDoorL01.nif
CaveIRHallDoorLB01,000732F2,Dungeons\Caves\Ice\LargeHall\CaveIRHallDoorLB01.nif
CaveIRHallDoorR01,000732F3,Dungeons\Caves\Ice\LargeHall\CaveIRHallDoorR01.nif
CaveIRHallDoorRB01,000732F4,Dungeons\Caves\Ice\LargeHall\CaveIRHallDoorRB01.nif
CaveIRHallRamp01,000732F5,Dungeons\Caves\Ice\LargeHall\CaveIRHallRamp01.nif
CaveIRHallRamp02,000732F6,Dungeons\Caves\Ice\LargeHall\CaveIRHallRamp02.nif
CaveIRHall1Way01,000732F7,Dungeons\Caves\Ice\LargeHall\CaveIRHall1Way01.nif
CaveIRHall1Way02,000732F8,Dungeons\Caves\Ice\LargeHall\CaveIRHall1Way02.nif
CaveIRHall1Way03,000732F9,Dungeons\Caves\Ice\LargeHall\CaveIRHall1Way03.nif
CaveIRHall1Way64D01,000732FA,Dungeons\Caves\Ice\LargeHall\CaveIRHall1Way64D01.nif
CaveIRHall1Way64L01,000732FB,Dungeons\Caves\Ice\LargeHall\CaveIRHall1Way64L01.nif
CaveIRHall1Way64R01,000732FC,Dungeons\Caves\Ice\LargeHall\CaveIRHall1Way64R01.nif
CaveIRHall1Way64Short01,000732FD,Dungeons\Caves\Ice\LargeHall\CaveIRHall1Way64Short01.nif
CaveIRHall1Way64U01,000732FE,Dungeons\Caves\Ice\LargeHall\CaveIRHall1Way64U01.nif
CaveIRHall1Way128D01,000732FF,Dungeons\Caves\Ice\LargeHall\CaveIRHall1Way128D01.nif
CaveIRHall1Way128L01,00073300,Dungeons\Caves\Ice\LargeHall\CaveIRHall1Way128L01.nif
CaveIRHall1Way128R01,00073301,Dungeons\Caves\Ice\LargeHall\CaveIRHall1Way128R01.nif
CaveIRHall1Way128Short01,00073302,Dungeons\Caves\Ice\LargeHall\CaveIRHall1Way128Short01.nif
CaveIRHall1Way128U01,00073303,Dungeons\Caves\Ice\LargeHall\CaveIRHall1Way128U01.nif
CaveIRHall1Way256Short01,00073304,Dungeons\Caves\Ice\LargeHall\CaveIRHall1Way256Short01.nif
CaveIRHall2Way01,00073305,Dungeons\Caves\Ice\LargeHall\CaveIRHall2Way01.nif
CaveIRHall2Way02,00073306,Dungeons\Caves\Ice\LargeHall\CaveIRHall2Way02.nif
CaveIRHall3Way01,00073307,Dungeons\Caves\Ice\LargeHall\CaveIRHall3Way01.nif
CaveIRHall3Way02,00073308,Dungeons\Caves\Ice\LargeHall\CaveIRHall3Way02.nif
CaveIRHall4Way01,00073309,Dungeons\Caves\Ice\LargeHall\CaveIRHall4Way01.nif
CaveIRHallDeadEnd01,0007330A,Dungeons\Caves\Ice\LargeHall\CaveIRHallDeadEnd01.nif
CaveIRHallDeadEnd02,0007330B,Dungeons\Caves\Ice\LargeHall\CaveIRHallDeadEnd02.nif
CaveIRHallDetwist01,0007330C,Dungeons\Caves\Ice\LargeHall\CaveIRHallDetwist01.nif
CaveILRoomDoorR03,0007330D,Dungeons\Caves\Ice\LargeRoom\CaveILRoomDoorR03.nif
CaveILRoomDoorR04,0007330E,Dungeons\Caves\Ice\LargeRoom\CaveILRoomDoorR04.nif
CaveILRoomDoorR01,0007330F,Dungeons\Caves\Ice\LargeRoom\CaveILRoomDoorR01.nif
CaveILRoomDoorR02,00073310,Dungeons\Caves\Ice\LargeRoom\CaveILRoomDoorR02.nif
CaveILRoomDoorRB03,00073311,Dungeons\Caves\Ice\LargeRoom\CaveILRoomDoorRB03.nif
CaveILRoomDoorRB04,00073312,Dungeons\Caves\Ice\LargeRoom\CaveILRoomDoorRB04.nif
CaveILRoomDoorRB01,00073313,Dungeons\Caves\Ice\LargeRoom\CaveILRoomDoorRB01.nif
CaveILRoomDoorRB02,00073314,Dungeons\Caves\Ice\LargeRoom\CaveILRoomDoorRB02.nif
CommonBedStaticSnow,00073B85,Furniture\Common\CommonBed01.nif
WRTempIntCor01,00073B89,Architecture\WhiteRun\WRInteriors\WRTemple\WRTempIntCor01.nif
WRTempIntStr01,00073B8A,Architecture\WhiteRun\WRInteriors\WRTemple\WRTempIntStr01.nif
WRTempIntPromStr01,00073B9C,Architecture\WhiteRun\WRInteriors\WRTemple\WRTempIntPromStr01.nif
WRTempIntRoofStr01,00073B9D,Architecture\WhiteRun\WRInteriors\WRTemple\WRTempIntRoofStr01.nif
WRTempIntFloorMid01,00073B9E,Architecture\WhiteRun\WRInteriors\WRTemple\WRTempIntFloorMid01.nif
WRTempIntPool01,00073BBA,Architecture\WhiteRun\WRInteriors\WRTemple\WRTempIntPool01.nif
WRTempIntCorIn01,00073BC1,Architecture\WhiteRun\WRInteriors\WRTemple\WRTempIntCorIn01.nif
WRTempIntPromArch01,00073BC8,Architecture\WhiteRun\WRInteriors\WRTemple\WRTempIntPromArch01.nif
WRTempIntPromCol01,00073BC9,Architecture\WhiteRun\WRInteriors\WRTemple\WRTempIntPromCol01.nif
WRTempIntRoofCor01,00073BE4,Architecture\WhiteRun\WRInteriors\WRTemple\WRTempIntRoofCor01.nif
WRTempIntRoofCorIn01,00073BEF,Architecture\WhiteRun\WRInteriors\WRTemple\WRTempIntRoofCorIn01.nif
WRTempIntCeilMid01,00073BF6,Architecture\WhiteRun\WRInteriors\WRTemple\WRTempIntCeilMid01.nif
WRTempIntPromArchCor01,00073BF7,Architecture\WhiteRun\WRInteriors\WRTemple\WRTempIntPromArchCor01.nif
WRTempIntRoofAlcove01,00073BFD,Architecture\WhiteRun\WRInteriors\WRTemple\WRTempIntRoofAlcove01.nif
WRTempIntStr01Door,00073BFF,Architecture\WhiteRun\WRInteriors\WRTemple\WRTempIntStr01Door.nif
WRTempIntPromArchRoof01,00073C03,Architecture\WhiteRun\WRInteriors\WRTemple\WRTempIntPromArchRoof01.nif
WRTempIntPromCor01,00073C10,Architecture\WhiteRun\WRInteriors\WRTemple\WRTempIntPromCor01.nif
WRTempIntRoofCorL01,00073C11,Architecture\WhiteRun\WRInteriors\WRTemple\WRTempIntRoofCorL01.nif
WRTempIntRoofCorR01,00073C14,Architecture\WhiteRun\WRInteriors\WRTemple\WRTempIntRoofCorR01.nif
WRTempIntRoofMidWin,00073C17,Architecture\WhiteRun\WRInteriors\WRTemple\WRTempIntRoofMidWin.nif
WRTempIntPromCustom01,00073C1A,Architecture\WhiteRun\WRInteriors\WRTemple\WRTempIntPromCustom01.nif
WRTempIntCeilMid02,00073C24,Architecture\WhiteRun\WRInteriors\WRTemple\WRTempIntCeilMid02.nif
WRTempIntDivWallStr01,00073C29,Architecture\WhiteRun\WRInteriors\WRTemple\WRTempIntDivWallStr01.nif
WRTempIntPoolMid01,00073C35,Architecture\WhiteRun\WRInteriors\WRTemple\WRTempIntPoolMid01.nif
WRTempIntPoolCor01,00073C36,Architecture\WhiteRun\WRInteriors\WRTemple\WRTempIntPoolCor01.nif
WRTempIntPromShadowMask01,00073C3F,Architecture\WhiteRun\WRInteriors\WRTemple\WRTempIntPromShadowMask01.nif
WRTempIntPromAlcove01,00073C40,Architecture\WhiteRun\WRInteriors\WRTemple\WRTempIntPromAlcove01.nif
SLgFFloSol01,00073C47,Architecture\Solitude\Interiors\SLgFFloSol01.nif
SLgFArchCei01,00073C48,Architecture\Solitude\Interiors\SLgFArchCei01.nif
SMdFArchCon01,00073C49,Architecture\Solitude\Interiors\SMdFArchCon01.nif
SMdFArchCor02,00073C4A,Architecture\Solitude\Interiors\SMdFArchCor02.nif
SMdFArchCap01,00073C4B,Architecture\Solitude\Interiors\SMdFArchCap01.nif
SMdFArchCor01,00073C4C,Architecture\Solitude\Interiors\SMdFArchCor01.nif
SMdFTraCor01,00073C4D,Architecture\Solitude\Interiors\SMdFTraCor01.nif
SLgFWalSol01,00073C4E,Architecture\Solitude\Interiors\SLgFWalSol01.nif
SLgFWalSol02,00073C4F,Architecture\Solitude\Interiors\SLgFWalSol02.nif
SLgFWalSol03,00073C50,Architecture\Solitude\Interiors\SLgFWalSol03.nif
SLgFTraCon02,00073C51,Architecture\Solitude\Interiors\SLgFTraCon02.nif
SMdFWalSol01,00073C52,Architecture\Solitude\Interiors\SMdFWalSol01.nif
SMdFWinSol01,00073C53,Architecture\Solitude\Interiors\SMdFWinSol01.nif
SLgFColEnd01,00073C54,Architecture\Solitude\Interiors\SLgFColEnd01.nif
SLgFWalSol04,00073C55,Architecture\Solitude\Interiors\SLgFWalSol04.nif
SLgFWalCei01,00073C56,Architecture\Solitude\Interiors\SLgFWalCei01.nif
SLgFStaSol01,00073C57,Architecture\Solitude\Interiors\SLgFStaSol01.nif
SMdFArchCei01,00073C58,Architecture\Solitude\Interiors\SMdFArchCei01.nif
SMdFTraCon01,00073C59,Architecture\Solitude\Interiors\SMdFTraCon01.nif
SLgFColSol01,00073C5A,Architecture\Solitude\Interiors\SLgFColSol01.nif
SLgFTraCon01,00073C5B,Architecture\Solitude\Interiors\SLgFTraCon01.nif
SMdFFloSol01,00073C5C,Architecture\Solitude\Interiors\SMdFFloSol01.nif
SLgFFloCon01,00073CA4,Architecture\Solitude\Interiors\SLgFFloCon01.nif
BoneDeerSkullHornedStatic,00073CC2,Clutter\Bones\DeerSkullHornsStatic.nif
BoneDeerSkullStatic,00073CD8,Clutter\Bones\DeerSkullStatic.nif
BoneMammothRibs,00073CE5,Clutter\Bones\MammothRibcage.nif
BoneMammothRibsBroken,00073CE6,Clutter\Bones\MammothRibcageBroken.nif
BoneMammothSkull1,00073CE8,Clutter\Bones\MammothSkull1.nif
BoneMammothSkull2,00073CE9,Clutter\Bones\MammothSkull2.nif
BoneMammothSkull3,00073CEA,Clutter\Bones\MammothSkull3.nif
SMdFTraCor02,00073CEC,Architecture\Solitude\Interiors\SMdFTraCor02.nif
BoneMammothSkull4,00073CED,Clutter\Bones\MammothSkull4.nif
NorExtRubblePile01_LightSN,00073E6B,Dungeons\Nordic\Exterior\Rubble\NorExtRubblePile01.nif
NorExtRubblePile07_SnowLight,00074033,Dungeons\Nordic\Exterior\Rubble\NorExtRubblePile07.nif
CartPassengerSTATICSnow,00074357,Furniture\PrisonerCarriage\PrisonerCarriage01Static.nif
CaveIHall3Way01ice,0007435D,Dungeons\Caves\Ice\SmallHall\CaveIHall3Way01.nif
CaveIHallDetwist01ice,0007435F,Dungeons\Caves\Ice\SmallHall\CaveIHallDetwist01.nif
ImpLWall01ice,00074454,Dungeons\Imperial\ClutterKits\ImpLWall01.nif
RockCliffMineEntrance02ReachMoss01,000744CA,Landscape\Rocks\RockCliffMineEntrance02.nif
NorExtWallBgHenge01,000744CC,Dungeons\Nordic\Exterior\Walls\NorExtWallBgHenge01.nif
MS11UnholyAltar01,00074774,Clutter\Quest\MS11UnholyAltar.nif
MrkWallSm01,0007477A,Architecture\Markarth\MrkWallSm01.nif
CaveGBoulderM04falmer,00074894,Dungeons\Caves\Green\Rocks\CaveGBoulderM04.nif
CaveGEDoor03Falmer,000748D1,Dungeons\Caves\Green\Epic\CaveGEDoor03.nif
SMdFTraCon02,00074933,Architecture\Solitude\Interiors\SMdFTraCon02.nif
SMdfFloSol02,0007493A,Architecture\Solitude\Interiors\SMdfFloSol02.nif
SMdFArchCon02,0007493B,Architecture\Solitude\Interiors\SMdFArchCon02.nif
SMdFWalSol02,0007494E,Architecture\Solitude\Interiors\SMdFWalSol02.nif
SMdFWalSol03,0007494F,Architecture\Solitude\Interiors\SMdFWalSol03.nif
SMdFWalSol04,00074950,Architecture\Solitude\Interiors\SMdFWalSol04.nif
SLgFWalSol05,00074951,Architecture\Solitude\Interiors\SLgFWalSol05.nif
SMdFArchCon03,0007495D,Architecture\Solitude\Interiors\SMdFArchCon03.nif
SMdFWalSol05,00074963,Architecture\Solitude\Interiors\SMdFWalSol05.nif
SMdFWalIntl01,0007499B,Architecture\Solitude\Interiors\SMdFWalIntl01.nif
WRIntCHStr01,00074A8D,Architecture\WhiteRun\WRInteriors\WRJorvaskr\WRIntCHStr01.nif
WRIntCHStrSlopeR,00074AAF,Architecture\WhiteRun\WRInteriors\WRJorvaskr\WRIntCHStrSlopeR.nif
WRIntCHStrSlopeL,00074AB0,Architecture\WhiteRun\WRInteriors\WRJorvaskr\WRIntCHStrSlopeL.nif
CaveGLHall2Way01cFalmer,00074AC8,Dungeons\Caves\Green\LargeHall\CaveGLHall2Way01c.nif
CaveGLPillar06Falmer,00074AD8,Dungeons\Caves\Green\Pillars\CaveGLPillar06.nif
CaveGLRoomCorner02cFalmer,00074B4D,Dungeons\Caves\Green\LargeRoom\CaveGLRoomCorner02c.nif
CaveGBoulderL04Falmer,00074B57,Dungeons\Caves\Green\Rocks\CaveGBoulderL04.nif
CaveGLRoomWall04cFalmer,00074B62,Dungeons\Caves\Green\LargeRoom\CaveGLRoomWall04c.nif
CaveGRoomCorner01cFalmer,00074B7D,Dungeons\Caves\Green\SmallRoom\CaveGRoomCorner01c.nif
DwePlatMid01LightSnow,00074CDD,Dungeons\Dwemer\Platforms\DwePlatMid01.nif
DweShaftRmLgBot01LightSnow,00074CDE,Dungeons\Dwemer\LgRooms\DweShaftRmLgBot01.nif
DwePlatBgStairSingle01SnowLight,00074CE8,Dungeons\Dwemer\Platforms\DwePlatBgStairSingle01.nif
DwePlatWall01SnowLight,00074D19,Dungeons\Dwemer\Platforms\DwePlatWall01.nif
DwePlatCorOut01SnowLight,00074D1D,Dungeons\Dwemer\Platforms\DwePlatCorOut01.nif
DweCivWarWallEndpost01SnowLight,00074D1E,Dungeons\Dwemer\Clutter\DweCivWarWallEndpost01.nif
DweFacadeTowerSpacer01SnowLight,00074D23,Dungeons\Dwemer\Facades\DweFacadeTowerSpacer01.nif
CaveGCliffs02Falmer,00074D72,Dungeons\Caves\Green\Cliffs\CaveGCliffs02.nif
CaveGCliffs01Falmer,00074D73,Dungeons\Caves\Green\Cliffs\CaveGCliffs01.nif
CaveGBalconyRamp01Falmer,00074D74,Dungeons\Caves\Green\Balcony\CaveGBalconyRamp01.nif
DweFacadeTowerBase01SnowLight,00074D9A,Dungeons\Dwemer\Facades\DweFacadeTowerBase01.nif
DweFacadeTowerBase01Snow,00074D9F,Dungeons\Dwemer\Facades\DweFacadeTowerBase01.nif
DweCivWarWallEndpost01Snow,00074DAC,Dungeons\Dwemer\Clutter\DweCivWarWallEndpost01.nif
DweClutterBowlShape01Snow,00074DEF,Dungeons\Dwemer\Clutter\DweClutterBowlShape01.nif
DweClutterBowlShape01SnowLight,00074E10,Dungeons\Dwemer\Clutter\DweClutterBowlShape01.nif
DweIchorBarrel01Snow,00074E13,Clutter\Dwemer\DweInchorBarrel01.nif
WRTempleBench01Static,00074E31,Architecture\WhiteRun\WRClutter\WRTempleBench01Static.nif
DweRubbleColumn02SnowLight,00074E32,Dungeons\Dwemer\Rubble\DweRubbleColumn02.nif
DweClutterArchLarge01SnowLight,00074E7A,Dungeons\Dwemer\Clutter\DweClutterArchLarge01.nif
DweClutterArchLarge01,00074EBA,Dungeons\Dwemer\Clutter\DweClutterArchLarge01.nif
DweClutterArchSmall01,00074EBB,Dungeons\Dwemer\Clutter\DweClutterArchSmall01.nif
DweClutterColmLarge01,00074EBC,Dungeons\Dwemer\Clutter\DweClutterColmLarge01.nif
WRTemplePlanter,00074EDD,Architecture\WhiteRun\WRClutter\WRTemplePlanter.nif
WRIntCHCol01,00074F3F,Architecture\WhiteRun\WRInteriors\WRJorvaskr\WRIntCHCol01.nif
WRIntCHFloorWoodAngleL,00074F40,Architecture\WhiteRun\WRInteriors\WRJorvaskr\WRIntCHFloorWoodAngleL.nif
WRIntCHFloorWoodAngleR,00074F4D,Architecture\WhiteRun\WRInteriors\WRJorvaskr\WRIntCHFloorWoodAngleR.nif
DweFloorRaised02SnowLight,00074FA5,Dungeons\Dwemer\Rubble\DweFloorRaised02.nif
DweFloorRaised01SnowLight,00074FE4,Dungeons\Dwemer\Rubble\DweFloorRaised01.nif
DweRubblePile04SnowLight,00074FE5,Dungeons\Dwemer\Rubble\DweRubblePile04.nif
DweClutterColmLarge01LightSnow,00075033,Dungeons\Dwemer\Clutter\DweClutterColmLarge01.nif
FarmInnDestroyed01Snow,00075046,DLC01\Architecture\Farmhouse\DLC1InnDestroyed01.nif
FrozenMarshIcePlane01,0007506A,Landscape\Ice\FrozenMarshIce01.nif
WRIntCHFloorWoodFoyer01,0007506C,Architecture\WhiteRun\WRInteriors\WRJorvaskr\WRIntCHFloorWoodFoyer01.nif
RockCliff07SnowRocks01_LightSN,0007516E,Landscape\Rocks\RockCliff07.nif
SLighthouse01,00075262,Architecture\Solitude\SLighthouse01.nif
SlighthouseFire01,0007526B,Architecture\Solitude\Clutter\SlighthouseFire.nif
StockadeWoodplanks04Snow,000752B1,Dungeons\Mines\Clutter\MineWoodplanks04.nif
StockadeWoodplanks03Snow,000752B4,Dungeons\Mines\Clutter\MineWoodplanks03.nif
StockadeWoodplanks02Snow,000752B5,Dungeons\Mines\Clutter\MineWoodplanks02.nif
StockadeWoodplanks01Snow,000752B6,Dungeons\Mines\Clutter\MineWoodplanks01.nif
Rug07SnowLight,000752BE,Clutter\Common\Rug07.nif
Rug03SnowLight,000752C8,Clutter\Common\Rug03.nif
RockPileS04FieldGrass02,00075421,Landscape\Rocks\RockPileS04.nif
RockPileM02WetRiverbedEdge01,00075432,Landscape\Rocks\WetRocks\RockPileM02Wet.nif
ChoppingBlock02,00075448,Clutter\Chopping Block\ChoppingBlock02.nif
CaveGLPillar01Falmer,00075944,Dungeons\Caves\Green\Pillars\CaveGLPillar01.nif
CaveIShaftTopDoor01,0007594E,Dungeons\Dwemer\Animated\DweRepository\CaveIShaftTopDoor01.nif
CaveIShaftBottomHole01,00075952,Dungeons\Dwemer\Animated\DweRepository\CaveIShaftBottomHole01.nif
WRIntCHEntranceR,00075A9B,Architecture\WhiteRun\WRInteriors\WRJorvaskr\WRIntCHEntranceR.nif
WRIntCHEntranceL,00075AE9,Architecture\WhiteRun\WRInteriors\WRJorvaskr\WRIntCHEntranceL.nif
WRIntCHCorInR,00075AEC,Architecture\WhiteRun\WRInteriors\WRJorvaskr\WRIntCHCorInR.nif
WRIntCHCorInL,00075AED,Architecture\WhiteRun\WRInteriors\WRJorvaskr\WRIntCHCorInL.nif
WRIntCHFloorWoodPlatStairs01,00075B11,Architecture\WhiteRun\WRInteriors\WRJorvaskr\WRIntCHFloorWoodPlatStairs01.nif
SMdFTraCon03,00075B1D,Architecture\Solitude\Interiors\SMdFTraCon03.nif
SMdFColSol01,00075B31,Architecture\Solitude\Interiors\SMdFColSol01.nif
SMdFColSol02,00075B33,Architecture\Solitude\Interiors\SMdFColSol02.nif
SMdFFloCon02,00075B34,Architecture\Solitude\Interiors\SMdFFloCon02.nif
SMdFFloCon01,00075B35,Architecture\Solitude\Interiors\SMdFFloCon01.nif
WRIntCHRoofSlope02L,00075B45,Architecture\WhiteRun\WRInteriors\WRJorvaskr\WRIntCHRoofSlope02L.nif
WRIntCHRoofSlope01L,00075B46,Architecture\WhiteRun\WRInteriors\WRJorvaskr\WRIntCHRoofSlope01L.nif
WRIntCHRoofSlope03R,00075B48,Architecture\WhiteRun\WRInteriors\WRJorvaskr\WRIntCHRoofSlope03R.nif
WRIntCHRoofSlope02R,00075B49,Architecture\WhiteRun\WRInteriors\WRJorvaskr\WRIntCHRoofSlope02R.nif
WRIntCHRoofSlope01R,00075B4A,Architecture\WhiteRun\WRInteriors\WRJorvaskr\WRIntCHRoofSlope01R.nif
WRIntCHRoofTopSlope03,00075B5F,Architecture\WhiteRun\WRInteriors\WRJorvaskr\WRIntCHRoofTopSlope03.nif
WRIntCHRoofTopSlope02,00075B60,Architecture\WhiteRun\WRInteriors\WRJorvaskr\WRIntCHRoofTopSlope02.nif
WRIntCHRoofTopSlope01,00075B81,Architecture\WhiteRun\WRInteriors\WRJorvaskr\WRIntCHRoofTopSlope01.nif
WRIntCHRoofSlope03L,00075B82,Architecture\WhiteRun\WRInteriors\WRJorvaskr\WRIntCHRoofSlope03L.nif
SMdFtoEDor01,00075B84,Architecture\Solitude\Interiors\SMdFtoEDor01.nif
SLgFTraCon03,00075BC8,Architecture\Solitude\Interiors\SLgFTraCon03.nif
SMdFWInSol02,00075C30,Architecture\Solitude\Interiors\SMdFWInSol02.nif
SLgFWalSol06,00075C38,Architecture\Solitude\Interiors\SLgFWalSol06.nif
SLgFTraCon04,00075C3F,Architecture\Solitude\Interiors\SLgFTraCon04.nif
SLgFTraCon05,00075C40,Architecture\Solitude\Interiors\SLgFTraCon05.nif
SMdFWalKitchen01,00075C4B,Architecture\Solitude\Interiors\SMdFWalKitchen01.nif
WRIntCHFloorWoodPlatFloor01,00075D40,Architecture\WhiteRun\WRInteriors\WRJorvaskr\WRIntCHFloorWoodPlatFloor01.nif
WRIntCHRoofTopStr01,00075D49,Architecture\WhiteRun\WRInteriors\WRJorvaskr\WRIntCHRoofTopStr01.nif
WRIntCHRoofTopSlope04,00075D4F,Architecture\WhiteRun\WRInteriors\WRJorvaskr\WRIntCHRoofTopSlope04.nif
WRIntCHRoofTopEndCap01,00075D51,Architecture\WhiteRun\WRInteriors\WRJorvaskr\WRIntCHRoofTopEndCap01.nif
WRIntCHStrSlopeRWall,00075D56,Architecture\WhiteRun\WRInteriors\WRJorvaskr\WRIntCHStrSlopeRWall.nif
WRIntCHStr02,00075D57,Architecture\WhiteRun\WRInteriors\WRJorvaskr\WRIntCHStr02.nif
WRIntCHCorSlopeRWall,00075D58,Architecture\WhiteRun\WRInteriors\WRJorvaskr\WRIntCHCorSlopeRWall.nif
WRIntCHCorSlopelWall,00075D5B,Architecture\WhiteRun\WRInteriors\WRJorvaskr\WRIntCHCorSlopelWall.nif
WRIntCHRoofStr01,00075D65,Architecture\WhiteRun\WRInteriors\WRJorvaskr\WRIntCHRoofStr01.nif
WRIntCHStrDoor01,00075D6A,Architecture\WhiteRun\WRInteriors\WRJorvaskr\WRIntCHStrDoor01.nif
WRIntCHFloorStoneStr01,00075D80,Architecture\WhiteRun\WRInteriors\WRJorvaskr\WRIntCHFloorStoneStr01.nif
WRIntCHFloorStoneCor01,00075D8A,Architecture\WhiteRun\WRInteriors\WRJorvaskr\WRIntCHFloorStoneCor01.nif
WRIntCHFloorStoneStr03,00075D8B,Architecture\WhiteRun\WRInteriors\WRJorvaskr\WRIntCHFloorStoneStr03.nif
WRIntCHFloorStoneStr02,00075D8C,Architecture\WhiteRun\WRInteriors\WRJorvaskr\WRIntCHFloorStoneStr02.nif
WRIntCHFloorStoneCorIn01,00075D8D,Architecture\WhiteRun\WRInteriors\WRJorvaskr\WRIntCHFloorStoneCorIn01.nif
WRIntCHFloorStoneCorIn02,00075D95,Architecture\WhiteRun\WRInteriors\WRJorvaskr\WRIntCHFloorStoneCorIn02.nif
WRIntCHFloorFirePit01,00075D96,Architecture\WhiteRun\WRInteriors\WRJorvaskr\WRIntCHFloorFirePit01.nif
WRIntCHFloorWoodFoyer02,00075D9F,Architecture\WhiteRun\WRInteriors\WRJorvaskr\WRIntCHFloorWoodFoyer02.nif
WRIntCHWallFreeStr01,00075DA6,Architecture\WhiteRun\WRInteriors\WRJorvaskr\WRIntCHWallFreeStr01.nif
WRIntCHWallFreeDoorway01,00075DAB,Architecture\WhiteRun\WRInteriors\WRJorvaskr\WRIntCHWallFreeDoorway01.nif
WRIntCHFloorWoodPlatFloor02,00075DBB,Architecture\WhiteRun\WRInteriors\WRJorvaskr\WRIntCHFloorWoodPlatFloor02.nif
FXGlowFlatRndXDim,00075DD8,Effects\Ambient\FXGlowFlatRndXDim.nif
FXGlowFlatRndDim,00075DD9,Effects\Ambient\FXGlowFlatRndDim.nif
FXGlowFlatRndMid,00075DDA,Effects\Ambient\FXGlowFlatRndMid.nif
FXGlowFlatRndBrt,00075DDB,Effects\Ambient\FXGlowFlatRndBrt.nif
FXGlowFlatRndXBrt,00075DDC,Effects\Ambient\FXGlowFlatRndXBrt.nif
RockPileL03Heavy_SN,00075DFC,Landscape\Rocks\RockPileL03.nif
DweWallCap01Snow,000765F3,Dungeons\Dwemer\Walls\DweWallCap01.nif
DweRubblePile04Snow,000765F4,Dungeons\Dwemer\Rubble\DweRubblePile04.nif
DweRubblePile01Snow,000765F5,Dungeons\Dwemer\Rubble\DweRubblePile01.nif
DweRubblePile02Snow,000765F6,Dungeons\Dwemer\Rubble\DweRubblePile02.nif
DweRubblePile03Snow,000765F7,Dungeons\Dwemer\Rubble\DweRubblePile03.nif
DweRubblePile05Snow,000765F8,Dungeons\Dwemer\Rubble\DweRubblePile05.nif
DweRubblePile06Snow,000765F9,Dungeons\Dwemer\Rubble\DweRubblePile06.nif
DweRubblePile07Snow,000765FA,Dungeons\Dwemer\Rubble\DweRubblePile07.nif
DweRubblePile08Snow,000765FB,Dungeons\Dwemer\Rubble\DweRubblePile08.nif
DweWall01Snow,000765FC,Dungeons\Dwemer\Walls\DweWall01.nif
DweWall02Snow,000765FD,Dungeons\Dwemer\Walls\DweWall02.nif
DweWallArch01Snow,000765FE,Dungeons\Dwemer\Walls\DweWallArch01.nif
DweWallCap02Snow,000765FF,Dungeons\Dwemer\Walls\DweWallCap02.nif
DweWallExBg01Snow,00076600,Dungeons\Dwemer\Walls\DweWallExBg01.nif
DweWallHalf01Snow,00076601,Dungeons\Dwemer\Walls\DweWallHalf01.nif
DweFacadeFreeExBg01Snow,00076602,Dungeons\Dwemer\Facades\DweFacadeFreeExBg01.nif
DweFacadeHallSm4way01Snow,00076603,Dungeons\Dwemer\Facades\DweFacadeHallSm4way01.nif
DwePlatBgMid01Snow,00076604,Dungeons\Dwemer\Platforms\DwePlatBgMid01.nif
DwePlatBgMid02Snow,00076605,Dungeons\Dwemer\Platforms\DwePlatBgMid02.nif
DwePlatBgStairCapL01Snow,00076606,Dungeons\Dwemer\Platforms\DwePlatBgStairCapL01.nif
DwePlatBgStairCapR01Snow,00076607,Dungeons\Dwemer\Platforms\DwePlatBgStairCapR01.nif
DwePlatBgStairMid01Snow,00076608,Dungeons\Dwemer\Platforms\DwePlatBgStairMid01.nif
DwePlatBgStairMid02Snow,00076609,Dungeons\Dwemer\Platforms\DwePlatBgStairMid02.nif
DwePlatBgStairSingle01Snow,0007660A,Dungeons\Dwemer\Platforms\DwePlatBgStairSingle01.nif
DwePlatBgWall01Snow,0007660B,Dungeons\Dwemer\Platforms\DwePlatBgWall01.nif
DwePlatBgWall02Snow,0007660C,Dungeons\Dwemer\Platforms\DwePlatBgWall02.nif
DwePlatBgCorOut01Snow,0007660D,Dungeons\Dwemer\Platforms\DwePlatBgCorOut01.nif
DwePlatBgCorIn01Snow,0007660E,Dungeons\Dwemer\Platforms\DwePlatBgCorIn01.nif
DweHitchPost01Snow,0007660F,Dungeons\Dwemer\Platforms\DweHitchPost01.nif
DweFloorRaised01Snow,00076629,Dungeons\Dwemer\Rubble\DweFloorRaised01.nif
NorExtWallBg2Way01Snow,00076922,Dungeons\Nordic\Exterior\Walls\NorExtWallBg2Way01.nif
NorExtRubblePile03_HeavySN,00076924,Dungeons\Nordic\Exterior\Rubble\NorExtRubblePile03.nif
NorExtRubblePile05_HeavySN,00076938,Dungeons\Nordic\Exterior\Rubble\NorExtRubblePile05.nif
WitchlightMesh,00076B02,Actors\Witchlight\Character Assets\WitchlightMesh.nif
HighPolyBookTest01,00076E8F,Clutter\Books\TestBook01HighPoly.nif
SMdFEntSol02,00077071,Architecture\Solitude\Interiors\SMdFEntSol02.nif
SMdFEntSol01,00077079,Architecture\Solitude\Interiors\SMdFEntSol01.nif
SMdFTraDor01,00077084,Architecture\Solitude\Interiors\SMdFTraDor01.nif
SMdFTraDor02,00077085,Architecture\Solitude\Interiors\SMdFTraDor02.nif
NorSarcophagusBroken01ice,000770D3,Clutter\Ruins\RuinsFurnitureRubble01.nif
RuinsBrokenTable01ice,000770D4,Clutter\Ruins\RuinsFurnitureRubble03.nif
RuinsBrokenShelf04ice,000770D5,Clutter\Ruins\RuinsFurnitureRubble08.nif
NorSarcophagusTopice,000770DD,Clutter\Ruins\RuinsSarcophagus_Top01.nif
CommonTableSquare01ice,000770DF,Clutter\Common\CommonTableSquare01.nif
MineScaffoldTop2Sided02ice,000770F9,Dungeons\Mines\Scaffolding\MineScaffoldTop2Sided02.nif
MineScaffoldRamp01ice,00077116,Dungeons\Mines\Scaffolding\MineScaffoldRamp01.nif
MineScaffoldBase0Sided01ice,00077117,Dungeons\Mines\Scaffolding\MineScaffoldBase0Sided01.nif
NorDragonStatueMetal01ice,00077118,Dungeons\Nordic\RuinsDragonStatueMetal01.nif
MineWoodplanks04ice,00077119,Dungeons\Mines\Clutter\MineWoodplanks04.nif
MineWoodplanks01ice,0007711B,Dungeons\Mines\Clutter\MineWoodplanks01.nif
WoodenBarStool01Staticice,0007711C,Furniture\WoodenBarStool01.nif
MineWoodplanks02ice,00077120,Dungeons\Mines\Clutter\MineWoodplanks02.nif
NorTable01NoShadowice,00077121,Clutter\Ruins\RuinsTable01.nif
NorSarcophagusBottomice,00077122,Clutter\Ruins\RuinsSarcophagus_Bottom01.nif
NorRubblePileCeiling02ice,00077125,Dungeons\Nordic\Rubble\NorRubblePileCeiling02.nif
NorRubblePile06ice,00077127,Dungeons\Nordic\Rubble\NorRubblePile06.nif
NorRubblePile07ice,0007712D,Dungeons\Nordic\Rubble\NorRubblePile07.nif
NorSarcophagusVertBottom03ice,0007712E,Clutter\Ruins\RuinsSarcophagusVert03.nif
NorRubblePiece04ice,0007712F,Dungeons\Nordic\Rubble\NorRubblePiece04.nif
NorRubblePile08ice,00077130,Dungeons\Nordic\Rubble\NorRubblePile08.nif
UpperTable01,0007724B,Clutter\Upperclass\UpperTable01.nif
OrcLonghouse01,0007727F,Architecture\OrcLonghouse\OrcLonghouse01.nif
WRIntShield04,00077283,Architecture\WhiteRun\WRClutter\WRIntShield04.nif
WRIntShield03,00077284,Architecture\WhiteRun\WRClutter\WRIntShield03.nif
WRIntShield02,00077285,Architecture\WhiteRun\WRClutter\WRIntShield02.nif
WRIntShield07,00077286,Architecture\WhiteRun\WRClutter\WRIntShield07.nif
WRIntShield06,00077287,Architecture\WhiteRun\WRClutter\WRIntShield06.nif
WRIntShield05,00077288,Architecture\WhiteRun\WRClutter\WRIntShield05.nif
SLgGTraDor01,0007729E,Architecture\Solitude\Interiors\SLgGTraDor01.nif
RockL05SnowLight,00077333,Landscape\Rocks\RockL05.nif
CaveIHall1Way128U01ice,000773C5,Dungeons\Caves\Ice\SmallHall\CaveIHall1Way128U01.nif
CaveIHall2Way01ice,000773C6,Dungeons\Caves\Ice\SmallHall\CaveIHall2Way01.nif
CaveIHall1Way128R01ice,000773C7,Dungeons\Caves\Ice\SmallHall\CaveIHall1Way128R01.nif
CaveIHall1Way64D01ice,000773C8,Dungeons\Caves\Ice\SmallHall\CaveIHall1Way64D01.nif
CaveIRoomDoorB02ice,000773C9,Dungeons\Caves\Ice\SmallRoom\CaveIRoomDoorB02.nif
CaveIRoomCorner01ice,000773CA,Dungeons\Caves\Ice\SmallRoom\CaveIRoomCorner01.nif
CaveIRoomCorner02ice,000773CB,Dungeons\Caves\Ice\SmallRoom\CaveIRoomCorner02.nif
CaveIRoomWall01ice,000773D8,Dungeons\Caves\Ice\SmallRoom\CaveIRoomWall01.nif
CaveIRoomMid01ice,000773DB,Dungeons\Caves\Ice\SmallRoom\CaveIRoomMid01.nif
CaveIRoomICorner01ice,000773DC,Dungeons\Caves\Ice\SmallRoom\CaveIRoomICorner01.nif
CaveIRoomICorner04ice,000773DD,Dungeons\Caves\Ice\SmallRoom\CaveIRoomICorner04.nif
CaveIRoomICorner03ice,000773DE,Dungeons\Caves\Ice\SmallRoom\CaveIRoomICorner03.nif
CaveIRoomWall03ice,000773DF,Dungeons\Caves\Ice\SmallRoom\CaveIRoomWall03.nif
CaveIRoomICorner02ice,000773E0,Dungeons\Caves\Ice\SmallRoom\CaveIRoomICorner02.nif
CaveIRoomCorner04ice,000773E1,Dungeons\Caves\Ice\SmallRoom\CaveIRoomCorner04.nif
CaveIRoomWall04ice,000773E2,Dungeons\Caves\Ice\SmallRoom\CaveIRoomWall04.nif
StockadePike01_sn,0007746C,Clutter\Stockade\StockadePike01.nif
RockCliff08Snow_HeavySN,000774BC,Landscape\Rocks\RockCliff08.nif
RockPileS04Snow01Light_SN,00077569,Landscape\Rocks\RockPileS04.nif
WinterholdTowerIntWall04,000775A3,Architecture\Winterhold\WinterholdTowerIntWall04.nif
WinterholdTowerIntWall05,000775AF,Architecture\Winterhold\WinterholdTowerIntWall05.nif
RockPileS04PineForest01,000775B7,Landscape\Rocks\RockPileS04.nif
MountainTrim01CoastBeach01,000775FD,Landscape\Mountains\MountainTrim01.nif
WinterholdTowerIntWall06,00077606,Architecture\Winterhold\WinterholdTowerIntWall06.nif
WinterholdTowerIntWall07,0007767A,Architecture\Winterhold\WinterholdTowerIntWall07.nif
WinterholdTowerIntWall08,0007767B,Architecture\Winterhold\WinterholdTowerIntWall08.nif
1stPersonNettlebane,000777C4,Weapons\Ebony\1stPersonEbonyDagger.nif
CaveIHall1Way64R01ice,00077B80,Dungeons\Caves\Ice\SmallHall\CaveIHall1Way64R01.nif
CaveIHall1Way01ice,00077B81,Dungeons\Caves\Ice\SmallHall\CaveIHall1Way01.nif
NorRmSmMidFloorOnly01ice,00077BCE,Dungeons\Nordic\SmRooms\NorRmSmMidFloorOnly01.nif
NorPlatBgFloorRaised01ice,00077BEB,Dungeons\Nordic\Platforms\NorPlatBgFloorRaised01.nif
WHIntTemple01,00077C05,Architecture\Windhelm\InteriorKits\WHIntTemple01.nif
RockPileS02Snow01Snow,00077C8E,Landscape\Rocks\RockPileS02.nif
RockPileS03PineForest01,00077D5E,Landscape\Rocks\RockPileS03.nif
WHcenter,00077DC1,Architecture\Windhelm\WHcenter.nif
WHlooseblocks03,00077DD2,Architecture\Windhelm\WHlooseblocks03.nif
WHlooseblocks1,00077DD3,Architecture\Windhelm\WHlooseblocks1.nif
WHlooseblocks02,00077DD4,Architecture\Windhelm\WHlooseblocks02.nif
WHlooseblocks04,00077DDA,Architecture\Windhelm\WHlooseblocks04.nif
FarmhouseSmith01Snow,00077E90,Architecture\Farmhouse\Smith01.nif
Farmhouse05Snow,00077E91,Architecture\Farmhouse\Farmhouse05.nif
Farmhouse06Snow,00077E92,Architecture\Farmhouse\Farmhouse06.nif
RockPileM01Snow01Heavy_SN,00077ED2,Landscape\Rocks\RockPileM01.nif
WinterholdTowerIntWall09,00077EE9,Architecture\Winterhold\WinterholdTowerIntWall09.nif
WRIntCHFloorWoodPlatFloorStairs01,00077FA1,Architecture\WhiteRun\WRInteriors\WRJorvaskr\WRIntCHFloorWoodPlatFloorStairs01.nif
WRIntCHColCrossSupport01,00077FA3,Architecture\WhiteRun\WRInteriors\WRJorvaskr\WRIntCHColCrossSupport01.nif
WRIntCHColCrossSupport512,00077FA8,Architecture\WhiteRun\WRInteriors\WRJorvaskr\WRIntCHColCrossSupport512.nif
WRIntCHColCrossSupportSide,00077FAF,Architecture\WhiteRun\WRInteriors\WRJorvaskr\WRIntCHColCrossSupportSide.nif
WRIntCHColMetalBrace01,00077FB2,Architecture\WhiteRun\WRInteriors\WRJorvaskr\WRIntCHColMetalBrace01.nif
WRIntCHCol03,00077FB4,Architecture\WhiteRun\WRInteriors\WRJorvaskr\WRIntCHCol03.nif
WRIntCHWallFreeStr01short,00077FDD,Architecture\WhiteRun\WRInteriors\WRJorvaskr\WRIntCHWallFreeStr01short.nif
WRIntCHRoofEndCap01,00077FDF,Architecture\WhiteRun\WRInteriors\WRJorvaskr\WRIntCHRoofEndCap01.nif
WRIntCHRoofChimney01,00077FE3,Architecture\WhiteRun\WRInteriors\WRJorvaskr\WRIntCHRoofChimney01.nif
WRIntCHRoofTopStrChim01,00077FE4,Architecture\WhiteRun\WRInteriors\WRJorvaskr\WRIntCHRoofTopStrChim01.nif
WRIntCHLoftRailStr01,00077FE7,Architecture\WhiteRun\WRInteriors\WRJorvaskr\WRIntCHLoftRailStr01.nif
WRIntCHCol02,00077FE8,Architecture\WhiteRun\WRInteriors\WRJorvaskr\WRIntCHCol02.nif
WRIntShield01,00077FEC,Architecture\WhiteRun\WRClutter\WRIntShield01.nif
UpperTable01Custom01CH,00077FFC,Clutter\Upperclass\UpperTable01Custom01.nif
UpperTable01Custom01Cloth01,00078001,Clutter\Upperclass\UpperTable01Custom01Cloth01.nif
WRJovaskrBanner01,00078020,Architecture\WhiteRun\WRClutter\WRJovaskrBanner01.nif
WRIntCHColCrossSupport01Banner,00078028,Architecture\WhiteRun\WRClutter\WRIntCHColCrossSupport01Banner.nif
WRIntCHFloorStoneStr04,00078046,Architecture\WhiteRun\WRInteriors\WRJorvaskr\WRIntCHFloorStoneStr04.nif
CaveGLHall2Way01cLtSnow,000783A5,Dungeons\Caves\Green\LargeHall\CaveGLHall2Way01c.nif
CaveGRockPileS01SnowLight,000783A7,Dungeons\Caves\Green\Rocks\CaveGRockPileS01.nif
CaveGRockM03SnowLight,000783C2,Dungeons\Caves\Green\Rocks\CaveGRockM03.nif
CaveGRockM01SnowLight,000783C3,Dungeons\Caves\Green\Rocks\CaveGRockM01.nif
HHSteps13_HeavySN,00078628,Architecture\HighHrothgar\HHSteps13.nif
HHSteps13CurveR_HeavySN,0007863D,Architecture\HighHrothgar\HHSteps13CurveR.nif
HHSteps10,0007863E,Architecture\HighHrothgar\HHSteps10.nif
HHSteps10_HeavySN,00078640,Architecture\HighHrothgar\HHSteps10.nif
DweTrapThresherGroove,000786C2,Traps\SpinningRailBlade\SpinningRailBladeGroove01.nif
FarmInt2Doorway02NoDoor,000786CA,Architecture\Farmhouse\Interior\FarmInt2Doorway02NoDoor.nif
WHFXwindowglow01,00078A6C,Architecture\Windhelm\effects\WHFXwindowglow01.nif
Whwallwulfharth,00078A9A,Architecture\Windhelm\Whwallwulfharth.nif
WHwallolaf,00078A9C,Architecture\Windhelm\WHwallolaf.nif
WHwallharald,00078AA1,Architecture\Windhelm\WHwallharald.nif
BoneMammothRibsBrokenSnow,00078DB9,Clutter\Bones\MammothRibcageBroken.nif
BoneMammothSkull3Snow,00078DBB,Clutter\Bones\MammothSkull3.nif
XMarkerSnow,00078DC0,MarkerX.nif
DweTrapThresherGrooveSmall,00078DED,Traps\SpinningRailBlade\SpinningRailBladeGrooveSmall01.nif
DwetrapThesherGrooveDouble,00078DF0,Traps\SpinningRailBlade\SpinningRailBladeDoubleGroove01.nif
RoadChunkL03ice,00078E28,Landscape\Roads\RoadChunkL03.nif
RTNorthGate01,00078ED7,Architecture\Riften\RTNorthGate01.nif
1stPersonWabbajack,00078F6C,Weapons\Wabbajack\Wabbajack.nif
WHIntWoodRoofCutbackCorner01,0007902E,Architecture\Windhelm\InteriorKits\Wood\WHIntWoodRoofCutbackCorner01.nif
WHIntWoodRoofCutbackCorner02,0007902F,Architecture\Windhelm\InteriorKits\Wood\WHIntWoodRoofCutbackCorner02.nif
WHIntWoodRoofLeft01,00079030,Architecture\Windhelm\InteriorKits\Wood\WHIntWoodRoofLeft01.nif
WHIntWoodRoofLeftCorner01,00079031,Architecture\Windhelm\InteriorKits\Wood\WHIntWoodRoofLeftCorner01.nif
WHIntWoodRoofLeftCorner02,00079032,Architecture\Windhelm\InteriorKits\Wood\WHIntWoodRoofLeftCorner02.nif
WHIntWoodRoofRight01,00079033,Architecture\Windhelm\InteriorKits\Wood\WHIntWoodRoofRight01.nif
WHIntWoodRoofRightCorner01,00079034,Architecture\Windhelm\InteriorKits\Wood\WHIntWoodRoofRightCorner01.nif
WHIntWoodRoofRightCorner02,00079035,Architecture\Windhelm\InteriorKits\Wood\WHIntWoodRoofRightCorner02.nif
WHIntWoodRoofRightWindow01,00079036,Architecture\Windhelm\InteriorKits\Wood\WHIntWoodRoofRightWindow01.nif
WHIntWoodWallStone01,00079037,Architecture\Windhelm\InteriorKits\Wood\WHIntWoodWallStone01.nif
WHIntWoodWallStoneWindow01,00079038,Architecture\Windhelm\InteriorKits\Wood\WHIntWoodWallStoneWindow01.nif
WHIntWoodWallStoneWindow02,00079039,Architecture\Windhelm\InteriorKits\Wood\WHIntWoodWallStoneWindow02.nif
WHIntWoodWallWindow01,0007903A,Architecture\Windhelm\InteriorKits\Wood\WHIntWoodWallWindow01.nif
WHIntWoodWallWindow02,0007903B,Architecture\Windhelm\InteriorKits\Wood\WHIntWoodWallWindow02.nif
WHIntWoodWallWood01,0007903C,Architecture\Windhelm\InteriorKits\Wood\WHIntWoodWallWood01.nif
WHIntWoodWallWood02,0007903D,Architecture\Windhelm\InteriorKits\Wood\WHIntWoodWallWood02.nif
WHIntWoodWallWoodSupport01,0007903E,Architecture\Windhelm\InteriorKits\Wood\WHIntWoodWallWoodSupport01.nif
WHIntWoodBackWall01,0007903F,Architecture\Windhelm\InteriorKits\Wood\WHIntWoodBackWall01.nif
WHIntWoodBackWallWindow01,00079040,Architecture\Windhelm\InteriorKits\Wood\WHIntWoodBackWallWindow01.nif
WHIntWoodFloorMid01,00079042,Architecture\Windhelm\InteriorKits\Wood\WHIntWoodFloorMid01.nif
WHIntWoodLogHorizontal01,00079043,Architecture\Windhelm\InteriorKits\Wood\WHIntWoodLogHorizontal01.nif
WHIntWoodLogHorizontalShort01,00079044,Architecture\Windhelm\InteriorKits\Wood\WHIntWoodLogHorizontalShort01.nif
WHIntWoodLogVertical01,00079046,Architecture\Windhelm\InteriorKits\Wood\WHIntWoodLogVertical01.nif
WHIntWoodLogVerticalThin01,00079047,Architecture\Windhelm\InteriorKits\Wood\WHIntWoodLogVerticalThin01.nif
WHIntWoodRoofCutback01,00079048,Architecture\Windhelm\InteriorKits\Wood\WHIntWoodRoofCutback01.nif
WHIntWoodRoofLeftWindow01,0007904D,Architecture\Windhelm\InteriorKits\Wood\WHIntWoodRoofLeftWindow01.nif
WHIntWoodRoofCutback02,0007907E,Architecture\Windhelm\InteriorKits\Wood\WHIntWoodRoofCutback02.nif
WHIntWoodWallWoodDoor01,00079086,Architecture\Windhelm\InteriorKits\Wood\WHIntWoodWallWoodDoor01.nif
WHIntWoodSupportMid01,00079097,Architecture\Windhelm\InteriorKits\Wood\WHIntWoodSupportMid01.nif
WHIntWoodSupportRight01,00079098,Architecture\Windhelm\InteriorKits\Wood\WHIntWoodSupportRight01.nif
WHIntWoodSupportLeft01,00079099,Architecture\Windhelm\InteriorKits\Wood\WHIntWoodSupportLeft01.nif
WRDunIntWallfreeStr01,00079492,Architecture\WhiteRun\WRInteriors\WRDungeon\WRDunIntWallfreeStr01.nif
WRDunIntWallfreeDoor01,00079493,Architecture\WhiteRun\WRInteriors\WRDungeon\WRDunIntWallfreeDoor01.nif
WRDunIntStrDoor01,00079494,Architecture\WhiteRun\WRInteriors\WRDungeon\WRDunIntStrDoor01.nif
WRDunIntCor128in,00079495,Architecture\WhiteRun\WRInteriors\WRDungeon\WRDunIntCor128in.nif
WRDunIntWallfreeEnd01,0007949A,Architecture\WhiteRun\WRInteriors\WRDungeon\WRDunIntWallfreeEnd01.nif
WRDunIntArch768,000794B0,Architecture\WhiteRun\WRInteriors\WRDungeon\WRDunIntArch768.nif
WRDunIntArch768Cap,000794B5,Architecture\WhiteRun\WRInteriors\WRDungeon\WRDunIntArch768Cap.nif
WRDunIntArchDoorwayTrans01,000794CB,Architecture\WhiteRun\WRInteriors\WRDungeon\WRDunIntArchDoorwayTrans01.nif
WRDunIntArchWallStr01,000794D3,Architecture\WhiteRun\WRInteriors\WRDungeon\WRDunIntArchWallStr01.nif
WRDunIntArch768WallDoor01,000794E6,Architecture\WhiteRun\WRInteriors\WRDungeon\WRDunIntArch768WallDoor01.nif
WRDunIntCor32in,000794EE,Architecture\WhiteRun\WRInteriors\WRDungeon\WRDunIntCor32in.nif
WRDunIntCorIn01,000794EF,Architecture\WhiteRun\WRInteriors\WRDungeon\WRDunIntCorIn01.nif
WRDunIntCeilingMudStr01,000794F6,Architecture\WhiteRun\WRInteriors\WRDungeon\WRDunIntCeilingMudStr01.nif
WRJorrvaskrRugStr01,00079577,Architecture\WhiteRun\WRClutter\WRJorrvaskrRugStr01.nif
RockShelf01ReachGrass01,00079634,Landscape\Rocks\RockShelf01.nif
BoneDeerSkullHornedStaticSnow,00079804,Clutter\Bones\DeerSkullHornsStatic.nif
MrkCastleLOD,00079F7F,Architecture\Markarth\MrkCastleLOD.nif
MrkTempleLOD,00079F80,Architecture\Markarth\MrkTempleLOD.nif
MrkCrag01LOD,00079F81,Architecture\Markarth\MrkCrag01LOD.nif
MrkCityLandscapeLOD,00079F85,Architecture\Markarth\MrkCityLandscapeLOD.nif
HHStepA,00079F87,Architecture\HighHrothgar\HHStepA.nif
HHStepB,00079F88,Architecture\HighHrothgar\HHStepB.nif
HHStepC,00079F89,Architecture\HighHrothgar\HHStepC.nif
HHStepD,00079F8A,Architecture\HighHrothgar\HHStepD.nif
HHStepD_HeavySN,00079F91,Architecture\HighHrothgar\HHStepD.nif
HHStepA_HeavySN,00079F92,Architecture\HighHrothgar\HHStepA.nif
HhSteps06Narrow,00079F93,Architecture\HighHrothgar\HhSteps06Narrow.nif
HHSteps05,00079F94,Architecture\HighHrothgar\HHSteps05.nif
HHSteps07Narrow,00079F95,Architecture\HighHrothgar\HHSteps07Narrow.nif
HhSteps06Narrow_HeavySN,00079F98,Architecture\HighHrothgar\HhSteps06Narrow.nif
HHStepC_HeavySN,00079F99,Architecture\HighHrothgar\HHStepC.nif
HHSteps17,00079F9A,Architecture\HighHrothgar\HHSteps17.nif
HHSteps13CurveL,00079F9B,Architecture\HighHrothgar\HHSteps13CurveL.nif
HHSteps17_HeavySN,00079F9D,Architecture\HighHrothgar\HHSteps17.nif
RockCliff01ReachDirt01,0007A083,Landscape\Rocks\RockCliff01.nif
RockShelf01Snow01_LightSN,0007A085,Landscape\Rocks\RockShelf01.nif
CrateSmall01,0007A603,Clutter\Common\CrateSmall01.nif
CrateSmallLong01,0007A605,Clutter\Common\CrateSmallLong01.nif
CrateSmall02,0007A609,Clutter\Common\CrateSmall02.nif
CrateSmallLong02,0007A60B,Clutter\Common\CrateSmallLong02.nif
CrateSmallLong03,0007A60D,Clutter\Common\CrateSmallLong03.nif
CrateSmallLong04,0007A610,Clutter\Common\CrateSmallLong04.nif
DBBrokenWagon,0007A612,Clutter\Quest\DBBrokenCart01.nif
CrateSmall03,0007A617,Clutter\Common\CrateSmall03.nif
CrateSmall04,0007A619,Clutter\Common\CrateSmall04.nif
CaveGHall1Way01ice,0007A838,Dungeons\Caves\Green\SmallHall\CaveGHall1Way01.nif
CaveGHall1Way128Short01ice,0007A839,Dungeons\Caves\Green\SmallHall\CaveGHall1Way128Short01.nif
CaveGHall1Way64L01ice,0007A83A,Dungeons\Caves\Green\SmallHall\CaveGHall1Way64L01.nif
CaveGLHall1Way256Short01ice,0007A83B,Dungeons\Caves\Green\LargeHall\CaveGLHall1Way256Short01.nif
CaveGLWallInCorner01ice,0007A83C,Dungeons\Caves\Green\LargeWall\CaveGLWallInCorner01.nif
CaveGLRoomCorner01ice,0007A83D,Dungeons\Caves\Green\LargeRoom\CaveGLRoomCorner01.nif
CaveGRockM02ice,0007A83E,Dungeons\Caves\Green\Rocks\CaveGRockM02.nif
CaveGDirtMound08ice,0007A83F,Dungeons\Caves\Green\DirtMound\CaveGDirtMound08.nif
CaveGRockM01ice,0007A840,Dungeons\Caves\Green\Rocks\CaveGRockM01.nif
CaveGLRoomWall02ice,0007A841,Dungeons\Caves\Green\LargeRoom\CaveGLRoomWall02.nif
CaveGLRoomCorner02ice,0007A842,Dungeons\Caves\Green\LargeRoom\CaveGLRoomCorner02.nif
CaveGDirtMound02ice,0007A843,Dungeons\Caves\Green\DirtMound\CaveGDirtMound02.nif
CaveGLRoomMid01ice,0007A844,Dungeons\Caves\Green\LargeRoom\CaveGLRoomMid01.nif
CaveGLRoomWall03ice,0007A845,Dungeons\Caves\Green\LargeRoom\CaveGLRoomWall03.nif
CaveGLRoomWall03cice,0007A846,Dungeons\Caves\Green\LargeRoom\CaveGLRoomWall03c.nif
CaveGLRoomWall01ice,0007A847,Dungeons\Caves\Green\LargeRoom\CaveGLRoomWall01.nif
CaveGRockL01ice,0007A848,Dungeons\Caves\Green\Rocks\CaveGRockL01.nif
CaveGHall1Way64U01ice,0007A849,Dungeons\Caves\Green\SmallHall\CaveGHall1Way64U01.nif
CaveGLRoomInCorner04ice,0007A84A,Dungeons\Caves\Green\LargeRoom\CaveGLRoomInCorner04.nif
CaveGLRoomDoorLB03ice,0007A84B,Dungeons\Caves\Green\LargeRoom\CaveGLRoomDoorLB03.nif
CaveGPillar02ice,0007A84C,Dungeons\Caves\Green\Pillars\CaveGPillar02.nif
CaveGRockL04ice,0007A84D,Dungeons\Caves\Green\Rocks\CaveGRockL04.nif
CaveGDirtMound07ice,0007A84E,Dungeons\Caves\Green\DirtMound\CaveGDirtMound07.nif
CaveGRockL05ice,0007A84F,Dungeons\Caves\Green\Rocks\CaveGRockL05.nif
CaveGDirtMound01ice,0007A850,Dungeons\Caves\Green\DirtMound\CaveGDirtMound01.nif
CaveGRockM04ice,0007A851,Dungeons\Caves\Green\Rocks\CaveGRockM04.nif
CaveGPillar03ice,0007A852,Dungeons\Caves\Green\Pillars\CaveGPillar03.nif
CaveGLRoomCorner03ice,0007A853,Dungeons\Caves\Green\LargeRoom\CaveGLRoomCorner03.nif
CaveGPillar01ice,0007A854,Dungeons\Caves\Green\Pillars\CaveGPillar01.nif
CaveGLHall1Way128D01ice,0007A855,Dungeons\Caves\Green\LargeHall\CaveGLHall1Way128D01.nif
CaveGLHall2Way01ice,0007A856,Dungeons\Caves\Green\LargeHall\CaveGLHall2Way01.nif
CaveGLPillar04ice,0007A857,Dungeons\Caves\Green\Pillars\CaveGLPillar04.nif
CaveGLWallDoorL01ice,0007A858,Dungeons\Caves\Green\LargeWall\CaveGLWallDoorL01.nif
CaveGCliffsIsland01NSice,0007A859,Dungeons\Caves\Green\Cliffs\CaveGCliffsIsland01NS.nif
CaveGEPillar01ice,0007A85A,Dungeons\Caves\Green\Pillars\CaveGEPillar01.nif
CaveGDirtMound04ice,0007A85B,Dungeons\Caves\Green\DirtMound\CaveGDirtMound04.nif
CaveGLRoomInCorner01ice,0007A85C,Dungeons\Caves\Green\LargeRoom\CaveGLRoomInCorner01.nif
CaveGLRoomInCorner02ice,0007A85D,Dungeons\Caves\Green\LargeRoom\CaveGLRoomInCorner02.nif
CaveGLRoomInCorner03ice,0007A85E,Dungeons\Caves\Green\LargeRoom\CaveGLRoomInCorner03.nif
CaveGLRoomCorner04ice,0007A85F,Dungeons\Caves\Green\LargeRoom\CaveGLRoomCorner04.nif
CaveGRockM03ice,0007A860,Dungeons\Caves\Green\Rocks\CaveGRockM03.nif
CaveGRockS01ice,0007A861,Dungeons\Caves\Green\Rocks\CaveGRockS01.nif
CaveGECorner02ice,0007A862,Dungeons\Caves\Green\Epic\CaveGECorner02.nif
CaveGLHall2Way02ice,0007A863,Dungeons\Caves\Green\LargeHall\CaveGLHall2Way02.nif
CaveGLWallDoor01ice,0007A864,Dungeons\Caves\Green\LargeWall\CaveGLWallDoor01.nif
CaveGHallDeadEnd02ice,0007A865,Dungeons\Caves\Green\SmallHall\CaveGHallDeadEnd02.nif
CaveGLRoomWall04ice,0007A866,Dungeons\Caves\Green\LargeRoom\CaveGLRoomWall04.nif
CaveGLHallDeadEnd02ice,0007A867,Dungeons\Caves\Green\LargeHall\CaveGLHallDeadEnd02.nif
CaveGCliffs02ice,0007A868,Dungeons\Caves\Green\Cliffs\CaveGCliffs02.nif
CaveGEWall03cice,0007A869,Dungeons\Caves\Green\Epic\CaveGEWall03c.nif
CaveGCliffsCornerOut01ice,0007A86A,Dungeons\Caves\Green\Cliffs\CaveGCliffsCornerOut01.nif
CaveGEWall03Holeice,0007A86B,Dungeons\Caves\Green\Epic\CaveGEWall03Hole.nif
CaveGDirtMound03ice,0007A86C,Dungeons\Caves\Green\DirtMound\CaveGDirtMound03.nif
CaveGLWallCorner01ice,0007A86D,Dungeons\Caves\Green\LargeWall\CaveGLWallCorner01.nif
CaveGEWall03ice,0007A86E,Dungeons\Caves\Green\Epic\CaveGEWall03.nif
CaveGECeiling01ice,0007A86F,Dungeons\Caves\Green\EpicWall\CaveGECeiling01.nif
CaveGEDoor01Holeice,0007A870,Dungeons\Caves\Green\Epic\CaveGEDoor01Hole.nif
CaveGLEWallStraight02ice,0007A871,Dungeons\Caves\Green\LargeWall\CaveGLEWallStraight02.nif
CaveGLWallDoorLB01ice,0007A872,Dungeons\Caves\Green\LargeWall\CaveGLWallDoorLB01.nif
CaveGLEWallStraight01ice,0007A873,Dungeons\Caves\Green\LargeWall\CaveGLEWallStraight01.nif
CaveGLWallDoorB01ice,0007A874,Dungeons\Caves\Green\LargeWall\CaveGLWallDoorB01.nif
CaveGRoomCorner01ice,0007A875,Dungeons\Caves\Green\SmallRoom\CaveGRoomCorner01.nif
CaveGRoomDoor04ice,0007A876,Dungeons\Caves\Green\SmallRoom\CaveGRoomDoor04.nif
CaveGRoomCorner02ice,0007A877,Dungeons\Caves\Green\SmallRoom\CaveGRoomCorner02.nif
CaveGRoomWall03ice,0007A878,Dungeons\Caves\Green\SmallRoom\CaveGRoomWall03.nif
CaveGRockL03ice,0007A879,Dungeons\Caves\Green\Rocks\CaveGRockL03.nif
CaveGDirtMound05ice,0007A87A,Dungeons\Caves\Green\DirtMound\CaveGDirtMound05.nif
CaveGRockS03ice,0007A87B,Dungeons\Caves\Green\Rocks\CaveGRockS03.nif
CaveGRockS02ice,0007A87C,Dungeons\Caves\Green\Rocks\CaveGRockS02.nif
1stPersonNightingaleBlade,0007A918,Weapons\Nightingale\1stPersonNightingaleSword.nif
1stPersonScimitar,0007A919,Weapons\Scimitar\1stPersonScimitar.nif
1stPersonStaff02,0007A91C,Weapons\Staff02\1stPersonStaff02.nif
1stPersonStaff01,0007A91D,Weapons\Staff01\1stPersonStaff01.nif
MountainTrim02ReachMossyRocks01,0007AAD3,Landscape\Mountains\MountainTrim02.nif
RockCliff05ReachGrass01,0007AAD9,Landscape\Rocks\RockCliff05.nif
ShipwreckLarge01NoLOD,0007AC6B,Dungeons\Ship\ShipwreckLarge01.nif
SBridge01,0007ADF2,Architecture\Solitude\SBridge01.nif
CaveGBoulderL02Falmer,0007AFA2,Dungeons\Caves\Green\Rocks\CaveGBoulderL02.nif
CaveGLHallDoor02Ice2,0007B939,Dungeons\Caves\Green\LargeHall\CaveGLHallDoor02.nif
CaveGLHallEntrance01Ice2,0007B93A,Dungeons\Caves\Green\LargeHall\CaveGLHallEntrance01.nif
CaveGFloor01ice,0007B94E,Dungeons\Caves\Green\LargeWall\CaveGFloor01.nif
WRSkyForgeCaveFreeFlowRock01,0007B9CE,Architecture\WhiteRun\WRInteriors\WRSkyForgeUnderForge\WRSkyForgeCaveFreeFlowRock01.nif
CaveGRoomCorner02UF,0007B9EF,Architecture\WhiteRun\WRInteriors\WRSkyForgeUnderForge\CaveGRoomCorner02UF.nif
CaveGRoomDoor04UF,0007B9F0,Architecture\WhiteRun\WRInteriors\WRSkyForgeUnderForge\CaveGRoomDoor04UF.nif
CaveGRoomWall03UF,0007B9F1,Architecture\WhiteRun\WRInteriors\WRSkyForgeUnderForge\CaveGRoomWall03UF.nif
CaveGRoomCorner01UF,0007B9F2,Architecture\WhiteRun\WRInteriors\WRSkyForgeUnderForge\CaveGRoomCorner01UF.nif
CaveGRoomWall01UF,0007B9F3,Architecture\WhiteRun\WRInteriors\WRSkyForgeUnderForge\CaveGRoomWall01UF.nif
CaveGRoomMid01UF,0007B9F4,Architecture\WhiteRun\WRInteriors\WRSkyForgeUnderForge\CaveGRoomMid01UF.nif
CaveGRoomCorner04UF,0007B9F5,Architecture\WhiteRun\WRInteriors\WRSkyForgeUnderForge\CaveGRoomCorner04UF.nif
CaveGRoomWall04UF,0007B9F6,Architecture\WhiteRun\WRInteriors\WRSkyForgeUnderForge\CaveGRoomWall04UF.nif
CaveGRoomWall02UF,0007B9F7,Architecture\WhiteRun\WRInteriors\WRSkyForgeUnderForge\CaveGRoomWall02UF.nif
CaveGRoomDoorB03UF,0007B9F8,Architecture\WhiteRun\WRInteriors\WRSkyForgeUnderForge\CaveGRoomDoorB03UF.nif
CaveGRoomInCorner04UF,0007B9F9,Architecture\WhiteRun\WRInteriors\WRSkyForgeUnderForge\CaveGRoomInCorner04UF.nif
CaveGHall1Way01UF,0007B9FF,Architecture\WhiteRun\WRInteriors\WRSkyForgeUnderForge\CaveGHall1Way01UF.nif
CaveGHallDeadEnd02UF,0007BA00,Architecture\WhiteRun\WRInteriors\WRSkyForgeUnderForge\CaveGHallDeadEnd02UF.nif
CaveGHall3Way01UF,0007BA01,Architecture\WhiteRun\WRInteriors\WRSkyForgeUnderForge\CaveGHall3Way01UF.nif
CaveGHallRamp02UF,0007BA02,Architecture\WhiteRun\WRInteriors\WRSkyForgeUnderForge\CaveGHallRamp02UF.nif
CaveGHall2Way01UF,0007BA03,Architecture\WhiteRun\WRInteriors\WRSkyForgeUnderForge\CaveGHall2Way01UF.nif
CaveGHall2Way02UF,0007BA04,Architecture\WhiteRun\WRInteriors\WRSkyForgeUnderForge\CaveGHall2Way02UF.nif
WRUnderForgeCistern01,0007BA05,Architecture\WhiteRun\WRInteriors\WRSkyForgeUnderForge\WRUnderForgeCistern01.nif
WRUnderForgeRockDoor01,0007BA1A,Architecture\WhiteRun\WRInteriors\WRSkyForgeUnderForge\WRUnderForgeRockDoor01.nif
CaveGRoomWall01UFHoles,0007BA1C,Architecture\WhiteRun\WRInteriors\WRSkyForgeUnderForge\CaveGRoomWall01UFHoles.nif
WRUnderForgeCistern01Basin,0007BA22,Architecture\WhiteRun\WRInteriors\WRSkyForgeUnderForge\WRUnderForgeCistern01Basin.nif
WRIntCHFloorStoneStr01short,0007BA27,Architecture\WhiteRun\WRInteriors\WRJorvaskr\WRIntCHFloorStoneStr01short.nif
WRIntCHFloorStoneStr03Long,0007BA28,Architecture\WhiteRun\WRInteriors\WRJorvaskr\WRIntCHFloorStoneStr03Long.nif
WRIntCHFloorStoneMid01,0007BA2C,Architecture\WhiteRun\WRInteriors\WRJorvaskr\WRIntCHFloorStoneMid01.nif
WRIntCHFloorStoneCor02,0007BA32,Architecture\WhiteRun\WRInteriors\WRJorvaskr\WRIntCHFloorStoneCor02.nif
WRIntCHFloorStoneCor04,0007BA3B,Architecture\WhiteRun\WRInteriors\WRJorvaskr\WRIntCHFloorStoneCor04.nif
WRIntCHFloorStoneCor03,0007BA3C,Architecture\WhiteRun\WRInteriors\WRJorvaskr\WRIntCHFloorStoneCor03.nif
WHIntBaseBldgSecondCorner02,0007BA49,Architecture\Windhelm\InteriorKits\Wood\WHIntBaseBldgSecondCorner02.nif
WHIntBaseBldgSecondCorner03,0007BA4A,Architecture\Windhelm\InteriorKits\Wood\WHIntBaseBldgSecondCorner03.nif
WHIntBaseBldgSecondICorner01,0007BA4B,Architecture\Windhelm\InteriorKits\Wood\WHIntBaseBldgSecondICorner01.nif
WHIntBaseBldgSecondICorner04,0007BA4C,Architecture\Windhelm\InteriorKits\Wood\WHIntBaseBldgSecondICorner04.nif
WHIntBaseBldgMid01,0007BA4D,Architecture\Windhelm\InteriorKits\Wood\WHIntBaseBldgMid01.nif
WHIntBaseBldgMid02,0007BA4E,Architecture\Windhelm\InteriorKits\Wood\WHIntBaseBldgMid02.nif
WHIntBaseBldgMid03,0007BA4F,Architecture\Windhelm\InteriorKits\Wood\WHIntBaseBldgMid03.nif
WHIntBaseBldgSecondCorner01,0007BA50,Architecture\Windhelm\InteriorKits\Wood\WHIntBaseBldgSecondCorner01.nif
WHIntBaseBldgSecondICorner02,0007BA51,Architecture\Windhelm\InteriorKits\Wood\WHIntBaseBldgSecondICorner02.nif
WHIntBaseBldgSecondStraight01,0007BA52,Architecture\Windhelm\InteriorKits\Wood\WHIntBaseBldgSecondStraight01.nif
WHIntBaseBldgSecondICorner03,0007BA55,Architecture\Windhelm\InteriorKits\Wood\WHIntBaseBldgSecondICorner03.nif
WHIntBaseBldgSecondStraight03,0007BA57,Architecture\Windhelm\InteriorKits\Wood\WHIntBaseBldgSecondStraight03.nif
WHIntWoodFloorMid04,0007BA68,Architecture\Windhelm\InteriorKits\Wood\WHIntWoodFloorMid04.nif
WHIntWoodFloorMid05,0007BA69,Architecture\Windhelm\InteriorKits\Wood\WHIntWoodFloorMid05.nif
WHIntWoodFloorMid06,0007BA6A,Architecture\Windhelm\InteriorKits\Wood\WHIntWoodFloorMid06.nif
WHIntWoodFloorMid02,0007BA6B,Architecture\Windhelm\InteriorKits\Wood\WHIntWoodFloorMid02.nif
WHIntWoodFloorMid03,0007BA6C,Architecture\Windhelm\InteriorKits\Wood\WHIntWoodFloorMid03.nif
WHIntWoodLadder01,0007BA78,Architecture\Windhelm\InteriorKits\Wood\WHIntWoodLadder01.nif
WHIntWoodWallKitWall01,0007BA7A,Architecture\Windhelm\InteriorKits\Wood\WHIntWoodWallKitWall01.nif
WHIntWoodWallKitDoor01,0007BA7C,Architecture\Windhelm\InteriorKits\Wood\WHIntWoodWallKitDoor01.nif
WHIntWoodWallStoneDoor01,0007BAB8,Architecture\Windhelm\InteriorKits\Wood\WHIntWoodWallStoneDoor01.nif
WHIntWoodWallStoneWindow03,0007BAB9,Architecture\Windhelm\InteriorKits\Wood\WHIntWoodWallStoneWindow03.nif
WHIntWoodRoofMid01,0007BAE1,Architecture\Windhelm\InteriorKits\Wood\WHIntWoodRoofMid01.nif
WHIntWoodRoofRightShort01,0007BB4E,Architecture\Windhelm\InteriorKits\Wood\WHIntWoodRoofRightShort01.nif
WHIntWoodRoofLeftShort01,0007BB4F,Architecture\Windhelm\InteriorKits\Wood\WHIntWoodRoofLeftShort01.nif
WHIntWoodWallStone02,0007BB54,Architecture\Windhelm\InteriorKits\Wood\WHIntWoodWallStone02.nif
WHIntWoodBackWallStoneDoor01,0007BB5F,Architecture\Windhelm\InteriorKits\Wood\WHIntWoodBackWallStoneDoor01.nif
WHIntWoodBackWallStone01,0007BB65,Architecture\Windhelm\InteriorKits\Wood\WHIntWoodBackWallStone01.nif
WHIntWoodBackWall02,0007BB66,Architecture\Windhelm\InteriorKits\Wood\WHIntWoodBackWall02.nif
SThalmorEmbassy,0007BC44,Architecture\Solitude\SThalmorEmbassy.nif
SPatioWall02,0007BC62,Architecture\Solitude\SPatioWall02.nif
SPatioCor01,0007BC63,Architecture\Solitude\SPatioCor01.nif
SPatioWall30,0007BC6B,Architecture\Solitude\SPatioWall30.nif
SPatioWall45,0007BC6C,Architecture\Solitude\SPatioWall45.nif
SPatioWallSteps01,0007BC80,Architecture\Solitude\SPatioWallSteps01.nif
SPatioWallStairs01,0007BC82,Architecture\Solitude\SPatioWallStairs01.nif
SPatioWallStairs02,0007BC83,Architecture\Solitude\SPatioWallStairs02.nif
SThalmorHouse,0007BC8A,Architecture\Solitude\SThalmorHouse.nif
SPatioWallSteps02,0007BC8E,Architecture\Solitude\SPatioWallSteps02.nif
SPatioWall03,0007BC8F,Architecture\Solitude\SPatioWall03.nif
DweFacadeHallSm1wayRamp01,0007BDF6,Dungeons\Dwemer\Facades\DweFacadeHallSm1wayRamp01.nif
CaveGHallRamp02ice,0007C3A0,Dungeons\Caves\Green\SmallHall\CaveGHallRamp02.nif
CaveGHall1Way64D01ice,0007C3A1,Dungeons\Caves\Green\SmallHall\CaveGHall1Way64D01.nif
CaveGCliffsIsland01ice,0007C3A2,Dungeons\Caves\Green\Cliffs\CaveGCliffsIsland01.nif
CaveGHall1Way128L01ice,0007C3A3,Dungeons\Caves\Green\SmallHall\CaveGHall1Way128L01.nif
CaveGHall1Way02cice,0007C3A4,Dungeons\Caves\Green\SmallHall\CaveGHall1Way02c.nif
CaveGLHallEntrance02ice,0007C3A5,Dungeons\Caves\Green\LargeHall\CaveGLHallEntrance02.nif
CaveGLHall1Way02ice,0007C3A6,Dungeons\Caves\Green\LargeHall\CaveGLHall1Way02.nif
CaveGLRoomDoorLB01ice,0007C3A7,Dungeons\Caves\Green\LargeRoom\CaveGLRoomDoorLB01.nif
CaveGLRoomDoor03ice,0007C3A8,Dungeons\Caves\Green\LargeRoom\CaveGLRoomDoor03.nif
CaveGRoomDoorB01ice,0007C3A9,Dungeons\Caves\Green\SmallRoom\CaveGRoomDoorB01.nif
CaveGRoomWall01ice,0007C3AA,Dungeons\Caves\Green\SmallRoom\CaveGRoomWall01.nif
CaveGRoomMid01ice,0007C3AB,Dungeons\Caves\Green\SmallRoom\CaveGRoomMid01.nif
CaveGRoomInCorner04ice,0007C3AC,Dungeons\Caves\Green\SmallRoom\CaveGRoomInCorner04.nif
CaveGRoomDoor02ice,0007C3AD,Dungeons\Caves\Green\SmallRoom\CaveGRoomDoor02.nif
CaveGLHall3Way01ice,0007C3AE,Dungeons\Caves\Green\LargeHall\CaveGLHall3Way01.nif
CaveGLHall4Way01ice,0007C3AF,Dungeons\Caves\Green\LargeHall\CaveGLHall4Way01.nif
CaveGLHallDeadEnd01ice,0007C3B0,Dungeons\Caves\Green\LargeHall\CaveGLHallDeadEnd01.nif
CaveGDirtMound06ice,0007C3B1,Dungeons\Caves\Green\DirtMound\CaveGDirtMound06.nif
CaveGLRoomDoorB01ice,0007C3B2,Dungeons\Caves\Green\LargeRoom\CaveGLRoomDoorB01.nif
CaveGPillar05ice,0007C3B4,Dungeons\Caves\Green\Pillars\CaveGPillar05.nif
CaveGRoomDoorB02ice,0007C3B5,Dungeons\Caves\Green\SmallRoom\CaveGRoomDoorB02.nif
CaveGLRoomDoorB04ice,0007C3C1,Dungeons\Caves\Green\LargeRoom\CaveGLRoomDoorB04.nif
CaveGLRoomDoor02ice,0007C3C2,Dungeons\Caves\Green\LargeRoom\CaveGLRoomDoor02.nif
CaveGCliffs03ice,0007C3C3,Dungeons\Caves\Green\Cliffs\CaveGCliffs03.nif
RTKeepEntryway01,0007C3D2,Architecture\Riften\RTKeepEntryway01.nif
RTKeepL01,0007C3D4,Architecture\Riften\RTKeepL01.nif
RTKeepR01,0007C3D6,Architecture\Riften\RTKeepR01.nif
RTKeep01,0007C3D8,Architecture\Riften\RTKeep01.nif
BoneDeerSkullStaticSnow,0007C41D,Clutter\Bones\DeerSkullStatic.nif
BoneMammothRibsSnow,0007C41E,Clutter\Bones\MammothRibcage.nif
1stPersonDawnbreaker,0007C664,Weapons\Dawnbreaker\1stPersonDawnbreaker.nif
WinterholdTowerIntWall01,0007C94D,Architecture\Winterhold\WinterholdTowerIntWall01.nif
SMdCtoCDor01,0007CA26,Architecture\Solitude\Interiors\SMdCtoCDor01.nif
SMdCWalKitchen01,0007CA38,Architecture\Solitude\Interiors\SMdCWalKitchen01.nif
SMdCtoCDor02,0007CA66,Architecture\Solitude\Interiors\SMdCtoCDor02.nif
SMdAtoMdB03Cor,0007CABC,Architecture\Solitude\Interiors\SMdAtoMdB03Cor.nif
SMdADorInt01,0007CABD,Architecture\Solitude\Interiors\SMdADorInt01.nif
RockPileL04ReachGrass01,0007CC45,Landscape\Rocks\RockPileL04.nif
RockCliff08ReachDirt01,0007CC91,Landscape\Rocks\RockCliff08.nif
WRHouseMeadery01,0007CD56,Architecture\WhiteRun\WRBuildings\WRHouseMeadery01.nif
WRHouseMeaderyWarehouse01,0007CE3E,Architecture\WhiteRun\WRBuildings\WRHouseMeaderyWarehouse01.nif
WHIntStairs01,0007D046,Architecture\Windhelm\InteriorKits\Wood\WHIntStairs01.nif
WHIntWoodRoofMidTop01,0007D0EE,Architecture\Windhelm\InteriorKits\Wood\WHIntWoodRoofMidTop01.nif
WHIntWoodBackSupRight01,0007D140,Architecture\Windhelm\InteriorKits\Wood\WHIntWoodBackSupRight01.nif
WHIntWoodBackSupLeft01,0007D141,Architecture\Windhelm\InteriorKits\Wood\WHIntWoodBackSupLeft01.nif
WHIntWoodLogHorizontalThin01,0007D175,Architecture\Windhelm\InteriorKits\Wood\WHIntWoodLogHorizontalThin01.nif
WHIntWoodWallKitWall03,0007D1B8,Architecture\Windhelm\InteriorKits\Wood\WHIntWoodWallKitWall03.nif
WHIntWoodWallKitWall04,0007D1B9,Architecture\Windhelm\InteriorKits\Wood\WHIntWoodWallKitWall04.nif
WHIntWoodWallKitStoneWall02,0007D237,Architecture\Windhelm\InteriorKits\Wood\WHIntWoodWallKitStoneWall02.nif
WHIntWoodWallKitStoneWall01,0007D238,Architecture\Windhelm\InteriorKits\Wood\WHIntWoodWallKitStoneWall01.nif
WHIntWoodWallKitStoneDoor01,0007D239,Architecture\Windhelm\InteriorKits\Wood\WHIntWoodWallKitStoneDoor01.nif
WHIntWoodWallWoodShort01,0007D391,Architecture\Windhelm\InteriorKits\Wood\WHIntWoodWallWoodShort01.nif
WHIntWoodWallWoodShortSupport01,0007D392,Architecture\Windhelm\InteriorKits\Wood\WHIntWoodWallWoodShortSupport01.nif
WHIntWoodLogVerticalShort01,0007D397,Architecture\Windhelm\InteriorKits\Wood\WHIntWoodLogVerticalShort01.nif
VolcanicPlateau01,0007D448,Landscape\Volcanic\VolcanicPlateau01.nif
VolcanicSteamPool02,0007D44F,Landscape\Volcanic\VolcanicSteamPool02.nif
DweCustomTowerInt01,0007D750,Dungeons\Dwemer\Clutter\DweCustomTowerInt01.nif
MeaderyBrewer01,0007D78C,Clutter\MeaderyBrewer01.nif
RockPileL03ReachMoss01,0007D7BB,Landscape\Rocks\RockPileL03.nif
RockPileL02ReachMoss01,0007D87C,Landscape\Rocks\RockPileL02.nif
SLgCWalWin04,0007DDB2,Architecture\Solitude\Interiors\SLgCWalWin04.nif
SLgCWalWin03,0007DDB3,Architecture\Solitude\Interiors\SLgCWalWin03.nif
SLGCCeiCap05,0007DDBA,Architecture\Solitude\Interiors\SLGCCeiCap05.nif
SMdCBarSrt01,0007DF2A,Architecture\Solitude\Interiors\SMdCBarSrt01.nif
SMdCBarCor01,0007DF2C,Architecture\Solitude\Interiors\SMdCBarCor01.nif
SPatioWallEntrance,0007DF43,Architecture\Solitude\SPatioWallEntrance.nif
StaticSpiderCenturion,0007E00B,Actors\DwarvenSpider\DwarvenSpiderStatic.nif
1stPersonNightingaleBow,0007E5C2,Weapons\Nightingale\NightingaleBow.nif
RockCliff02RockTile01,0007E5F6,Landscape\Rocks\RockCliff02.nif
RockCliff05RockTile01,0007E5F9,Landscape\Rocks\RockCliff05.nif
RockCliff05ReachMoss01,0007E5FA,Landscape\Rocks\RockCliff05.nif
RockCliff02ReachMoss01,0007E5FC,Landscape\Rocks\RockCliff02.nif
RockCliff07ReachMoss01,0007E606,Landscape\Rocks\RockCliff07.nif
RockCliff05ReachDirt01,0007E626,Landscape\Rocks\RockCliff05.nif
1stPersonStaff03,0007E644,Weapons\Staff03\1stPersonStaff03.nif
1stPersonStaff04,0007E645,Weapons\Staff04\1stPersonStaff04.nif
RockShelf01RiverMud01,0007E824,Landscape\Rocks\RockShelf01.nif
HHStepB_HeavySN,0007E894,Architecture\HighHrothgar\HHStepB.nif
HHSteps05_HeavySN,0007E895,Architecture\HighHrothgar\HHSteps05.nif
HHSteps07Narrow_HeavySN,0007E897,Architecture\HighHrothgar\HHSteps07Narrow.nif
HHSteps13,0007E898,Architecture\HighHrothgar\HHSteps13.nif
HHSteps13CurveL_HeavySN,0007E899,Architecture\HighHrothgar\HHSteps13CurveL.nif
HHSteps13CurveR,0007E8A4,Architecture\HighHrothgar\HHSteps13CurveR.nif
MountainTrim01CoastBeachSnowRocks,0007E903,Landscape\Mountains\MountainTrim01.nif
RuinsCandleSconceOn1,0007EA40,Clutter\Ruins\RuinsCandleSconceOn01.nif
RuinsCandleSconceOn2,0007EA42,Clutter\Ruins\RuinsCandleSconceOn02.nif
RuinsCandleSconceNoCandle,0007EA44,Clutter\Ruins\RuinsCandleSconceNoCandle01.nif
RuinsCandleSconceOff01,0007EA46,Clutter\Ruins\RuinsCandleSconceOff01.nif
WHIntWoodStairs01,0007EE42,Architecture\Windhelm\InteriorKits\Wood\WHIntWoodStairs01.nif
WHIntWoodLogVerticalThinShort01,0007EE65,Architecture\Windhelm\InteriorKits\Wood\WHIntWoodLogVerticalThinShort01.nif
WHIntWoodWallWindow03,0007EF23,Architecture\Windhelm\InteriorKits\Wood\WHIntWoodWallWindow03.nif
WHIntWoodLogHorizontalThinShort01,0007EFBC,Architecture\Windhelm\InteriorKits\Wood\WHIntWoodLogHorizontalThinShort01.nif
WHIntWoodWallStoneWindow04,0007EFBD,Architecture\Windhelm\InteriorKits\Wood\WHIntWoodWallStoneWindow04.nif
WHIntWoodWallKitWallShort01,0007F03B,Architecture\Windhelm\InteriorKits\Wood\WHIntWoodWallKitWallShort01.nif
WHIntWoodWallStoneWindow05,0007F054,Architecture\Windhelm\InteriorKits\Wood\WHIntWoodWallStoneWindow05.nif
WHIntWoodWallStoneWindow06,0007F08B,Architecture\Windhelm\InteriorKits\Wood\WHIntWoodWallStoneWindow06.nif
SThalmorBarracks,0007F303,Architecture\Solitude\SThalmorBarracks.nif
SSmACorSol03,0007F30C,Architecture\Solitude\Interiors\SSmACorSol03.nif
SSmACorSol04,0007F30D,Architecture\Solitude\Interiors\SSmACorSol04.nif
SSmATraCon02,0007F30E,Architecture\Solitude\Interiors\SSmATraCon02.nif
SSmAFloCon01,0007F30F,Architecture\Solitude\Interiors\SSmAFloCon01.nif
SSmACorSol05,0007F31A,Architecture\Solitude\Interiors\SSmACorSol05.nif
SSmACorSol06,0007F31E,Architecture\Solitude\Interiors\SSmACorSol06.nif
SSmATraCon03,0007F34B,Architecture\Solitude\Interiors\SSmATraCon03.nif
SMDAStaSol04,0007F368,Architecture\Solitude\Interiors\SMDAStaSol04.nif
Splanter01,0007F3A6,Architecture\Solitude\Splanter01.nif
RoadStraight01FallForestDirt01,0007F631,Landscape\Roads\RoadStraight01.nif
VolcanicFissure01,0007F812,Landscape\Volcanic\VolcanicFissure01.nif
DweObservatoryChamber01,0007F819,Dungeons\Dwemer\Animated\Observatory\DweObservatoryChamber01.nif
BreweryCaskLargeClosed01,0007F871,Clutter\BreweryCaskLargeClosed01.nif
BreweryCaskLargeOpen01,0007F872,Clutter\BreweryCaskLargeOpen01.nif
WRDunIntStr01DoubleHighRoof01,0007F874,Architecture\WhiteRun\WRInteriors\WRDungeon\WRDunIntStr01DoubleHighRoof01.nif
WRDunIntStr01DoubleHighRoofTranR,0007F877,Architecture\WhiteRun\WRInteriors\WRDungeon\WRDunIntStr01DoubleHighRoofTranR.nif
WRDunIntStr01DoubleHighRoofTranL,0007F878,Architecture\WhiteRun\WRInteriors\WRDungeon\WRDunIntStr01DoubleHighRoofTranL.nif
WRDunIntMeaderyFloorFireStr01,0007F887,Architecture\WhiteRun\WRInteriors\WRDungeon\WRDunIntMeaderyFloorFireStr01.nif
WRDunIntMeaderyFloorStairsHall01,0007F89D,Architecture\WhiteRun\WRInteriors\WRDungeon\WRDunIntMeaderyFloorStairsHall01.nif
WRDunIntStr01DoubleHigh01Door,0007F8A6,Architecture\WhiteRun\WRInteriors\WRDungeon\WRDunIntStr01DoubleHigh01Door.nif
Campfire01LandOffCoastBeach,0007F8AB,Clutter\WoodFires\Campfire01LandOff.nif
WRDunIntStr01DoubleHigh01Trans01,0007F8BA,Architecture\WhiteRun\WRInteriors\WRDungeon\WRDunIntStr01DoubleHigh01Trans01.nif
WRDunIntMeaderyPanelInsert01,0007F8DB,Architecture\WhiteRun\WRInteriors\WRDungeon\WRDunIntMeaderyPanelInsert01.nif
WRIntRoofCorR02,0007F8E8,Architecture\WhiteRun\WRInteriors\WRIntRoofCorR02.nif
WRIntRoofWall03,0007F8E9,Architecture\WhiteRun\WRInteriors\WRIntRoofWall03.nif
WRIntRoofCorL02,0007F8EA,Architecture\WhiteRun\WRInteriors\WRIntRoofCorL02.nif
SPatioWall02Snow,0007F929,Architecture\Solitude\SPatioWall02.nif
SPatioWallStairs01Snow,0007F92A,Architecture\Solitude\SPatioWallStairs01.nif
SPatioWallStairs02Snow,0007F92B,Architecture\Solitude\SPatioWallStairs02.nif
SPatioWallSteps01Snow,0007F92C,Architecture\Solitude\SPatioWallSteps01.nif
SPatioWallSteps02Snow,0007F92D,Architecture\Solitude\SPatioWallSteps02.nif
SPatioWall03Snow,0007F92E,Architecture\Solitude\SPatioWall03.nif
SPatioWall30Snow,0007F92F,Architecture\Solitude\SPatioWall30.nif
SPatioCor01Snow,0007F930,Architecture\Solitude\SPatioCor01.nif
SPatioWallEntranceSnow,0007F931,Architecture\Solitude\SPatioWallEntrance.nif
SPatioWall45Snow,0007F932,Architecture\Solitude\SPatioWall45.nif
Splanter01Snow,0007F933,Architecture\Solitude\Splanter01.nif
SnowDriftSm01,0007F948,Landscape\SnowDrifts\SnowDriftSm01.nif
SnowDriftSm02,0007F949,Landscape\SnowDrifts\SnowDriftSm02.nif
SnowDriftSm03,0007F94E,Landscape\SnowDrifts\SnowDriftSm03.nif
RockCliff01ReachMoss01,0007FC4B,Landscape\Rocks\RockCliff01.nif
ImperialTentLarge,000800D9,Architecture\Tents\LargeImperialTent01.nif
ImperialTentSmall,000800DC,Architecture\Tents\SmallImperialTent.nif
NorTentLarge,000800DE,Architecture\Tents\LargeNordicTent01.nif
NorTentSmall,000800E2,Architecture\Tents\SmallNordicTent01.nif
SCastleWall07,00080146,Architecture\Solitude\SCastleWall07.nif
ImpFloorPiece01ice,0008014B,Dungeons\Imperial\ClutterKits\ImpFloorPiece01.nif
ImpFloorChunk01ice,00080157,Dungeons\Imperial\ClutterKits\ImpFloorChunk01.nif
ImpFloorChunk02ice,00080158,Dungeons\Imperial\ClutterKits\ImpFloorChunk02.nif
ImpFloorPiece02ice,00080159,Dungeons\Imperial\ClutterKits\ImpFloorPiece02.nif
SCastleWall08,000801BB,Architecture\Solitude\SCastleWall08.nif
SnowDriftSm04,000801E0,Landscape\SnowDrifts\SnowDriftSm04.nif
SBluePalaceGate,000801ED,Architecture\Solitude\SBluePalaceGate.nif
SBardsCollegeRooms,000801EF,Architecture\Solitude\SBardsCollegeRooms.nif
RockCaveEntrance01ReachDirt01,0008025F,Landscape\Rocks\RockCaveEntrance01.nif
RockPileS01ReachGrass01,000802FA,Landscape\Rocks\RockPileS01.nif
StonewallTerraceStairs01ReachGrass01,00080325,Architecture\Farmhouse\Stonewall\StonewallTerraceStairs01.NIF
StonewallTerraceCorner01ReachGrass01,00080326,Architecture\Farmhouse\Stonewall\StonewallTerraceCorner01.NIF
StonewallTerrace01ReachGrass01,00080327,Architecture\Farmhouse\Stonewall\StonewallTerrace01.NIF
RockPileS02ReachGrass01,00080384,Landscape\Rocks\RockPileS02.nif
RockPileL04ReachMoss01,00080399,Landscape\Rocks\RockPileL04.nif
RockPileL01ReachMoss01,0008039D,Landscape\Rocks\RockPileL01.nif
RockPileS02ReachDirt01,000803E2,Landscape\Rocks\RockPileS02.nif
WHIntWoodRoofMidTop02,000809E1,Architecture\Windhelm\InteriorKits\Wood\WHIntWoodRoofMidTop02.nif
HighPolyBasicBook01,00080A4A,Clutter\Books\Book02\Character Assets\book02.nif
MountainTrim03WetRiverMud,00080AFD,Landscape\Mountains\MountainTrim03Wet.nif
ImpStoneBlock01ice,00080BBC,Dungeons\Imperial\ClutterKits\ImpStoneBlock01.nif
ImpStoneBlock04ice,00080BC1,Dungeons\Imperial\ClutterKits\ImpStoneBlock04.nif
ImpStoneBlock06ice,00080BC2,Dungeons\Imperial\ClutterKits\ImpStoneBlock06.nif
ImpStoneBlock02ice,00080BC3,Dungeons\Imperial\ClutterKits\ImpStoneBlock02.nif
ImpStoneBlock03ice,00080BE3,Dungeons\Imperial\ClutterKits\ImpStoneBlock03.nif
ImpStoneBlock05ice,00080BFD,Dungeons\Imperial\ClutterKits\ImpStoneBlock05.nif
RTWall01Inner,00080C43,Architecture\Riften\Walls\RTWall01Inner.nif
RTWall02Inner,00080C44,Architecture\Riften\Walls\RTWall02Inner.nif
RTWall03Inner,00080C45,Architecture\Riften\Walls\RTWall03Inner.nif
RTWall04Inner,00080C46,Architecture\Riften\Walls\RTWall04Inner.nif
RTWall05Inner,00080C47,Architecture\Riften\Walls\RTWall05Inner.nif
RTWall06Inner,00080C48,Architecture\Riften\Walls\RTWall06Inner.nif
WHgrayquarterLOD02,00080C9D,Architecture\Windhelm\WHgrayquarterLOD02.nif
WHinnlandLOD02,00080CA8,Architecture\Windhelm\WHinnlandLOD02.nif
WHBrunwulfSQLOD02,00080CCE,Architecture\Windhelm\WHBrunwulfSQLOD02.nif
WHmarket01LOD02,00080CD7,Architecture\Windhelm\WHmarket01LOD02.nif
WHpit1LOD02,00080CDC,Architecture\Windhelm\WHpit1LOD02.nif
WHValunstradLOD02,00080CDD,Architecture\Windhelm\WHValunstradLOD02.nif
TrapFallingOilRopeRopeExtender01,00080E19,Traps\OilTrap\TrapOilRopeExtender01.nif
HighHrothgarFloor01,00080E35,Architecture\HighHrothgar\HighHrothgarFloor01.nif
snowmelts01,00080E3B,Landscape\SnowDrifts\snow melts01.nif
HighHrothgarEntrance01,0008118C,Architecture\HighHrothgar\HighHrothgarEntrance01.nif
StonewallTerraceRampDown01ReachGrass01,00081190,Architecture\Farmhouse\Stonewall\StonewallTerraceRampDown01.NIF
StonewallTerraceEndR01ReachGrass01,00081191,Architecture\Farmhouse\Stonewall\StonewallTerraceEndR01.NIF
StonewallTerraceRampUp01ReachGrass01,00081192,Architecture\Farmhouse\Stonewall\StonewallTerraceRampUp01.NIF
StonewallTerrace01ReachDirt01,00081194,Architecture\Farmhouse\Stonewall\StonewallTerrace01.NIF
StonewallTerraceRampDown01ReachDirt01,00081199,Architecture\Farmhouse\Stonewall\StonewallTerraceRampDown01.NIF
StonewallTerraceEndR01ReachDirt01,0008119D,Architecture\Farmhouse\Stonewall\StonewallTerraceEndR01.NIF
StonewallTerraceStairs01ReachDirt01,000811A2,Architecture\Farmhouse\Stonewall\StonewallTerraceStairs01.NIF
StonewallTerraceEndL01ReachDirt01,000811A3,Architecture\Farmhouse\Stonewall\StonewallTerraceEndL01.NIF
StonewallTerraceEndL01ReachGrass01,000811D3,Architecture\Farmhouse\Stonewall\StonewallTerraceEndL01.NIF
StonewallTerraceLong01ReachDirt01,000811D7,Architecture\Farmhouse\Stonewall\StonewallTerraceLong01.NIF
WHfreewall01,00081291,Architecture\Windhelm\WHfreewall01.nif
WHBrunwulf,000812A1,Architecture\Windhelm\WHBrunwulf.nif
VolcanicPlateauC,00081396,Landscape\Volcanic\VolcanicPlateauC.nif
RockPileL03ReachMossyRocks01,00081BB8,Landscape\Rocks\RockPileL03.nif
HighHrothgarTower01,00081C63,Architecture\HighHrothgar\HighHrothgarTower01.nif
DragonPriestMaskAltarIntact01,00081D63,Clutter\DragonPriestMaskAltar\Altar\DragonPriestMaskAltarIntact01.nif
NorDwelling01ExtCourtCap02,00081D6A,Dungeons\Nordic\Exterior\Dwellings\NorDwelling01ExtCourtCap02.nif
NorDwelling03ExtCourtCap02,00081D7C,Dungeons\Nordic\Exterior\Dwellings\NorDwelling03ExtCourtCap02.nif
NorDwelling03ExtCourtCap02Snow,00081D7D,Dungeons\Nordic\Exterior\Dwellings\NorDwelling03ExtCourtCap02.nif
DragonPriestMaskAltarRuined01,00081D9F,Clutter\DragonPriestMaskAltar\Altar\DragonPriestMaskAltarRuined01.nif
CaveGHall3Way01ice,00081DE8,Dungeons\Caves\Green\SmallHall\CaveGHall3Way01.nif
CaveGHallDeadEnd01ice,00081DE9,Dungeons\Caves\Green\SmallHall\CaveGHallDeadEnd01.nif
CaveGPillar06ice,00081DEA,Dungeons\Caves\Green\Pillars\CaveGPillar06.nif
CaveGRoomDoorB03ice,00081DEB,Dungeons\Caves\Green\SmallRoom\CaveGRoomDoorB03.nif
NorBridge1way01x512snow,0008230D,Dungeons\Nordic\Bridges\NorBridge1way01x512.nif
NorBridgeMid1way02Snow,0008230E,Dungeons\Nordic\Bridges\NorBridgeMid1way02.nif
CaveGDirtMound03SnowBlend,00082310,Dungeons\Caves\Green\DirtMound\CaveGDirtMound03.nif
CaveGBalconyStraight03Snow,00082311,Dungeons\Caves\Green\Balcony\CaveGBalconyStraight03.nif
CaveGBalconyICorner02Snow,00082312,Dungeons\Caves\Green\Balcony\CaveGBalconyICorner02.nif
CaveGBalconyStraight02Snow,00082313,Dungeons\Caves\Green\Balcony\CaveGBalconyStraight02.nif
CaveGBalconyMid01Snow,00082315,Dungeons\Caves\Green\Balcony\CaveGBalconyMid01.nif
CaveGBalconyCorner02Snow,00082316,Dungeons\Caves\Green\Balcony\CaveGBalconyCorner02.nif
NorBridgeMidStair01SnowLt,000825D6,Dungeons\Nordic\Bridges\NorBridgeMidStair01.nif
WRBrazierBowl01,0008278C,Architecture\WhiteRun\WRClutter\WRBrazierBowl01.nif
WRBrazier01,0008278D,Architecture\WhiteRun\WRClutter\WRBrazier01.nif
FrozenPoolL01,000829B8,Landscape\Ice\FrozenPoolL01.nif
MrkCrag02LOD,00082A19,Architecture\Markarth\MrkCrag02LOD.nif
NorSculptureHead01ice,00082A47,Dungeons\Nordic\Clutter\NorSculptureHead01.nif
NorSecRmSmWallFrontExSm01ice,00082E72,Dungeons\Nordic\SecretPass\NorSecRmSmWallFrontExSm01.nif
NorSec1way02ice,00082E80,Dungeons\Nordic\SecretPass\NorSec1way02.nif
NorSec2way02ice,00082EA9,Dungeons\Nordic\SecretPass\NorSec2way02.nif
WinterholdSTowerIntWall02,0008316B,Architecture\Winterhold\WinterholdSTowerIntWall02.nif
WinterholdSTowerIntWall01,00083171,Architecture\Winterhold\WinterholdSTowerIntWall01.nif
WinterholdSBTowerIntWall01,0008317B,Architecture\Winterhold\WinterholdSBTowerIntWall01.nif
WinterholdSBTowerIntWall02,0008317C,Architecture\Winterhold\WinterholdSBTowerIntWall02.nif
WinterholdSBTowerIntStairs01,00083196,Architecture\Winterhold\WinterholdSBTowerIntStairs01.nif
CaveGLHall1Way64U01Falmer,000833FC,Dungeons\Caves\Green\LargeHall\CaveGLHall1Way64U01.nif
CaveGLHall1Way01cFalmer,000833FE,Dungeons\Caves\Green\LargeHall\CaveGLHall1Way01c.nif
CaveGLHall2Way02cFalmer,00083402,Dungeons\Caves\Green\LargeHall\CaveGLHall2Way02c.nif
CaveGLHall2Way02cFalmerCustom01,00083403,Dungeons\Caves\Green\LargeHall\CaveGLHall2Way02c.nif
NorRmShaftMidExSm01ice,000835AD,Dungeons\Nordic\Shafts\NorRmShaftMidExSm01.nif
NorRmShaftMid01ice,000835AE,Dungeons\Nordic\Shafts\NorRmShaftMid01.nif
NorRmShaftMidStairDeck01ice,000835B1,Dungeons\Nordic\Shafts\NorRmShaftMidStairDeck01.nif
NorRmShaftMidStair01ice,000835B2,Dungeons\Nordic\Shafts\NorRmShaftMidStair01.nif
NorRmShaftMidStairGroundSup01ice,000835B3,Dungeons\Nordic\Shafts\NorRmShaftMidStairGroundSup01.nif
NorRmShaftMidStairTop01ice,000835B4,Dungeons\Nordic\Shafts\NorRmShaftMidStairTop01.nif
NorRmShaftBot01ice,000835B6,Dungeons\Nordic\Shafts\NorRmShaftBot01.nif
RuinsPot01Staticice,000835CF,Clutter\Ruins\RuinsPot01.nif
RuinsPot03Staticice,000835D1,Clutter\Ruins\RuinsPot03.nif
RTTemplePlazaLand01,00083872,Architecture\Riften\RTTemplePlazaLand01.nif
NorTentSmallLightSnow,00083ADC,Architecture\Tents\SmallNordicTent01.nif
Campfire01LandOffCaveDirt,00083B20,Clutter\WoodFires\Campfire01LandOff.nif
RoadChunkS01DirtPath01,000843F1,Landscape\Roads\RoadChunkS01.nif
RockCaveEntrance02FallForestDirt01,000843F3,Landscape\Rocks\RockCaveEntrance02.nif
StonewallTerrace02ReachGrass01,00084A30,Architecture\Farmhouse\Stonewall\StonewallTerrace02.NIF
MountainTrim02RiverMud01,00084A4C,Landscape\Mountains\MountainTrim02.nif
1stPersonDaedricDagger,00084D0B,Weapons\Daedric\1stPersonDaedricDagger.nif
RockPileL01_Sulfur,000855A7,Landscape\Rocks\RockPileL01.nif
RockCaveEntrance02CoastBeach01,0008569E,Landscape\Rocks\RockCaveEntrance02.nif
NorTentSmallSnow,00085FE4,Architecture\Tents\SmallNordicTent01.nif
SilverCandleStick03,00086015,Clutter\Silver\SilverCandleStick03.nif
SilverCandleStick02,00086016,Clutter\Silver\SilverCandleStick02.nif
SilverCandleStick01,00086017,Clutter\Silver\SilverCandleStick01.nif
Campfire01LandOffSnow,000860C1,Clutter\WoodFires\Campfire01LandOff.nif
SBlackSmith,0008618F,Architecture\Solitude\SBlackSmith.nif
NorCatHallBg3way02,000861A9,Dungeons\Nordic\Catacombs\BgHalls\NorCatHallBg3way02.nif
NorCatHallBg1way02,000861AA,Dungeons\Nordic\Catacombs\BgHalls\NorCatHallBg1way02.nif
TreePineForestLog01BlankSulfur,000864AF,Landscape\Trees\TreePineForestLog01Blank.nif
VolcanicPlateau02,00086789,Landscape\Volcanic\VolcanicPlateau02.nif
RockShelf02,00086920,Landscape\Rocks\RockShelf02.nif
CoastDriftWood01,00086922,Landscape\Trees\CoastDriftWood01.nif
CoastDriftWood02,00086923,Landscape\Trees\CoastDriftWood02.nif
CoastDriftWood03,00086929,Landscape\Trees\CoastDriftWood03.nif
MountainCliffSlopeSnow01_LightSN,00086C2C,Landscape\Mountains\MountainCliffSlope.nif
Whouterwall1,0008718C,Architecture\Windhelm\Whouterwall1.nif
Whouterwall2,0008718D,Architecture\Windhelm\Whouterwall2.nif
RockPileM01Dirt01,00087272,Landscape\Rocks\RockPileM01.nif
RockPileM02RiverMud01,00087286,Landscape\Rocks\RockPileM02.nif
HHSmStaris01,00087765,Architecture\HighHrothgar\HHSmStaris01.nif
HHLGRomCorEnt02,00087768,Architecture\HighHrothgar\HHLGRomCorEnt02.nif
HHLGRomCorEnt01,0008776C,Architecture\HighHrothgar\HHLGRomCorEnt01.nif
HHLGRomCorSol01,0008776D,Architecture\HighHrothgar\HHLGRomCorSol01.nif
HHLGRomCorSol02,0008776E,Architecture\HighHrothgar\HHLGRomCorSol02.nif
HHMainHall01,0008776F,Architecture\HighHrothgar\HHMainHall01.nif
HHMainHallLgBayCon02,00087770,Architecture\HighHrothgar\HHMainHallLgBayCon02.nif
HHMainHallSmBayCon02,00087771,Architecture\HighHrothgar\HHMainHallSmBayCon02.nif
HHMainHallLgBayCon01,00087774,Architecture\HighHrothgar\HHMainHallLgBayCon01.nif
HHMainHallSmBayCon01,00087775,Architecture\HighHrothgar\HHMainHallSmBayCon01.nif
HHMainHall02,00087784,Architecture\HighHrothgar\HHMainHall02.nif
RTWall07Inner,000877DD,Architecture\Riften\Walls\RTWall07Inner.nif
RTWall08Inner,000877DE,Architecture\Riften\Walls\RTWall08Inner.nif
WRIntCastleWallStrWin01,00087801,Architecture\WhiteRun\WRInteriors\WRCastle\WRIntCastleWallStrWin01.nif
WRIntCastleWallCor01,00087805,Architecture\WhiteRun\WRInteriors\WRCastle\WRIntCastleWallCor01.nif
WRIntCastleWallStr01,0008780B,Architecture\WhiteRun\WRInteriors\WRCastle\WRIntCastleWallStr01.nif
WRIntCastleFloorWoodMid01,0008780F,Architecture\WhiteRun\WRInteriors\WRCastle\WRIntCastleFloorWoodMid01.nif
WRIntCastleFreePillar01,00087837,Architecture\WhiteRun\WRInteriors\WRCastle\WRIntCastleFreePillar01.nif
WRIntCastleRoofTopStr01,00087843,Architecture\WhiteRun\WRInteriors\WRCastle\WRIntCastleRoofTopStr01.nif
WRIntCastleRoofMidStr01,00087844,Architecture\WhiteRun\WRInteriors\WRCastle\WRIntCastleRoofMidStr01.nif
WRIntCastleRoofBaseStr01,00087845,Architecture\WhiteRun\WRInteriors\WRCastle\WRIntCastleRoofBaseStr01.nif
WRIntCastleWallStrMainDoor01,00087857,Architecture\WhiteRun\WRInteriors\WRCastle\WRIntCastleWallStrMainDoor01.nif
WRIntCastleWallBaseStrL01,00087859,Architecture\WhiteRun\WRInteriors\WRCastle\WRIntCastleWallBaseStrL01.nif
WRIntCastleWallBaseStrDouble01,0008785A,Architecture\WhiteRun\WRInteriors\WRCastle\WRIntCastleWallBaseStrDouble01.nif
WRIntCastleRoofBaseCorR01,0008785B,Architecture\WhiteRun\WRInteriors\WRCastle\WRIntCastleRoofBaseCorR01.nif
WRIntCastleRoofBaseCorL01,00087860,Architecture\WhiteRun\WRInteriors\WRCastle\WRIntCastleRoofBaseCorL01.nif
WRIntCastleWallBaseStrDouble02,00087863,Architecture\WhiteRun\WRInteriors\WRCastle\WRIntCastleWallBaseStrDouble02.nif
WRIntCastleWallBaseStr01,00087865,Architecture\WhiteRun\WRInteriors\WRCastle\WRIntCastleWallBaseStr01.nif
WRIntCastleRoofTopCap01,0008789E,Architecture\WhiteRun\WRInteriors\WRCastle\WRIntCastleRoofTopCap01.nif
WRIntCastleWallBaseStrR01,000878A0,Architecture\WhiteRun\WRInteriors\WRCastle\WRIntCastleWallBaseStrR01.nif
WRIntCastleRoofBaseCorInRTrans01,000878AB,Architecture\WhiteRun\WRInteriors\WRCastle\WRIntCastleRoofBaseCorInRTrans01.nif
WRIntCastleRoofBaseCorInLTrans01,000878AC,Architecture\WhiteRun\WRInteriors\WRCastle\WRIntCastleRoofBaseCorInLTrans01.nif
WRIntCastleRoofSupportBeam01,000878B1,Architecture\WhiteRun\WRInteriors\WRCastle\WRIntCastleRoofSupportBeam01.nif
WRIntCastleWallCorIn01,000878BA,Architecture\WhiteRun\WRInteriors\WRCastle\WRIntCastleWallCorIn01.nif
WRIntCastleWallBaseStr01Win,000878C1,Architecture\WhiteRun\WRInteriors\WRCastle\WRIntCastleWallBaseStr01Win.nif
WRIntCastleRoofSupportBeam02,000878CF,Architecture\WhiteRun\WRInteriors\WRCastle\WRIntCastleRoofSupportBeam02.nif
WRIntCastlePlatStairs01,000878E1,Architecture\WhiteRun\WRInteriors\WRCastle\WRIntCastlePlatStairs01.nif
WRIntCastleWallStrDoorTrans01,000878EC,Architecture\WhiteRun\WRInteriors\WRCastle\WRIntCastleWallStrDoorTrans01.nif
WRIntCastleWallStrDoor01,00087908,Architecture\WhiteRun\WRInteriors\WRCastle\WRIntCastleWallStrDoor01.nif
WRIntCastlePlatStairsL01,0008790C,Architecture\WhiteRun\WRInteriors\WRCastle\WRIntCastlePlatStairsL01.nif
WRIntCastleWallStStr01,0008792C,Architecture\WhiteRun\WRInteriors\WRCastle\WRIntCastleWallStStr01.nif
WRIntCastleWallStStrPlat,0008792D,Architecture\WhiteRun\WRInteriors\WRCastle\WRIntCastleWallStStrPlat.nif
WRIntCastleWallStCorPlat,00087933,Architecture\WhiteRun\WRInteriors\WRCastle\WRIntCastleWallStCorPlat.nif
WRIntCastleWallDoubleHighStr01,00087943,Architecture\WhiteRun\WRInteriors\WRCastle\WRIntCastleWallDoubleHighStr01.nif
WRIntCastleWallDoubleHighDoorTrans01,00087955,Architecture\WhiteRun\WRInteriors\WRCastle\WRIntCastleWallDoubleHighDoorTrans01.nif
Windhelmbridge,00087C26,Architecture\Windhelm\Windhelmbridge.nif
RoadStraight02Down01ReachDirt01,000880B5,Landscape\Roads\RoadStraight02Down01.nif
WHIntTempleEntrance01,000880F9,Architecture\Windhelm\InteriorKits\WHIntTempleEntrance01.nif
RTWall09Inner,0008849A,Architecture\Riften\Walls\RTWall09Inner.nif
RTWall10Inner,0008849B,Architecture\Riften\Walls\RTWall10Inner.nif
HHLGRomStrSol01,000884A6,Architecture\HighHrothgar\HHLGRomStrSol01.nif
HHMainHallFE02,000884BB,Architecture\HighHrothgar\HHMainHallFE02.nif
HHMainHallBE01,000884BC,Architecture\HighHrothgar\HHMainHallBE01.nif
HHMainHallBE02,000884BD,Architecture\HighHrothgar\HHMainHallBE02.nif
HHMainHallFE01,000884BE,Architecture\HighHrothgar\HHMainHallFE01.nif
FalmerWallPod,000884FC,Architecture\Falmer Hut\WallPod.nif
RoadChunkL01ReachDirt01,000885AA,Landscape\Roads\RoadChunkL01.nif
RoadChunkL02ReachDirt01,000885AB,Landscape\Roads\RoadChunkL02.nif
RoadChunkM04ReachDirt01,000885AC,Landscape\Roads\RoadChunkM04.nif
RoadChunkL03ReachDirt01,000885AD,Landscape\Roads\RoadChunkL03.nif
RoadChunkM02ReachDirt01,000885AE,Landscape\Roads\RoadChunkM02.nif
RoadChunkM03ReachDirt01,000885AF,Landscape\Roads\RoadChunkM03.nif
RoadChunkM01ReachDirt01,000885B0,Landscape\Roads\RoadChunkM01.nif
RoadChunkS02ReachDirt01,000885B9,Landscape\Roads\RoadChunkS02.nif
RoadStraightLongRamp02ReachDirt01,000885D1,Landscape\Roads\RoadStraightLongRamp02.nif
RockPileL01ReachDirt01,000885DE,Landscape\Rocks\RockPileL01.nif
RoadChunkS03ReachDirt01,000885F4,Landscape\Roads\RoadChunkS03.nif
RoadCurveLong45R01ReachDirt01,0008862D,Landscape\Roads\RoadCurveLong45R01.nif
RoadSCurveRamp01ReachDirt01,00088633,Landscape\Roads\RoadSCurveRamp01.nif
RoadStraight01ReachDirt01,0008863F,Landscape\Roads\RoadStraight01.nif
Bridge01ReachDirt01,00088640,Landscape\Bridges\Bridge01.nif
RoadStraightLong01ReachDirt01,0008867C,Landscape\Roads\RoadStraightLong01.nif
DweIchorBarrellFull01,00088895,Clutter\Dwemer\DweIchorBarrellFull01.nif
DweIchorGoo02,00088896,Clutter\Dwemer\DweIchorGoo02.nif
DweIchorGoo01,00088897,Clutter\Dwemer\DweIchorGoo01.nif
RTSouthGate01,0008899E,Architecture\Riften\Walls\RTSouthGate01.nif
DweFurnitureTableAThin01,000889AF,Furniture\Dwemer\DweFurnitureTableAThin01.nif
DweFurnitureTableSqA01,000889B0,Furniture\Dwemer\DweFurnitureTableSqA01.nif
RoadChunkS01ReachDirt01,00088A4A,Landscape\Roads\RoadChunkS01.nif
RoadChunkS04ReachDirt01,00088A4B,Landscape\Roads\RoadChunkS04.nif
MountainTrim01RiverMud01,00088A61,Landscape\Mountains\MountainTrim01.nif
1stPersonMehrunesRazor,00088CB2,Weapons\MehrunesRazor\1stPersonMehrunesRazor.nif
MrkHousingPlayersLOD,00089128,Architecture\Markarth\MrkHousingPlayersLOD.nif
RTLeaves01,0008943F,Architecture\Riften\Clutter\RTLeaves01.nif
RTLeavesFlat01,0008944D,Architecture\Riften\Clutter\RTLeavesFlat01.nif
RTLeavesFlat02,0008944E,Architecture\Riften\Clutter\RTLeavesFlat02.nif
RTLeaves02,00089454,Architecture\Riften\Clutter\RTLeaves02.nif
RockCliff02VolcanicDirt01,00089764,Landscape\Rocks\RockCliff02.nif
RockCliff07VolcanicDirt01,00089769,Landscape\Rocks\RockCliff07.nif
RockCliff08VolcanicDirt01,0008976A,Landscape\Rocks\RockCliff08.nif
RockCliff05VolcanicDirt01,0008976B,Landscape\Rocks\RockCliff05.nif
DirtCliffsIsland01VolcanicDirt01,0008976C,Landscape\DirtCliffs\DirtCliffsIsland01.nif
DirtCliffs02VolcanicDirt01,0008976D,Landscape\DirtCliffs\DirtCliffs02.nif
DirtCliffs03VolcanicDirt01,0008976E,Landscape\DirtCliffs\DirtCliffs03.nif
DirtCliffsCornerIn01VolcanicDirt01,0008976F,Landscape\DirtCliffs\DirtCliffsCornerIn01.nif
RockPileL03Sulfur,000897C4,Landscape\Rocks\RockPileL03.nif
DirtCliffs02VolcanicDirt01Sulfur,000897C5,Landscape\DirtCliffs\DirtCliffs02.nif
DirtCliffsIsland01VolcanicDirt01Sulfur,000897C6,Landscape\DirtCliffs\DirtCliffsIsland01.nif
RockL04Sulfur,000897C7,Landscape\Rocks\RockL04.nif
RockM01Sulfur,000897C8,Landscape\Rocks\RockM01.nif
BoneMammothRibsSulfur,000897CA,Clutter\Bones\MammothRibcage.nif
RockPileM01Sulpur,000897CB,Landscape\Rocks\RockPileM01.nif
VolcanicSteamPool02Sulfur,000897CC,Landscape\Volcanic\VolcanicSteamPool02.nif
RockL02Sulfur,000897CD,Landscape\Rocks\RockL02.nif
RockL01Sulfur,000897CE,Landscape\Rocks\RockL01.nif
RockPileL01Sulfur,000897CF,Landscape\Rocks\RockPileL01.nif
VolcanicPlateauCSulfur,000897D0,Landscape\Volcanic\VolcanicPlateauC.nif
BoneMammothSkull3Sulfur,000897D1,Clutter\Bones\MammothSkull3.nif
BoneMammothRibsBrokenSulfur,000897D2,Clutter\Bones\MammothRibcageBroken.nif
BoneMammothSkull1Sulfur,000897D3,Clutter\Bones\MammothSkull1.nif
DweIchorBarrellFull02,00089961,Clutter\Dwemer\DweIchorBarrellFull02.nif
PeryitePillar01,00089B82,Clutter\Statues\PeyritePillar01.nif
ShipLongBoatAnim01,00089CD7,Dungeons\Ship\ShipLongBoatAnim01.nif
ShipRowBoatAnim01,00089D23,Dungeons\Ship\ShipRowBoatAnim01.nif
RTWall01Outer,00089D93,Architecture\Riften\Walls\RTWall01Outer.nif
RTWall02Outer,00089D94,Architecture\Riften\Walls\RTWall02Outer.nif
MountainCliffSlopeVolcanicDirt01,00089E5B,Landscape\Mountains\MountainCliffSlope.nif
WRWallStr01,00089F28,Architecture\WhiteRun\WRCityWalls\WRWallStr01.nif
WRWallCap01,00089F29,Architecture\WhiteRun\WRCityWalls\WRWallCap01.nif
WRWallCurve45,00089F2C,Architecture\WhiteRun\WRCityWalls\WRWallCurve45.nif
WRWallCurve60,00089F2E,Architecture\WhiteRun\WRCityWalls\WRWallCurve60.nif
WRWallTower01,00089F33,Architecture\WhiteRun\WRCityWalls\WRWallTower01.nif
WRWallStrUp128,00089F34,Architecture\WhiteRun\WRCityWalls\WRWallStrUp128.nif
WRWallStrUp128Shift128,00089F3B,Architecture\WhiteRun\WRCityWalls\WRWallStrUp128Shift128.nif
WRWallRuinsFree01,00089F43,Architecture\WhiteRun\WRCityWalls\WRWallRuinsFree01.nif
WRWallCurve30Up128,00089F89,Architecture\WhiteRun\WRCityWalls\WRWallCurve30Up128.nif
WRWallCurve30Up128A,00089F90,Architecture\WhiteRun\WRCityWalls\WRWallCurve30Up128A.nif
WRWallCurve45Up128,00089F94,Architecture\WhiteRun\WRCityWalls\WRWallCurve45Up128.nif
WRWallTowerCap01,00089FE9,Architecture\WhiteRun\WRCityWalls\WRWallTowerCap01.nif
WRWallStr01Stockades01,00089FEF,Architecture\WhiteRun\WRCityWalls\WRWallStr01Stockades01.nif
DirtCliffsIsland01ReachGrass01,0008A03E,Landscape\DirtCliffs\DirtCliffsIsland01.nif
RockPileL04Snow01NoSnow,0008A0F4,Landscape\Rocks\RockPileL04.nif
DweCustomTowerInt02,0008A360,Dungeons\Dwemer\Clutter\DweCustomTowerInt02.nif
CaveGHall2Way01cIce,0008A81B,Dungeons\Caves\Green\SmallHall\CaveGHall2Way01c.nif
ArcheryTargetSnow,0008A874,Clutter\Common\ArcheryTarget01.nif
TGRItemMarker,0008A91A,Clutter\DummyItems\DummyTGRLoot.nif
HighPolyBookLarge02,0008ADAE,Clutter\Books\Book02\Character Assets\Book02Large02.nif
HighPolyBookLarge01,0008ADAF,Clutter\Books\Book02\Character Assets\Book02Large01.nif
HighPolyBookMQ103,0008ADB0,Clutter\Books\Book02\Character Assets\Book02MQ103.nif
HighPolyBookDA07,0008ADB1,Clutter\Books\Book02\Character Assets\Book02Da07.nif
HighPolyBookOghmaInfinium,0008ADB2,Clutter\Books\Book02\Character Assets\Book02OhgmaInfinium.nif
HighPolyBookMS06,0008ADB3,Clutter\Books\Book02\Character Assets\Book02MS06.nif
HighPolyBookDA01,0008ADB4,Clutter\Books\Book02\Character Assets\Book02Da01.nif
MalacathStatue,0008ADCA,Clutter\Statues\MalacathStatue01.nif
BeeHive01,0008AF3A,Clutter\BeeHive01.nif
RoadCurveLong45RRamp01,0008AF6B,Landscape\Roads\RoadCurveLong45RRamp01.nif
RoadCurveLong45RRamp02,0008AF6C,Landscape\Roads\RoadCurveLong45RRamp02.nif
RoadCurveLong45LRamp01,0008AF6E,Landscape\Roads\RoadCurveLong45LRamp01.nif
RoadCurveLong45LRamp02,0008AF6F,Landscape\Roads\RoadCurveLong45LRamp02.nif
DirtCliffs05PineForest01,0008B025,Landscape\DirtCliffs\DirtCliffs05.nif
NorBridgePitWallFront02ice,0008B069,Dungeons\Nordic\Bridges\NorBridgePitWallFront02.nif
HighPolyBookMG03,0008BB2E,Clutter\Books\Book02\Character Assets\Book02MG03.nif
RockCliff07FallForestGrass01,0008BF21,Landscape\Rocks\RockCliff07.nif
RockCliff08FallForestGrass01,0008BF22,Landscape\Rocks\RockCliff08.nif
OrcLonghouseInterior01,0008BF71,Architecture\OrcLonghouse\OrcLonghouseInterior01.nif
OrcLonghouseInteriorSC01,0008BFFE,Architecture\OrcLonghouse\OrcLonghouseInteriorSC01.nif
RTMeadery01,0008C018,Architecture\Riften\RTMeadery01.nif
FirewoodPileLarge01_LightSN,0008C238,Clutter\Firewood\FirewoodPileLarge01.nif
TreeReach02_LightSN,0008C23A,Landscape\Trees\ReachTree02.nif
TreeReach02_HeavySN,0008C23B,Landscape\Trees\ReachTree02.nif
RockCliff07ReachGrass01_LightSN,0008C2B1,Landscape\Rocks\RockCliff07.nif
RifRmRailing01,0008C48E,Architecture\Riften\Interior\RifRmRailing01.nif
NobleTableLong01,0008C4B1,Furniture\Noble\NobleTableLong01.nif
HHStairs02,0008C75B,Architecture\HighHrothgar\HHStairs02.nif
HHStairs01,0008C75C,Architecture\HighHrothgar\HHStairs01.nif
DweFacadeLiftLeverSTATIC,0008CB85,Dungeons\Dwemer\Facades\DweFacadeLiftLeverLoadUp01.nif
DweCivWarWall01,0008CC92,Dungeons\Dwemer\Clutter\DweCivWarWall01.nif
DweCivWarWallEndcap01,0008CC93,Dungeons\Dwemer\Clutter\DweCivWarWallEndcap01.nif
DweCivWarWallEndpost01,0008CC94,Dungeons\Dwemer\Clutter\DweCivWarWallEndpost01.nif
IceFloesSolid01,0008CCFE,Landscape\Ice\IceFloesSolid01.nif
TundraPond01Snow01,0008CD45,Landscape\Tundra\TundraPond01.nif
TundraStreamBend01Snow01,0008CD62,Landscape\Tundra\TundraStreamBend01.nif
RockShelf01PineForest02,0008D069,Landscape\Rocks\RockShelf01.nif
MountainTrimSlab_SparseSN,0008D123,Landscape\Mountains\MountainTrimSlab.nif
DweChandelier01Simple,0008D28A,Dungeons\Dwemer\DweChandelier03.nif
DweChandelier01Bare,0008D28B,Dungeons\Dwemer\DweChandelier04.nif
DweChandelierExtension,0008D28C,Dungeons\Dwemer\DweChandelierExtension.nif
WHIntArena01,0008D56F,Architecture\Windhelm\InteriorKits\WHIntArena01.nif
DweClutterIncenseBrnr01,0008D5FB,Dungeons\Dwemer\Clutter\DweClutterIncenseBrnr01.nif
NorRmBgWallSideExSm01ice,0008DAB6,Dungeons\Nordic\BgRooms\NorRmBgWallSideExSm01.nif
IcebergSmall01_HeavySN,0008E2C0,Landscape\Ice\IcebergSmall01.nif
SBardsCollege_LOD,0008E2CC,Architecture\Solitude\SBardsCollege_LOD.nif
SBitsandPieces_LOD,0008E2CD,Architecture\Solitude\SBits and Pieces_LOD.nif
SBluePalace_LOD,0008E2CE,Architecture\Solitude\SBluePalace_LOD.nif
SBrylingHouse_LOD,0008E2CF,Architecture\Solitude\SBryling House_LOD.nif
SErikurHouse_LOD,0008E2D0,Architecture\Solitude\SErikur House_LOD.nif
SEvetteSanHouse_LOD,0008E2D1,Architecture\Solitude\SEvette San House_LOD.nif
SHMd_Apothecary_LOD,0008E2D2,Architecture\Solitude\SHMd_Apothecary_LOD.nif
SHouseForSale_LOD,0008E2D3,Architecture\Solitude\SHouseForSale_LOD.nif
SMuseleum_LOD,0008E2D4,Architecture\Solitude\SMuseleum_LOD.nif
SRaidiantRaiments_LOD,0008E2D5,Architecture\Solitude\SRaidiantRaiments_LOD.nif
SStyrrsHouse_LOD,0008E2D6,Architecture\Solitude\SStyrrsHouse_LOD.nif
STheWinkingSkeever_LOD,0008E2D7,Architecture\Solitude\SThe Winking Skeever_LOD.nif
SVittoriaViciHouse_LOD,0008E2D8,Architecture\Solitude\SVittoriaViciHouse_LOD.nif
SWell_LOD,0008E2D9,Architecture\Solitude\SWell_LOD.nif
SNineDivine,0008E2DE,Architecture\Solitude\SNineDivine.nif
SolitudeBaseMarket,0008E2DF,Architecture\Solitude\SolitudeBaseMarket.nif
FalmerTotem01,0008E5E1,Clutter\FalmerTotems\falmertotem.nif
WeaponRackEndCap,0008E5FE,Clutter\WeaponRack\WRSingleEndCap01.nif
DwePipe1wayPiston01,0008E813,Dungeons\Dwemer\Pipes\DwePipe1wayPiston01.nif
DwePipeGearAssemblyCW01,0008E814,Dungeons\Dwemer\Pipes\DwePipeGearAssemblyCW01.nif
DwePipeGearAssembly02,0008E815,Dungeons\Dwemer\Pipes\DwePipeGearAssembly02.nif
DwePipeGearAssemblyExtraCCW01,0008E816,Dungeons\Dwemer\Pipes\DwePipeGearAssemblyExtraCCW01.nif
DwePipeBoiler01,0008E823,Dungeons\Dwemer\Pipes\DwePipeBoiler01.nif
DwePipeBoiler02,0008E824,Dungeons\Dwemer\Pipes\DwePipeBoiler02.nif
DwePipeGearAssemblyCCW01,0008E82D,Dungeons\Dwemer\Pipes\DwePipeGearAssemblyCCW01.nif
DwePipeGearAssemblyExtraCW01,0008E82E,Dungeons\Dwemer\Pipes\DwePipeGearAssemblyExtraCW01.nif
RoadCurveLong45LRamp02FallForestDirt01,0008ECCE,Landscape\Roads\RoadCurveLong45LRamp02.nif
CaveGEICorner04Holeice,0008EFAE,Dungeons\Caves\Green\Epic\CaveGEICorner04Hole.nif
CaveGECorner03Holeice,0008EFB8,Dungeons\Caves\Green\Epic\CaveGECorner03Hole.nif
CaveGECorner03ice,0008EFBE,Dungeons\Caves\Green\Epic\CaveGECorner03.nif
CaveGECorner04Holeice,0008EFC1,Dungeons\Caves\Green\Epic\CaveGECorner04Hole.nif
CaveGECorner04ice,0008F0B2,Dungeons\Caves\Green\Epic\CaveGECorner04.nif
CaveGEICorner04ice,0008F0B3,Dungeons\Caves\Green\Epic\CaveGEICorner04.nif
CaveGECorner03cice,0008F0B4,Dungeons\Caves\Green\Epic\CaveGECorner03c.nif
CaveGECorner04cice,0008F0B5,Dungeons\Caves\Green\Epic\CaveGECorner04c.nif
CaveGLRoomCorner03cice,0008F0E8,Dungeons\Caves\Green\LargeRoom\CaveGLRoomCorner03c.nif
CaveGLRoomMid01cice,0008F0E9,Dungeons\Caves\Green\LargeRoom\CaveGLRoomMid01c.nif
MrkShrineDoorway01,0008F1A1,Architecture\Markarth\MrkShrineDoorway01.nif
ImpJailWall03,0008F614,Dungeons\Imperial\Jail\ImpJailWall03.nif
StatueDibella,0008F965,Clutter\Statues\StatueDibella.nif
WHIntCastleHall1Way05,0008FA66,Architecture\Windhelm\InteriorKits\Castle\WHIntCastleHall1Way05.nif
WHIntCastleHall4Way01,0008FA67,Architecture\Windhelm\InteriorKits\Castle\WHIntCastleHall4Way01.nif
WHIntCastleHallArch03,0008FA6A,Architecture\Windhelm\InteriorKits\Castle\WHIntCastleHallArch03.nif
WHIntCastleHallArch04,0008FA6B,Architecture\Windhelm\InteriorKits\Castle\WHIntCastleHallArch04.nif
WHIntCastleHallWindow01,0008FA6F,Architecture\Windhelm\InteriorKits\Castle\WHIntCastleHallWindow01.nif
WHIntCastleHall1Way01,0008FA71,Architecture\Windhelm\InteriorKits\Castle\WHIntCastleHall1Way01.nif
WHIntCastleHall1Way02,0008FA72,Architecture\Windhelm\InteriorKits\Castle\WHIntCastleHall1Way02.nif
WHIntCastleHall1Way03,0008FA73,Architecture\Windhelm\InteriorKits\Castle\WHIntCastleHall1Way03.nif
WHIntCastleHallArch06,0008FA8E,Architecture\Windhelm\InteriorKits\Castle\WHIntCastleHallArch06.nif
WRCastleMainBuilding01LOD,0008FC40,Architecture\WhiteRun\WRBuildings\WRCastleMainBuilding01LOD.nif
WRCastleStoneTowerTop01,0008FC41,Architecture\WhiteRun\WRBuildings\WRCastleStoneTowerTop01.nif
WRCastleBridge01LOD,0008FC43,Architecture\WhiteRun\WRBuildings\WRCastleBridge01LOD.nif
RockPileL04VolcanicDirt01,00090725,Landscape\Rocks\RockPileL04.nif
TorchPermanent01,00090726,Clutter\Common\TorchPermanent01.nif
TorchPermanentOff,00090728,Clutter\Common\TorchPermanentOff.nif
GlacierStraightLg01,00090942,Landscape\Ice\GlacierStraightLg01.nif
WHIntCastleHallArch07,00090982,Architecture\Windhelm\InteriorKits\Castle\WHIntCastleHallArch07.nif
WHdockdoortrim,00090983,Architecture\Windhelm\WHdockdoortrim.nif
WRHouse02LOD,00090BAE,Architecture\WhiteRun\WRBuildings\WRHouse02LOD.nif
WRHouseBanneredMare01LOD,00090C4D,Architecture\WhiteRun\WRBuildings\WRHouseBanneredMare01LOD.nif
WRHouseBlackSmith01LOD,00090C4E,Architecture\WhiteRun\WRBuildings\WRHouseBlackSmith01LOD.nif
WRHouseStores01LOD,00090C4F,Architecture\WhiteRun\WRBuildings\WRHouseStores01LOD.nif
WRHouseStores02LOD,00090C50,Architecture\WhiteRun\WRBuildings\WRHouseStores02LOD.nif
OrcLonghouse01_LightSN,00090CBE,Architecture\OrcLonghouse\OrcLonghouse01.nif
StockadePike01_LightSN,00090CC8,Clutter\Stockade\StockadePike01.nif
WRGuardHouse01Arch01,00090D17,Architecture\WhiteRun\WRTerrain\WRGuardHouse01Arch01.nif
SBluePalaceInner,00090E66,Architecture\Solitude\SBluePalaceInner.nif
SBluePalaceEntrance,00090E67,Architecture\Solitude\SBluePalaceEntrance.nif
HHColumn01,00090E72,Architecture\HighHrothgar\HHColumn01.nif
HHMountainRidge01,00090E82,Landscape\Unique\HHMountainRidge01.nif
HighHrothgarTowerFloor,00090E8F,Architecture\HighHrothgar\HighHrothgarTowerFloor.nif
CommonBedStatic,00090F13,Furniture\Common\CommonBed01.nif
ImpDoorExtHoleDoorLoad01_Static,00090FE8,Dungeons\Imperial\Door\ImpWoodDoorSingleSmallLoad01.nif
Lantern,0009151C,Clutter\Common\CandleLantern01.nif
StatueTalos01,00091712,Clutter\Statues\StatueTalos01.nif
WRBreezehome01LOD,000917D5,Architecture\WhiteRun\WRBuildings\WRBreezehome01LOD.nif
WRHouseGreyMane01LOD,000917D6,Architecture\WhiteRun\WRBuildings\WRHouseGreyMane01LOD.nif
WRHouseWind02LOD,000917D7,Architecture\WhiteRun\WRBuildings\WRHouseWind02LOD.nif
WRHouseWind01LOD,000917D8,Architecture\WhiteRun\WRBuildings\WRHouseWind01LOD.nif
WRHouseWind03LOD,000917E1,Architecture\WhiteRun\WRBuildings\WRHouseWind03LOD.nif
WRHouseWind04LOD,000917E2,Architecture\WhiteRun\WRBuildings\WRHouseWind04LOD.nif
CameraTest,000917E3,Cameras\CameraTest.nif
RoadStraight02CaveDirt,000918C2,Landscape\Roads\RoadStraight02.nif
RoadCurveLong45R01caveDirt,000918C5,Landscape\Roads\RoadCurveLong45R01.nif
RoadCurveLong45LRamp02caveDirt,000918CA,Landscape\Roads\RoadCurveLong45LRamp02.nif
CaveGLHall1Way128R01Ice,000919FB,Dungeons\Caves\Green\LargeHall\CaveGLHall1Way128R01.nif
CaveGPillar04Ice,000919FC,Dungeons\Caves\Green\Pillars\CaveGPillar04.nif
CaveGLRoomDoorL02Ice,000919FD,Dungeons\Caves\Green\LargeRoom\CaveGLRoomDoorL02.nif
CaveGLRoomCorner01cIce,000919FE,Dungeons\Caves\Green\LargeRoom\CaveGLRoomCorner01c.nif
Walkway01Snow,00091A01,Architecture\Farmhouse\Walkway\Walkway01.nif
WalkwayCWallGate01Snow,00091A02,Architecture\Farmhouse\Walkway\WalkwayCWallGate01.nif
WalkwayCEntWall01Snow,00091A03,Architecture\Farmhouse\Walkway\WalkwayCEntWall01.nif
WalkwayCWallEnd01Snow,00091A04,Architecture\Farmhouse\Walkway\WalkwayCWallEnd01.nif
WalkwayStairs8Snow,00091A05,Architecture\Farmhouse\Walkway\WalkwayStairs8.nif
WalkwayStairs15Snow,00091A06,Architecture\Farmhouse\Walkway\WalkwayStairs15.nif
Farmhouse04WalkwaySnow,00091A07,Architecture\Farmhouse\Farmhouse04Walkway.nif
Farmhouse03WalkwaySnow,00091A08,Architecture\Farmhouse\Farmhouse03Walkway.nif
FenceWoven01Snow,00091A09,Architecture\Farmhouse\FenceWoven01.NIF
FenceWoven02Snow,00091A0A,Architecture\Farmhouse\FenceWoven02.NIF
WalkwayCWall01Snow,00091A0B,Architecture\Farmhouse\Walkway\WalkwayCWall01.nif
WalkwayStairs3Snow,00091A0C,Architecture\Farmhouse\Walkway\WalkwayStairs3.nif
WalkwayRamp01Snow,00091A0D,Architecture\Farmhouse\Walkway\WalkwayRamp01.nif
WalkwayStairs1Snow,00091A0E,Architecture\Farmhouse\Walkway\WalkwayStairs1.nif
WalkwayStairs4Snow,00091A0F,Architecture\Farmhouse\Walkway\WalkwayStairs4.nif
WalkwayCEnd02Snow,00091A10,Architecture\Farmhouse\Walkway\WalkwayCEnd02.nif
WalkwayREnd01Snow,00091A11,Architecture\Farmhouse\Walkway\WalkwayREnd01.nif
RoadCurve90R01Ice,00091A1F,Landscape\Roads\RoadCurve90R01.nif
Road3way01Ice,00091A20,Landscape\Roads\Road3way01.nif
RoadStraightLongRamp02Ice,00091A22,Landscape\Roads\RoadStraightLongRamp02.nif
RoadSCurveR01Ice,00091A23,Landscape\Roads\RoadSCurveR01.nif
RockPileL03caveDirt,00091B0F,Landscape\Rocks\RockPileL03.nif
RockPileL01CaveDirt,00091B2A,Landscape\Rocks\RockPileL01.nif
RoadStraightLong02ReachDirt01,0009202B,Landscape\Roads\RoadStraightLong02.nif
TrailerCam_Markarth01,00092124,Cameras\TrailerCam_Markarth01.nif
LargeRainBarrel01,00092129,Clutter\LargeRainBarrel01.nif
CaveIIcicleLarge03,0009216B,Dungeons\Caves\Ice\Clutter\CaveIIcicleLarge03.nif
CaveIIcicleLarge04,0009216C,Dungeons\Caves\Ice\Clutter\CaveIIcicleLarge04.nif
CaveIIcicleMed01,0009216F,Dungeons\Caves\Ice\Clutter\CaveIIcicleMed01.nif
CaveIIcicleMed02,00092170,Dungeons\Caves\Ice\Clutter\CaveIIcicleMed02.nif
CaveIIcicleMed03,00092171,Dungeons\Caves\Ice\Clutter\CaveIIcicleMed03.nif
CaveIIcicleLarge01,00092172,Dungeons\Caves\Ice\Clutter\CaveIIcicleLarge01.nif
CaveIIcicleLarge02,00092174,Dungeons\Caves\Ice\Clutter\CaveIIcicleLarge02.nif
ShipLargeKatariah02,00092183,Dungeons\Ship\ShipLargeKatariah02.nif
BlackreachEPillar03,00092186,Dungeons\Caves\Blackreach\BlackreachEPillar03.nif
BlackreachEPillar04,00092188,Dungeons\Caves\Blackreach\BlackreachEPillar04.nif
BlackreachEPillar05,00092189,Dungeons\Caves\Blackreach\BlackreachEPillar05.nif
BlackreachEPillar06,0009218B,Dungeons\Caves\Blackreach\BlackreachEPillar06.nif
BlackreachEWall01,0009218D,Dungeons\Caves\Blackreach\BlackreachEWall01.nif
BlackreachEWall01c,0009218E,Dungeons\Caves\Blackreach\BlackreachEWall01c.nif
BlackreachEWall01Hole,0009218F,Dungeons\Caves\Blackreach\BlackreachEWall01Hole.nif
BlackreachEWall02,00092190,Dungeons\Caves\Blackreach\BlackreachEWall02.nif
BlackreachEWall02c,00092191,Dungeons\Caves\Blackreach\BlackreachEWall02c.nif
BlackreachEWall02Hole,00092192,Dungeons\Caves\Blackreach\BlackreachEWall02Hole.nif
BlackreachEWall03,00092193,Dungeons\Caves\Blackreach\BlackreachEWall03.nif
BlackreachEWall03c,00092198,Dungeons\Caves\Blackreach\BlackreachEWall03c.nif
BlackreachEWall03Hole,00092199,Dungeons\Caves\Blackreach\BlackreachEWall03Hole.nif
BlackreachEWall04,0009219A,Dungeons\Caves\Blackreach\BlackreachEWall04.nif
BlackreachEWall04c,0009219B,Dungeons\Caves\Blackreach\BlackreachEWall04c.nif
BlackreachEWall04Hole,0009219F,Dungeons\Caves\Blackreach\BlackreachEWall04Hole.nif
BlackreachEWallCorner01,000921A0,Dungeons\Caves\Blackreach\BlackreachEWallCorner01.nif
BlackreachEWallCorner02,000921A1,Dungeons\Caves\Blackreach\BlackreachEWallCorner02.nif
BlackreachEWallInCorner01,000921A2,Dungeons\Caves\Blackreach\BlackreachEWallInCorner01.nif
BlackreachEWallInCorner02,000921A3,Dungeons\Caves\Blackreach\BlackreachEWallInCorner02.nif
BlackreachEWallStraight01,000921A4,Dungeons\Caves\Blackreach\BlackreachEWallStraight01.nif
BlackreachEWallStraight02,000921A5,Dungeons\Caves\Blackreach\BlackreachEWallStraight02.nif
BlackreachEWallUp01,000921A6,Dungeons\Caves\Blackreach\BlackreachEWallUp01.nif
BlackreachEWallUp02,000921A7,Dungeons\Caves\Blackreach\BlackreachEWallUp02.nif
BlackreachEWallUp03,000921A8,Dungeons\Caves\Blackreach\BlackreachEWallUp03.nif
BlackreachEWallUp04,000921AA,Dungeons\Caves\Blackreach\BlackreachEWallUp04.nif
BlackreachEBalconyCorner01,000921AB,Dungeons\Caves\Blackreach\BlackreachEBalconyCorner01.nif
BlackreachEBalconyCorner02,000921AC,Dungeons\Caves\Blackreach\BlackreachEBalconyCorner02.nif
BlackreachEBalconyCorner03,000921AD,Dungeons\Caves\Blackreach\BlackreachEBalconyCorner03.nif
BlackreachEBalconyCorner04,000921B1,Dungeons\Caves\Blackreach\BlackreachEBalconyCorner04.nif
BlackreachEBalconyCurve01,000921B2,Dungeons\Caves\Blackreach\BlackreachEBalconyCurve01.nif
BlackreachEBalconyCurve02,000921B3,Dungeons\Caves\Blackreach\BlackreachEBalconyCurve02.nif
BlackreachEBalconyCurve03,000921B4,Dungeons\Caves\Blackreach\BlackreachEBalconyCurve03.nif
BlackreachEBalconyCurve04,000921B6,Dungeons\Caves\Blackreach\BlackreachEBalconyCurve04.nif
BlackreachEBalconyICorner01,000921BE,Dungeons\Caves\Blackreach\BlackreachEBalconyICorner01.nif
BlackreachEBalconyICorner02,000921BF,Dungeons\Caves\Blackreach\BlackreachEBalconyICorner02.nif
BlackreachEBalconyICorner03,000921C0,Dungeons\Caves\Blackreach\BlackreachEBalconyICorner03.nif
BlackreachEBalconyICorner04,000921C1,Dungeons\Caves\Blackreach\BlackreachEBalconyICorner04.nif
BlackreachEBalconyMid01,000921C2,Dungeons\Caves\Blackreach\BlackreachEBalconyMid01.nif
BlackreachEBalconyMid02,000921C3,Dungeons\Caves\Blackreach\BlackreachEBalconyMid02.nif
BlackreachEBalconyRamp01,000921C4,Dungeons\Caves\Blackreach\BlackreachEBalconyRamp01.nif
BlackreachEBalconyRamp02,000921C6,Dungeons\Caves\Blackreach\BlackreachEBalconyRamp02.nif
BlackreachEBalconyShaftBridge01,000921C7,Dungeons\Caves\Blackreach\BlackreachEBalconyShaftBridge01.nif
BlackreachEBalconyShelf01,000921C8,Dungeons\Caves\Blackreach\BlackreachEBalconyShelf01.nif
BlackreachEBalconyShelf02,000921C9,Dungeons\Caves\Blackreach\BlackreachEBalconyShelf02.nif
BlackreachEBalconyStraight01,000921CA,Dungeons\Caves\Blackreach\BlackreachEBalconyStraight01.nif
BlackreachEBalconyStraight02,000921CB,Dungeons\Caves\Blackreach\BlackreachEBalconyStraight02.nif
BlackreachEBalconyStraight03,000921CC,Dungeons\Caves\Blackreach\BlackreachEBalconyStraight03.nif
BlackreachEBalconyStraight04,000921CD,Dungeons\Caves\Blackreach\BlackreachEBalconyStraight04.nif
BlackreachECorner01,000921CE,Dungeons\Caves\Blackreach\BlackreachECorner01.nif
BlackreachECorner01c,000921D1,Dungeons\Caves\Blackreach\BlackreachECorner01c.nif
BlackreachECorner01Hole,000921D2,Dungeons\Caves\Blackreach\BlackreachECorner01Hole.nif
BlackreachECorner02,000921D3,Dungeons\Caves\Blackreach\BlackreachECorner02.nif
BlackreachECorner02c,000921D4,Dungeons\Caves\Blackreach\BlackreachECorner02c.nif
BlackreachECorner02Hole,000921D5,Dungeons\Caves\Blackreach\BlackreachECorner02Hole.nif
BlackreachECorner03,000921D6,Dungeons\Caves\Blackreach\BlackreachECorner03.nif
BlackreachECorner03c,000921D7,Dungeons\Caves\Blackreach\BlackreachECorner03c.nif
BlackreachECorner03Hole,000921D8,Dungeons\Caves\Blackreach\BlackreachECorner03Hole.nif
BlackreachECorner04,000921DA,Dungeons\Caves\Blackreach\BlackreachECorner04.nif
BlackreachECorner04c,000921DB,Dungeons\Caves\Blackreach\BlackreachECorner04c.nif
BlackreachECorner04Hole,000921DD,Dungeons\Caves\Blackreach\BlackreachECorner04Hole.nif
BlackreachECornerUp01,000921E0,Dungeons\Caves\Blackreach\BlackreachECornerUp01.nif
BlackreachECornerUp02,000921E1,Dungeons\Caves\Blackreach\BlackreachECornerUp02.nif
BlackreachECornerUp03,000921E4,Dungeons\Caves\Blackreach\BlackreachECornerUp03.nif
BlackreachECornerUp04,000921E6,Dungeons\Caves\Blackreach\BlackreachECornerUp04.nif
BlackreachEDoor01,000921E7,Dungeons\Caves\Blackreach\BlackreachEDoor01.nif
BlackreachEDoor01Hole,000921E9,Dungeons\Caves\Blackreach\BlackreachEDoor01Hole.nif
BlackreachEDoor02,000921EB,Dungeons\Caves\Blackreach\BlackreachEDoor02.nif
BlackreachEDoor02Hole,000921EC,Dungeons\Caves\Blackreach\BlackreachEDoor02Hole.nif
BlackreachEDoor03,000921EE,Dungeons\Caves\Blackreach\BlackreachEDoor03.nif
BlackreachEDoor03Hole,000921EF,Dungeons\Caves\Blackreach\BlackreachEDoor03Hole.nif
BlackreachEDoor04,000921F0,Dungeons\Caves\Blackreach\BlackreachEDoor04.nif
BlackreachEDoor04Hole,000921F1,Dungeons\Caves\Blackreach\BlackreachEDoor04Hole.nif
BlackreachEDoorUp01,000921F2,Dungeons\Caves\Blackreach\BlackreachEDoorUp01.nif
BlackreachEDoorUp01Hole,000921F3,Dungeons\Caves\Blackreach\BlackreachEDoorUp01Hole.nif
BlackreachEDoorUp02,000921F4,Dungeons\Caves\Blackreach\BlackreachEDoorUp02.nif
BlackreachEDoorUp02Hole,000921F5,Dungeons\Caves\Blackreach\BlackreachEDoorUp02Hole.nif
BlackreachEDoorUp03,000921F6,Dungeons\Caves\Blackreach\BlackreachEDoorUp03.nif
BlackreachEDoorUp03Hole,000921F8,Dungeons\Caves\Blackreach\BlackreachEDoorUp03Hole.nif
BlackreachEDoorUp04,000921F9,Dungeons\Caves\Blackreach\BlackreachEDoorUp04.nif
BlackreachEDoorUp04Hole,000921FA,Dungeons\Caves\Blackreach\BlackreachEDoorUp04Hole.nif
BlackreachEICorner01,000921FB,Dungeons\Caves\Blackreach\BlackreachEICorner01.nif
BlackreachEICorner01Hole,000921FC,Dungeons\Caves\Blackreach\BlackreachEICorner01Hole.nif
BlackreachEICorner02,000921FD,Dungeons\Caves\Blackreach\BlackreachEICorner02.nif
BlackreachEICorner02Hole,000921FE,Dungeons\Caves\Blackreach\BlackreachEICorner02Hole.nif
BlackreachEICorner03,00092200,Dungeons\Caves\Blackreach\BlackreachEICorner03.nif
BlackreachEICorner03Hole,00092201,Dungeons\Caves\Blackreach\BlackreachEICorner03Hole.nif
BlackreachEICorner04,00092202,Dungeons\Caves\Blackreach\BlackreachEICorner04.nif
BlackreachEICorner04Hole,00092203,Dungeons\Caves\Blackreach\BlackreachEICorner04Hole.nif
BlackreachEICornerUp01,00092205,Dungeons\Caves\Blackreach\BlackreachEICornerUp01.nif
BlackreachEICornerUp02,00092206,Dungeons\Caves\Blackreach\BlackreachEICornerUp02.nif
BlackreachEICornerUp03,0009220A,Dungeons\Caves\Blackreach\BlackreachEICornerUp03.nif
BlackreachEICornerUp04,0009220B,Dungeons\Caves\Blackreach\BlackreachEICornerUp04.nif
BlackreachEMid01c,0009220C,Dungeons\Caves\Blackreach\BlackreachEMid01c.nif
BlackreachEPillar01,0009220D,Dungeons\Caves\Blackreach\BlackreachEPillar01.nif
BlackreachEPillar02,0009220E,Dungeons\Caves\Blackreach\BlackreachEPillar02.nif
IceFloesSolid02,00092217,Landscape\Ice\IceFloesSolid02.nif
GlacierSlab01,0009222A,Landscape\Ice\GlacierSlab01.nif
MountainTrim02VolcanicDirt01,000924A3,Landscape\Mountains\MountainTrim02.nif
MountainTrim01VolcanicDirt01,000924A4,Landscape\Mountains\MountainTrim01.nif
1stPersonDaedricGreatSword,00092505,Weapons\Daedric\1stPersonDaedricGreatSword.nif
SEastEmpireCO,00092527,Architecture\Solitude\SEastEmpireCO.nif
DockStrEnt03,0009252A,Architecture\Docks\DockStrEnt03.nif
DockStrEnt04,0009252C,Architecture\Docks\DockStrEnt04.nif
SEastEmpireSign,00092543,Architecture\Solitude\SEastEmpireSign.nif
DwePtnWall01A,00092B21,Dungeons\Dwemer\Partitions\DwePtnWall01A.nif
MrkStablesMid01,00092C94,Dungeons\Dwemer\Clutter\MrkStablesMid01.nif
MrkStablesLft01,00092C95,Dungeons\Dwemer\Clutter\MrkStablesLft01.nif
MrkStablesRt01,00092C96,Dungeons\Dwemer\Clutter\MrkStablesRt01.nif
RockCliff08Tundra01,00092DA9,Landscape\Rocks\RockCliff08.nif
StatueDibellaFlower,00092DE5,Clutter\Statues\StatueDibellaFlower.nif
StonewallTerraceStairs01FallForest,00093076,Architecture\Farmhouse\Stonewall\StonewallTerraceStairs01.NIF
StonewallTerraceCorner01FallForest,00093077,Architecture\Farmhouse\Stonewall\StonewallTerraceCorner01.NIF
StonewallTerrace02FallForest,00093078,Architecture\Farmhouse\Stonewall\StonewallTerrace02.NIF
StonewallTerrace01FallForest,00093079,Architecture\Farmhouse\Stonewall\StonewallTerrace01.NIF
StonewallTerraceLong02FallForest,0009307A,Architecture\Farmhouse\Stonewall\StonewallTerraceLong02.NIF
StonewallTerraceEndR01FallForest,0009307B,Architecture\Farmhouse\Stonewall\StonewallTerraceEndR01.NIF
StonewallTerraceEndL01FallForest,0009307C,Architecture\Farmhouse\Stonewall\StonewallTerraceEndL01.NIF
FarmInn01Snow,0009307D,Architecture\Farmhouse\Inn01.nif
StonewallTerraceStairs01FieldGrass,00093081,Architecture\Farmhouse\Stonewall\StonewallTerraceStairs01.NIF
StonewallTerrace01FieldGrass,00093082,Architecture\Farmhouse\Stonewall\StonewallTerrace01.NIF
StonewallTerrace02FieldGrass,00093084,Architecture\Farmhouse\Stonewall\StonewallTerrace02.NIF
StonewallTerraceCorner01FieldGrass,00093085,Architecture\Farmhouse\Stonewall\StonewallTerraceCorner01.NIF
RockTundraLand01ReachMoss01,000930BF,Landscape\Tundra\RockTundraLand01.nif
MountainTrim02Tundra01,000930C5,Landscape\Mountains\MountainTrim02.nif
MountainTrim02TundraRocks01,000930C6,Landscape\Mountains\MountainTrim02.nif
RockPileM02Tundra01,000930E7,Landscape\Rocks\RockPileM02.nif
DockColStrSign01,00093471,Architecture\Docks\DockColStrSign01.nif
DockColStr02,0009347B,Architecture\Docks\DockColStr02.nif
DockColStrSignRope01,00093480,Architecture\Docks\DockColStrSignRope01.nif
RockPileL01VolcanicDirt01,000936C5,Landscape\Rocks\RockPileL01.nif
RockPileL02TundraRocks01,000936E9,Landscape\Rocks\RockPileL02.nif
WHfirebrazier01,00093A89,Architecture\Windhelm\WHfirebrazier01.nif
WHprison01,00093AA7,Architecture\Windhelm\WHprison01.nif
1stPersonRuefulAxe,00093ADD,Weapons\RuefulAxe\1stPersonRuefulAxe.nif
FarmIntInnEnd06,00093BB7,Architecture\Farmhouse\Interior\FarmIntInnEnd06.nif
FarmBWallEntrance05,00093BCC,Architecture\Farmhouse\Interior\Basement\FarmBWallEntrance05.nif
Rug02Rolled,00093D2A,Clutter\Common\Rug02Rolled.nif
Rug03Rolled,00093D2C,Clutter\Common\Rug03Rolled.nif
Rug04Rolled,00093D2E,Clutter\Common\Rug04Rolled.nif
Rug05Rolled,00093D31,Clutter\Common\Rug05Rolled.nif
Rug06Rolled,00093D33,Clutter\Common\Rug06Rolled.nif
Rug07Rolled,00093D35,Clutter\Common\Rug07Rolled.nif
Rug08Rolled,00093D37,Clutter\Common\Rug08Rolled.nif
Rug01,00093D39,Clutter\Common\Rug01.nif
Rug02,00093D3B,Clutter\Common\Rug02.nif
Rug03,00093D3D,Clutter\Common\Rug03.nif
Rug04,00093D3F,Clutter\Common\Rug04.nif
Rug05,00093D41,Clutter\Common\Rug05.nif
Rug06,00093D43,Clutter\Common\Rug06.nif
Rug07,00093D45,Clutter\Common\Rug07.nif
Rug08,00093D47,Clutter\Common\Rug08.nif
RockCaveEntrance01SnowLightCustom01,00093EC8,Landscape\Rocks\RockCaveEntrance01.nif
WHIntCastleLRoomFloorWall02,00093ED7,Architecture\Windhelm\InteriorKits\Castle\WHIntCastleLRoomFloorWall02.nif
WHIntCastleLRoomFloorWall03,00093ED8,Architecture\Windhelm\InteriorKits\Castle\WHIntCastleLRoomFloorWall03.nif
WHIntCastleLRoomFloorWall04,00093ED9,Architecture\Windhelm\InteriorKits\Castle\WHIntCastleLRoomFloorWall04.nif
WHIntCastleLRoomFreeStairs01,00093EDA,Architecture\Windhelm\InteriorKits\Castle\WHIntCastleLRoomFreeStairs01.nif
WHIntCastleLRoomPillar01,00093EDB,Architecture\Windhelm\InteriorKits\Castle\WHIntCastleLRoomPillar01.nif
WHIntCastleLRoomWallPillar01,00093EDE,Architecture\Windhelm\InteriorKits\Castle\WHIntCastleLRoomWallPillar01.nif
WHIntCastleLRoomWallWindow01,00093EDF,Architecture\Windhelm\InteriorKits\Castle\WHIntCastleLRoomWallWindow01.nif
WHIntCastleLRoomCorner01,00093EE0,Architecture\Windhelm\InteriorKits\Castle\WHIntCastleLRoomCorner01.nif
WHIntCastleLRoomDoor01,00093EE1,Architecture\Windhelm\InteriorKits\Castle\WHIntCastleLRoomDoor01.nif
WHIntCastleLRoomDoorL01,00093EE2,Architecture\Windhelm\InteriorKits\Castle\WHIntCastleLRoomDoorL01.nif
WHIntCastleLRoomFloorCorner01,00093EE3,Architecture\Windhelm\InteriorKits\Castle\WHIntCastleLRoomFloorCorner01.nif
WHIntCastleLRoomFloorCorner02,00093EE4,Architecture\Windhelm\InteriorKits\Castle\WHIntCastleLRoomFloorCorner02.nif
WHIntCastleLRoomFloorCorner03,00093EE5,Architecture\Windhelm\InteriorKits\Castle\WHIntCastleLRoomFloorCorner03.nif
WHIntCastleLRoomFloorCorner04,00093EE6,Architecture\Windhelm\InteriorKits\Castle\WHIntCastleLRoomFloorCorner04.nif
WHIntCastleLRoomFloorMid01,00093EE7,Architecture\Windhelm\InteriorKits\Castle\WHIntCastleLRoomFloorMid01.nif
WHIntCastleLRoomFloorWall01,00093EE8,Architecture\Windhelm\InteriorKits\Castle\WHIntCastleLRoomFloorWall01.nif
WHIntCastleLRoomICorner01,00093EE9,Architecture\Windhelm\InteriorKits\Castle\WHIntCastleLRoomICorner01.nif
WHIntCastleLRoomFloorICorner01,00093EEA,Architecture\Windhelm\InteriorKits\Castle\WHIntCastleLRoomFloorICorner01.nif
WHIntCastleLRoomFloorICorner04,00093EED,Architecture\Windhelm\InteriorKits\Castle\WHIntCastleLRoomFloorICorner04.nif
WHIntCastleLRoomWallWindow02,00093EEE,Architecture\Windhelm\InteriorKits\Castle\WHIntCastleLRoomWallWindow02.nif
WHIntCastleRoomFloorWall04,00093EF1,Architecture\Windhelm\InteriorKits\Castle\WHIntCastleRoomFloorWall04.nif
WHIntCastleRoomWall01,00093EF3,Architecture\Windhelm\InteriorKits\Castle\WHIntCastleRoomWall01.nif
WHIntCastleRoomWallWindow01,00093EF5,Architecture\Windhelm\InteriorKits\Castle\WHIntCastleRoomWallWindow01.nif
WHIntCastleRoomWallWindow02,00093EF6,Architecture\Windhelm\InteriorKits\Castle\WHIntCastleRoomWallWindow02.nif
WHIntCastleRoomCorner01,00093EF7,Architecture\Windhelm\InteriorKits\Castle\WHIntCastleRoomCorner01.nif
WHIntCastleRoomDoor01,00093EF8,Architecture\Windhelm\InteriorKits\Castle\WHIntCastleRoomDoor01.nif
WHIntCastleRoomFloorCorner01,00093EF9,Architecture\Windhelm\InteriorKits\Castle\WHIntCastleRoomFloorCorner01.nif
WHIntCastleRoomFloorCorner02,00093EFA,Architecture\Windhelm\InteriorKits\Castle\WHIntCastleRoomFloorCorner02.nif
WHIntCastleRoomFloorCorner03,00093EFB,Architecture\Windhelm\InteriorKits\Castle\WHIntCastleRoomFloorCorner03.nif
WHIntCastleRoomFloorCorner04,00093EFC,Architecture\Windhelm\InteriorKits\Castle\WHIntCastleRoomFloorCorner04.nif
WHIntCastleRoomFloorWall01,00093F01,Architecture\Windhelm\InteriorKits\Castle\WHIntCastleRoomFloorWall01.nif
WHIntCastleRoomFloorWall02,00093F02,Architecture\Windhelm\InteriorKits\Castle\WHIntCastleRoomFloorWall02.nif
WHIntCastleRoomFloorWall03,00093F03,Architecture\Windhelm\InteriorKits\Castle\WHIntCastleRoomFloorWall03.nif
WHIntCastleRoomFloorMid01,00093F04,Architecture\Windhelm\InteriorKits\Castle\WHIntCastleRoomFloorMid01.nif
WHIntCastleRoomCornerWindow01,00093F05,Architecture\Windhelm\InteriorKits\Castle\WHIntCastleRoomCornerWindow01.nif
WHIntCastleRoomWallWindow03,00093F06,Architecture\Windhelm\InteriorKits\Castle\WHIntCastleRoomWallWindow03.nif
WHIntCastleHallStair01,00093F08,Architecture\Windhelm\InteriorKits\Castle\WHIntCastleHallStair01.nif
WHIntCastleHall1Way06,00093F9C,Architecture\Windhelm\InteriorKits\Castle\WHIntCastleHall1Way06.nif
NorHallExSmRotatingDoor01,00094072,Dungeons\Nordic\BgHalls\NorHallExSmRotatingDoor01.nif
WHIntCastleRoomFloorMid02,000940EB,Architecture\Windhelm\InteriorKits\Castle\WHIntCastleRoomFloorMid02.nif
RTBackyardWall01,00094102,Architecture\Riften\RTBackyardWall01.nif
FrozenTest01,00094183,Test\FrozenTest01.nif
WRHallOftheDead01BaseLOD,000941D7,Architecture\WhiteRun\WRBuildings\WRHallOftheDead01BaseLOD.nif
WRHallOftheDead01LOD,000941D8,Architecture\WhiteRun\WRBuildings\WRHallOftheDead01LOD.nif
WRTempleOfK01LOD,000941DA,Architecture\WhiteRun\WRBuildings\WRTempleOfK01LOD.nif
RoadStraight02FallForestDirt01,00094260,Landscape\Roads\RoadStraight02.nif
CaveGRockPileS01IceBlend,000946B2,Dungeons\Caves\Green\Rocks\CaveGRockPileS01.nif
CaveGRockPileS02IceBlend,000946B4,Dungeons\Caves\Green\Rocks\CaveGRockPileS02.nif
CaveGDirtMound01iceBlend,000946B6,Dungeons\Caves\Green\DirtMound\CaveGDirtMound01.nif
Bedroll01Static,00094AC6,Furniture\Bedroll\Bedroll01.nif
StockadeWallStraight01ice,00094BAA,Clutter\Stockade\StockadeWallStraight01.nif
RifRmSmSingleCorIn01,00094EA1,Architecture\Riften\Interior\SmallRoomSingle\RifRmSmSingleCorIn01.nif
RifRmSmSingleCorInL01,00094EA2,Architecture\Riften\Interior\SmallRoomSingle\RifRmSmSingleCorInL01.nif
RifRmSmSingleCorInR01,00094EA3,Architecture\Riften\Interior\SmallRoomSingle\RifRmSmSingleCorInR01.nif
RifRmSmSingleCorOut01,00094EA4,Architecture\Riften\Interior\SmallRoomSingle\RifRmSmSingleCorOut01.nif
RifRmSmSingleCorOutL01,00094EA5,Architecture\Riften\Interior\SmallRoomSingle\RifRmSmSingleCorOutL01.nif
RifRmSmSingleCorOutR01,00094EA6,Architecture\Riften\Interior\SmallRoomSingle\RifRmSmSingleCorOutR01.nif
RifRmSmSingleMid01,00094EA7,Architecture\Riften\Interior\SmallRoomSingle\RifRmSmSingleMid01.nif
RifRmSmSingleWall01,00094EA8,Architecture\Riften\Interior\SmallRoomSingle\RifRmSmSingleWall01.nif
RifRmSmSingleWallWin01,00094EA9,Architecture\Riften\Interior\SmallRoomSingle\RifRmSmSingleWallWin01.nif
RifRmSmSingleCorInLHalf01,00094EAA,Architecture\Riften\Interior\SmallRoomSingle\RifRmSmSingleCorInLHalf01.nif
RifRmSmSingleCorInRHalf01,00094EAB,Architecture\Riften\Interior\SmallRoomSingle\RifRmSmSingleCorInRHalf01.nif
RifRmSmExSm01,00094EB8,Architecture\Riften\Interior\SmallRoomSingle\RifRmSmExSm01.nif
RifRmSmSingleFloor01,00094EBC,Architecture\Riften\Interior\SmallRoomSingle\RifRmSmSingleFloor01.nif
RifRmSmSingleMidWallHalf01,00094EC9,Architecture\Riften\Interior\SmallRoomSingle\RifRmSmSingleMidWallHalf01.nif
RifRmSmSingleMidWall01,00094ECA,Architecture\Riften\Interior\SmallRoomSingle\RifRmSmSingleMidWall01.nif
HircineShrine,000950C5,Clutter\Statues\ShrineofHircine.nif
WHouterwallC1,0009513F,Architecture\Windhelm\WHouterwallC1.nif
WHdocks2,00095195,Architecture\Windhelm\WHdocks2.nif
WHdocks1,00095196,Architecture\Windhelm\WHdocks1.nif
RoadStraight01EndReachDirt01,000951D6,Landscape\Roads\RoadStraight01End.nif
HHLgBayR02,000952B3,Architecture\HighHrothgar\HHLgBayR02.nif
ShipWheelBreakStatic,000952D4,Dungeons\Ship\QuestItems\ShipWheelBreak01.nif
RugRound01,00095498,Clutter\Common\RugRound01.nif
RugRound02,000954A3,Clutter\Common\RugRound02.nif
RugRound03,000954A4,Clutter\Common\RugRound03.nif
RugRound04,000954A5,Clutter\Common\RugRound04.nif
MountainTrim01Wet,000955B8,Landscape\Mountains\MountainTrim01Wet.nif
MountainCliffSlopePineForest02,00095960,Landscape\Mountains\MountainCliffSlope.nif
ShipKatariahWheel01,00095C28,Dungeons\Ship\Katariah\ShipKatariahWheel01.nif
RockCliff01TundraRocks01,00095F83,Landscape\Rocks\RockCliff01.nif
RockPileL04FieldGrass01,00095FB6,Landscape\Rocks\RockPileL04.nif
SignWRPost01,0009625E,Clutter\Signage\Whiterun\SignWRPost01.nif
WHIntDockRoofMidTop02,000965B5,Architecture\Windhelm\InteriorKits\Docks\WHIntDockRoofMidTop02.nif
WHIntDockRoofRight01,000965B6,Architecture\Windhelm\InteriorKits\Docks\WHIntDockRoofRight01.nif
WHIntDockRoofRightCorner01,000965B7,Architecture\Windhelm\InteriorKits\Docks\WHIntDockRoofRightCorner01.nif
WHIntDockRoofRightCorner02,000965B8,Architecture\Windhelm\InteriorKits\Docks\WHIntDockRoofRightCorner02.nif
WHIntDockWallKitStoneDoor01,000965BC,Architecture\Windhelm\InteriorKits\Docks\WHIntDockWallKitStoneDoor01.nif
WHIntDockWallKitStoneWall01,000965BD,Architecture\Windhelm\InteriorKits\Docks\WHIntDockWallKitStoneWall01.nif
WHIntDockWallStone01,000965BF,Architecture\Windhelm\InteriorKits\Docks\WHIntDockWallStone01.nif
WHIntDockBackWallStoneDoor01,000965CA,Architecture\Windhelm\InteriorKits\Docks\WHIntDockBackWallStoneDoor01.nif
WHIntDockRoofLeft01,000965CC,Architecture\Windhelm\InteriorKits\Docks\WHIntDockRoofLeft01.nif
WHIntDockRoofLeftCorner01,000965CD,Architecture\Windhelm\InteriorKits\Docks\WHIntDockRoofLeftCorner01.nif
WHIntDockRoofLeftCorner02,000965CE,Architecture\Windhelm\InteriorKits\Docks\WHIntDockRoofLeftCorner02.nif
WHIntDockRoofMidTop01,000965D2,Architecture\Windhelm\InteriorKits\Docks\WHIntDockRoofMidTop01.nif
WHIntDockFloorMid01,000965D6,Architecture\Windhelm\InteriorKits\Docks\WHIntDockFloorMid01.nif
WHIntDockFloorWall01,000965D7,Architecture\Windhelm\InteriorKits\Docks\WHIntDockFloorWall01.nif
WHIntDockFloorWall02,000965D8,Architecture\Windhelm\InteriorKits\Docks\WHIntDockFloorWall02.nif
WHIntDockFloorWall03,000965D9,Architecture\Windhelm\InteriorKits\Docks\WHIntDockFloorWall03.nif
WHIntDockFloorWall04,000965DA,Architecture\Windhelm\InteriorKits\Docks\WHIntDockFloorWall04.nif
WHIntDockFloorCorner01,000965DB,Architecture\Windhelm\InteriorKits\Docks\WHIntDockFloorCorner01.nif
WHIntDockFloorCorner02,000965DC,Architecture\Windhelm\InteriorKits\Docks\WHIntDockFloorCorner02.nif
WHIntDockFloorCorner03,000965DD,Architecture\Windhelm\InteriorKits\Docks\WHIntDockFloorCorner03.nif
WHIntDockFloorCorner04,000965DE,Architecture\Windhelm\InteriorKits\Docks\WHIntDockFloorCorner04.nif
WHIntDockBackWallStone02,000965E9,Architecture\Windhelm\InteriorKits\Docks\WHIntDockBackWallStone02.nif
BoneMammothSkull1Snow,00096C3E,Clutter\Bones\MammothSkull1.nif
BoneMammothSkull2Snow,00096C3F,Clutter\Bones\MammothSkull2.nif
BoneMammothSkull4Snow,00096C40,Clutter\Bones\MammothSkull4.nif
GiantClubStaticSnow,00096CA7,Weapons\Giant\GiantClub.nif
RockCliff02PineForest01SnowLight,00096EB9,Landscape\Rocks\RockCliff02.nif
RockPileL02Rocks01Heavy_SN,00096EDE,Landscape\Rocks\RockPileL02.nif
StockadeBarrier01Light_SN,00096F19,Clutter\Stockade\StockadeBarrier01.nif
RuinsAltarLight_SN,00096F1C,Clutter\Ruins\Ruins_Altar01.nif
RifRmSmFirstCorIn01,00096F99,Architecture\Riften\Interior\SmallRoomFirst\RifRmSmFirstCorIn01.nif
RifRmSmFirstCorInLHalf01,00096F9A,Architecture\Riften\Interior\SmallRoomFirst\RifRmSmFirstCorInLHalf01.nif
RifRmSmFirstCorInRHalf01,00096F9B,Architecture\Riften\Interior\SmallRoomFirst\RifRmSmFirstCorInRHalf01.nif
RifRmSmFirstCorOut01,00096F9C,Architecture\Riften\Interior\SmallRoomFirst\RifRmSmFirstCorOut01.nif
RifRmSmFirstWall01,00096F9D,Architecture\Riften\Interior\SmallRoomFirst\RifRmSmFirstWall01.nif
RifRmSmFirstWallWin01,00096F9E,Architecture\Riften\Interior\SmallRoomFirst\RifRmSmFirstWallWin01.nif
RifRmSmSecondCorIn01,00096F9F,Architecture\Riften\Interior\SmallRoomSecond\RifRmSmSecondCorIn01.nif
RifRmSmSecondCorInL01,00096FA0,Architecture\Riften\Interior\SmallRoomSecond\RifRmSmSecondCorInL01.nif
RifRmSmSecondCorInLHalf01,00096FA1,Architecture\Riften\Interior\SmallRoomSecond\RifRmSmSecondCorInLHalf01.nif
RifRmSmSecondCorInR01,00096FA2,Architecture\Riften\Interior\SmallRoomSecond\RifRmSmSecondCorInR01.nif
RifRmSmSecondCorInRHalf01,00096FA3,Architecture\Riften\Interior\SmallRoomSecond\RifRmSmSecondCorInRHalf01.nif
RifRmSmSecondCorOut01,00096FA4,Architecture\Riften\Interior\SmallRoomSecond\RifRmSmSecondCorOut01.nif
RifRmSmSecondCorOutL01,00096FA5,Architecture\Riften\Interior\SmallRoomSecond\RifRmSmSecondCorOutL01.nif
RifRmSmSecondCorOutR01,00096FA6,Architecture\Riften\Interior\SmallRoomSecond\RifRmSmSecondCorOutR01.nif
RifRmSmSecondFloor01,00096FA7,Architecture\Riften\Interior\SmallRoomSecond\RifRmSmSecondFloor01.nif
RifRmSmSecondMid01,00096FAB,Architecture\Riften\Interior\SmallRoomSecond\RifRmSmSecondMid01.nif
RifRmSmSecondMidWall01,00096FAC,Architecture\Riften\Interior\SmallRoomSecond\RifRmSmSecondMidWall01.nif
RifRmSmSecondMidWallHalf01,00096FAD,Architecture\Riften\Interior\SmallRoomSecond\RifRmSmSecondMidWallHalf01.nif
RifRmSmSecondWall01,00096FAE,Architecture\Riften\Interior\SmallRoomSecond\RifRmSmSecondWall01.nif
RifRmSmSecondWallWin01,00096FAF,Architecture\Riften\Interior\SmallRoomSecond\RifRmSmSecondWallWin01.nif
RoadStrToCurveRampR01,00097037,Landscape\Roads\RoadStrToCurveRampR01.nif
RockPileM02TundraRocks01,0009704B,Landscape\Rocks\RockPileM02.nif
DirtCliffs01Tundra01,00097065,Landscape\DirtCliffs\DirtCliffs01.nif
DirtCliffsCornerIn01Tundra01,0009707C,Landscape\DirtCliffs\DirtCliffsCornerIn01.nif
DockStepsDownEnd01,00097705,Architecture\Docks\DockStepsDownEnd01.nif
RockPileS02Dirt01,00097710,Landscape\Rocks\RockPileS02.nif
RockPileL03Dirt01,00097715,Landscape\Rocks\RockPileL03.nif
RockPileL02Dirt01,00097717,Landscape\Rocks\RockPileL02.nif
HighPolyNote,00097788,Clutter\Books\Note01\Note01.nif
RuinsShelfLargeHalfSnow,0009782F,Clutter\Ruins\RuinShelfLargeHalf01.nif
RuinsShelfSmallFullSnow,00097830,Clutter\Ruins\RuinShelfSmallFull01.nif
RuinsWallSconceSnow,00097831,Clutter\Ruins\RuinWallSconce01.nif
DweFacadeHallSm3way01_Snow,00097A03,Dungeons\Dwemer\Facades\DweFacadeHallSm3way01.nif
NorSculptureHead01snow,00097AC4,Dungeons\Nordic\Clutter\NorSculptureHead01.nif
RockCliff06SnowMountain1P,00097EA0,Landscape\Rocks\RockCliff06.nif
TrailerCam_VolTundra01,00097ED1,Cameras\TrailerCam_VolTundra01.nif
ShipLongBoat02,00097ED4,Dungeons\Ship\ShipLongBoat02.nif
RuinsSconceAndBaseSnow,000982D5,Clutter\Ruins\RuinSconce01WithBase.nif
RuinsSconceBaseSnow,000982D6,Clutter\Ruins\RuinSconce01BaseNoShadow.nif
RockCliffMineEntranceHvSnow,00098354,Landscape\Rocks\RockCliffMineEntrance.nif
NorDwelling04ExtBaseCLtSnow,00098416,Dungeons\Nordic\Exterior\Dwellings\NorDwelling04ExtBaseC.nif
NorExtWallBgStairL01Snow,00098496,Dungeons\Nordic\Exterior\Walls\NorExtWallBgStairL01.nif
NorExtWallBgStairMid01Snow,00098497,Dungeons\Nordic\Exterior\Walls\NorExtWallBgStairMid01.nif
NorExtWallBgStairR01Snow,00098498,Dungeons\Nordic\Exterior\Walls\NorExtWallBgStairR01.nif
NorHitchPost02Snow,000984A5,Dungeons\Nordic\Clutter\NorHitchPost02.nif
ShipKatariahWoodSmBaseFloor02,00098585,Dungeons\Ship\Katariah\ShipKatariahWoodSmBaseFloor02.nif
ShipKatariahWoodSmBaseFloorStairs01,00098587,Dungeons\Ship\Katariah\ShipKatariahWoodSmBaseFloorStairs01.nif
ShipKatariahWoodSmFirstMidOpen01,00098588,Dungeons\Ship\Katariah\ShipKatariahWoodSmFirstMidOpen01.nif
ShipKatariahWoodSmFirstMidOpenCor01,00098589,Dungeons\Ship\Katariah\ShipKatariahWoodSmFirstMidOpenCor01.nif
ShipKatariahWoodSmFirstMidOpenCor02,0009858A,Dungeons\Ship\Katariah\ShipKatariahWoodSmFirstMidOpenCor02.nif
ShipKatariahWoodSmFirstMidOpenCorOut01,0009858B,Dungeons\Ship\Katariah\ShipKatariahWoodSmFirstMidOpenCorOut01.nif
ShipKatariahWoodSmPartitionBase01,0009858C,Dungeons\Ship\Katariah\ShipKatariahWoodSmPartitionBase01.nif
ShipKatariahWoodSmPartitionBase02,0009858D,Dungeons\Ship\Katariah\ShipKatariahWoodSmPartitionBase02.nif
ShipKatariahWoodSmPartitionBeamBase01,0009858E,Dungeons\Ship\Katariah\ShipKatariahWoodSmPartitionBeamBase01.nif
ShipKatariahWoodSmPartitionBeamFirst01,0009858F,Dungeons\Ship\Katariah\ShipKatariahWoodSmPartitionBeamFirst01.nif
ShipKatariahWoodSmPartitionBeamKeep01,00098590,Dungeons\Ship\Katariah\ShipKatariahWoodSmPartitionBeamKeep01.nif
ShipKatariahWoodSmPartitionBeamTall01,00098591,Dungeons\Ship\Katariah\ShipKatariahWoodSmPartitionBeamTall01.nif
ShipKatariahWoodSmPartitionDoorBase01,00098592,Dungeons\Ship\Katariah\ShipKatariahWoodSmPartitionDoorBase01.nif
ShipKatariahWoodSmSecondFloor01,00098593,Dungeons\Ship\Katariah\ShipKatariahWoodSmSecondFloor01.nif
ShipKatariahWoodWall01,00098594,Dungeons\Ship\Katariah\ShipKatariahWoodWall01.nif
ShipKatariahWoodWall02,00098595,Dungeons\Ship\Katariah\ShipKatariahWoodWall02.nif
ShipKatariahAnchorChain01,00098596,Dungeons\Ship\Katariah\ShipKatariahAnchorChain01.nif
ShipKatariahAnchorWheel01,00098597,Dungeons\Ship\Katariah\ShipKatariahAnchorWheel01.nif
ShipKatariahAnchorWoodhole01,00098598,Dungeons\Ship\Katariah\ShipKatariahAnchorWoodhole01.nif
ShipKatariahWoodbeam01,00098599,Dungeons\Ship\Katariah\ShipKatariahWoodbeam01.nif
ShipKatariahWoodbeam02,0009859A,Dungeons\Ship\Katariah\ShipKatariahWoodbeam02.nif
ShipKatariahWoodbeam03,0009859B,Dungeons\Ship\Katariah\ShipKatariahWoodbeam03.nif
ShipKatariahWoodbeamShort01,0009859C,Dungeons\Ship\Katariah\ShipKatariahWoodbeamShort01.nif
ShipKatariahWoodbeamShort02,0009859D,Dungeons\Ship\Katariah\ShipKatariahWoodbeamShort02.nif
ShipKatariahWoodBeamStraight01,0009859F,Dungeons\Ship\Katariah\ShipKatariahWoodBeamStraight01.nif
ShipKatariahWoodBeamStraight02,000985A0,Dungeons\Ship\Katariah\ShipKatariahWoodBeamStraight02.nif
ShipKatariahWoodBeamStraight03,000985A1,Dungeons\Ship\Katariah\ShipKatariahWoodBeamStraight03.nif
ShipKatariahWoodFloor01,000985A2,Dungeons\Ship\Katariah\ShipKatariahWoodFloor01.nif
ShipKatariahWoodFloor02,000985A3,Dungeons\Ship\Katariah\ShipKatariahWoodFloor02.nif
ShipKatariahWoodFloor03,000985A4,Dungeons\Ship\Katariah\ShipKatariahWoodFloor03.nif
ShipKatariahWoodFloor04,000985A5,Dungeons\Ship\Katariah\ShipKatariahWoodFloor04.nif
ShipKatariahWoodFloor05,000985A6,Dungeons\Ship\Katariah\ShipKatariahWoodFloor05.nif
ShipKatariahWoodplanks01,000985A7,Dungeons\Ship\Katariah\ShipKatariahWoodplanks01.nif
ShipKatariahWoodplanks02,000985A8,Dungeons\Ship\Katariah\ShipKatariahWoodplanks02.nif
ShipKatariahWoodplanks03,000985A9,Dungeons\Ship\Katariah\ShipKatariahWoodplanks03.nif
ShipKatariahWoodplanks04,000985AA,Dungeons\Ship\Katariah\ShipKatariahWoodplanks04.nif
ShipKatariahWoodSmBaseFloor01,000985AB,Dungeons\Ship\Katariah\ShipKatariahWoodSmBaseFloor01.nif
ShipKatariahWoodWindow01,000985C4,Dungeons\Ship\Katariah\ShipKatariahWoodWindow01.nif
DirtCliffsCornerOutVolcanicDirt01,00098BE2,Landscape\DirtCliffs\DirtCliffsCornerOut01.nif
RockPileL02VolcanicDirt01,00098BE3,Landscape\Rocks\RockPileL02.nif
RiftenRWHallStairs01,00098D6C,Dungeons\Riften\RatwayHall\RiftenRWHallStairs01.nif
RiftenRWRoomBEndCapDoor01,00098D72,Dungeons\Riften\RatwayBarrel\RiftenRWRoomBEndCapDoor01.nif
RiftenRWRoomBMid01,00098D73,Dungeons\Riften\RatwayBarrel\RiftenRWRoomBMid01.nif
RiftenRWRoomBMid02,00098D74,Dungeons\Riften\RatwayBarrel\RiftenRWRoomBMid02.nif
RiftenRWRoomBMid03,00098D75,Dungeons\Riften\RatwayBarrel\RiftenRWRoomBMid03.nif
RiftenRWRoomBRoofL01,00098D76,Dungeons\Riften\RatwayBarrel\RiftenRWRoomBRoofL01.nif
RiftenRWRoomBRoofL02,00098D77,Dungeons\Riften\RatwayBarrel\RiftenRWRoomBRoofL02.nif
RiftenRWRoomBRoofL03,00098D78,Dungeons\Riften\RatwayBarrel\RiftenRWRoomBRoofL03.nif
RiftenRWRoomBRoofR01,00098D79,Dungeons\Riften\RatwayBarrel\RiftenRWRoomBRoofR01.nif
RiftenRWRoomBRoofR02,00098D7A,Dungeons\Riften\RatwayBarrel\RiftenRWRoomBRoofR02.nif
RiftenRWRoomBRoofR03,00098D7B,Dungeons\Riften\RatwayBarrel\RiftenRWRoomBRoofR03.nif
RiftenRWRoomBSupport01,00098D7C,Dungeons\Riften\RatwayBarrel\RiftenRWRoomBSupport01.nif
RiftenRWRoomBSupportBase01,00098D7D,Dungeons\Riften\RatwayBarrel\RiftenRWRoomBSupportBase01.nif
RiftenRWRoomBSupportBase02,00098D7E,Dungeons\Riften\RatwayBarrel\RiftenRWRoomBSupportBase02.nif
RiftenRWRoomBWall01,00098D7F,Dungeons\Riften\RatwayBarrel\RiftenRWRoomBWall01.nif
RiftenRWRoomBWall02,00098D80,Dungeons\Riften\RatwayBarrel\RiftenRWRoomBWall02.nif
RiftenRWRoomBWall03,00098D81,Dungeons\Riften\RatwayBarrel\RiftenRWRoomBWall03.nif
RiftenRWRoomBWall04,00098D82,Dungeons\Riften\RatwayBarrel\RiftenRWRoomBWall04.nif
RiftenRWRoomBWallV01,00098D83,Dungeons\Riften\RatwayBarrel\RiftenRWRoomBWallV01.nif
RiftenRWRoomBCorner01,00098D84,Dungeons\Riften\RatwayBarrel\RiftenRWRoomBCorner01.nif
RiftenRWRoomBCorner02,00098D85,Dungeons\Riften\RatwayBarrel\RiftenRWRoomBCorner02.nif
RiftenRWRoomBCorner03,00098D86,Dungeons\Riften\RatwayBarrel\RiftenRWRoomBCorner03.nif
RiftenRWRoomBCorner04,00098D87,Dungeons\Riften\RatwayBarrel\RiftenRWRoomBCorner04.nif
RiftenRWRoomBCornerV01,00098D88,Dungeons\Riften\RatwayBarrel\RiftenRWRoomBCornerV01.nif
RiftenRWRoomBDoor01,00098D89,Dungeons\Riften\RatwayBarrel\RiftenRWRoomBDoor01.nif
RiftenRWRoomBDoor02,00098D8A,Dungeons\Riften\RatwayBarrel\RiftenRWRoomBDoor02.nif
RiftenRWRoomBDoor03,00098D8B,Dungeons\Riften\RatwayBarrel\RiftenRWRoomBDoor03.nif
RiftenRWRoomBDoor04,00098D8C,Dungeons\Riften\RatwayBarrel\RiftenRWRoomBDoor04.nif
RiftenRWRoomBDoorC01,00098D8D,Dungeons\Riften\RatwayBarrel\RiftenRWRoomBDoorC01.nif
RiftenRWRoomBDoorC02,00098D8E,Dungeons\Riften\RatwayBarrel\RiftenRWRoomBDoorC02.nif
RiftenRWRoomBDoorC03,00098D8F,Dungeons\Riften\RatwayBarrel\RiftenRWRoomBDoorC03.nif
RiftenRWRoomBDoorV01,00098D90,Dungeons\Riften\RatwayBarrel\RiftenRWRoomBDoorV01.nif
RiftenRWRoomBEndCap01,00098D91,Dungeons\Riften\RatwayBarrel\RiftenRWRoomBEndCap01.nif
RiftenRWRoomBStairs01,00098D92,Dungeons\Riften\RatwayBarrel\RiftenRWRoomBStairs01.nif
RiftenRWRoomBDoorC04,00098D93,Dungeons\Riften\RatwayBarrel\RiftenRWRoomBDoorC04.nif
RiftenRWRoomBSupport02,00098DB4,Dungeons\Riften\RatwayBarrel\RiftenRWRoomBSupport02.nif
RiftenRWRoomBSupportBase03,00098DD9,Dungeons\Riften\RatwayBarrel\RiftenRWRoomBSupportBase03.nif
RiftenRWRoomBFloorCorner04,00098E22,Dungeons\Riften\RatwayBarrel\RiftenRWRoomBFloorCorner04.nif
RiftenRWRoomBFloorWall04,00098E23,Dungeons\Riften\RatwayBarrel\RiftenRWRoomBFloorWall04.nif
RiftenRWRoomBFloorWall01,00098E24,Dungeons\Riften\RatwayBarrel\RiftenRWRoomBFloorWall01.nif
RiftenRWRoomBFloorCorner01,00098E25,Dungeons\Riften\RatwayBarrel\RiftenRWRoomBFloorCorner01.nif
RiftenRWRoomBFloorCorner02,00098E26,Dungeons\Riften\RatwayBarrel\RiftenRWRoomBFloorCorner02.nif
RiftenRWRoomBFloorWall02,00098E27,Dungeons\Riften\RatwayBarrel\RiftenRWRoomBFloorWall02.nif
RiftenRWRoomBFloorWall03,00098E28,Dungeons\Riften\RatwayBarrel\RiftenRWRoomBFloorWall03.nif
RiftenRWRoomBFloorCorner03,00098E29,Dungeons\Riften\RatwayBarrel\RiftenRWRoomBFloorCorner03.nif
RTFishery01,00098E67,Architecture\Riften\RTFishery01.nif
MountainCliff02_SparseSN,00098E90,Landscape\Mountains\MountainCliff02.nif
RifRmSmSecondFloorStair01,00098F06,Architecture\Riften\Interior\SmallRoomSecond\RifRmSmSecondFloorStair01.nif
RifRmSmSecondFloorHoleMid01,00098F07,Architecture\Riften\Interior\SmallRoomSecond\RifRmSmSecondFloorHoleMid01.nif
RifRmSmSingleCorInWinL01,00098F23,Architecture\Riften\Interior\SmallRoomSingle\RifRmSmSingleCorInWinL01.nif
RifRmSmSingleCorInWinR01,00098F24,Architecture\Riften\Interior\SmallRoomSingle\RifRmSmSingleCorInWinR01.nif
RifRmSmSingleCorInLWin01,00098F25,Architecture\Riften\Interior\SmallRoomSingle\RifRmSmSingleCorInLWin01.nif
RifRmSmSingleCorInRWin01,00098F26,Architecture\Riften\Interior\SmallRoomSingle\RifRmSmSingleCorInRWin01.nif
RifRmSmSingleCorInLWin02,00098F2E,Architecture\Riften\Interior\SmallRoomSingle\RifRmSmSingleCorInLWin02.nif
RifRmSmSingleCorInRWin02,00098F2F,Architecture\Riften\Interior\SmallRoomSingle\RifRmSmSingleCorInRWin02.nif
RifRmSmFirstWall02,00098F50,Architecture\Riften\Interior\SmallRoomFirst\RifRmSmFirstWall02.nif
RifRmSmFirstCorInWin02,00098F51,Architecture\Riften\Interior\SmallRoomFirst\RifRmSmFirstCorInWin02.nif
RifRmSmFirstWallWin02,00098F52,Architecture\Riften\Interior\SmallRoomFirst\RifRmSmFirstWallWin02.nif
RifRmSmFirstCorIn02,00098F53,Architecture\Riften\Interior\SmallRoomFirst\RifRmSmFirstCorIn02.nif
RifRmSmFirstCorInLHalf02,00098F54,Architecture\Riften\Interior\SmallRoomFirst\RifRmSmFirstCorInLHalf02.nif
RifRmSmFirstCorInRHalf02,00098F55,Architecture\Riften\Interior\SmallRoomFirst\RifRmSmFirstCorInRHalf02.nif
RifRmSmFirstCorOut02,00098F56,Architecture\Riften\Interior\SmallRoomFirst\RifRmSmFirstCorOut02.nif
RifRmSmFirstCorInAngle01,00098F8F,Architecture\Riften\Interior\SmallRoomFirst\RifRmSmFirstCorInAngle01.nif
RifRmSmSecondMidRoof01,00098FB3,Architecture\Riften\Interior\SmallRoomSecond\RifRmSmSecondMidRoof01.nif
RifRmSmSecondMidWallRoof01,00098FB4,Architecture\Riften\Interior\SmallRoomSecond\RifRmSmSecondMidWallRoof01.nif
RifRmSmSecondMidWallRoofHalf01,00098FEC,Architecture\Riften\Interior\SmallRoomSecond\RifRmSmSecondMidWallRoofHalf01.nif
RifRmSmSecondCustom01,00099059,Architecture\Riften\Interior\SmallRoomSecond\RifRmSmSecondCustom01.nif
RifRmSmFirstCustom01,0009905B,Architecture\Riften\Interior\SmallRoomFirst\RifRmSmFirstCustom01.nif
RockPileM01TundraRocks01,00099248,Landscape\Rocks\RockPileM01.nif
RockPileS01Tundra01,000992B3,Landscape\Rocks\RockPileS01.nif
RockPileS02Tundra01,000992B4,Landscape\Rocks\RockPileS02.nif
RTAlleyWall01,0009933B,Architecture\Riften\RTAlleyWall01.nif
RTOrphanageWall01,00099356,Architecture\Riften\RTOrphanageWall01.nif
RTBackyardWall02,00099365,Architecture\Riften\RTBackyardWall02.nif
SFarmhouseSilo,0009936F,Architecture\Solitude\Farms\SFarmhouseSilo.nif
ShipKatariahMast02,000993A1,Dungeons\Ship\Katariah\ShipKatariahMast02.nif
ShipKatariahMast01,000993A2,Dungeons\Ship\Katariah\ShipKatariahMast01.nif
NorHitchPost02Snow02,000993D5,Dungeons\Nordic\Clutter\NorHitchPost02.nif
NorTmpExtPlatWall01LightSnow,00099456,Dungeons\Nordic\Exterior\NorTmpExtPlatWall01.nif
NorExtRubblePile08_HeavySN,00099524,Dungeons\Nordic\Exterior\Rubble\NorExtRubblePile08.nif
RockAnimalDenSnow01_LightSN,00099548,Landscape\Rocks\RockAnimalDen01.nif
TreePineForestLog02Light_SN,00099568,Landscape\Trees\TreePineForestLog02.nif
TreePineForestHollow01Sulfur,000998C7,Landscape\Trees\TreePineForestHollow01.nif
VolcanicPlateau02Sulfur,000998C8,Landscape\Volcanic\VolcanicPlateau02.nif
DirtCliffsCornerOutVolcanicDirt01Sulfur,000998C9,Landscape\DirtCliffs\DirtCliffsCornerOut01.nif
BoneMammothSkull4Sulfur,000998CA,Clutter\Bones\MammothSkull4.nif
TreeTundraDriftWood02Sulfur,000998CB,Landscape\Trees\TundraDriftWood02.nif
VolcanicPlateau01Sulfur,000998CC,Landscape\Volcanic\VolcanicPlateau01.nif
1stPersonDA10MaceofMolagBal,000998D1,Weapons\MaceOfMolagBal\1stPersonMaceOfMolagBal.nif
CaveILHallEntrance01,00099D2A,Dungeons\Caves\Ice\LargeHall\CaveILHallEntrance01.nif
CaveGLHallEntrance04,00099D2F,Dungeons\Caves\Green\LargeHall\CaveGLHallEntrance04.nif
CaveGLHallEntrance03,00099D30,Dungeons\Caves\Green\LargeHall\CaveGLHallEntrance03.nif
SkeeverNestMound02,00099D31,Clutter\SkeeverNest\SkeeverNestMound02.nif
SkeeverNestMound03,00099D32,Clutter\SkeeverNest\SkeeverNestMound03.nif
SkeeverNestMoundL01,00099D33,Clutter\SkeeverNest\SkeeverNestMoundL01.nif
SkeeverNestScatter01,00099D34,Clutter\SkeeverNest\SkeeverNestScatter01.nif
SkeeverNestScatter02,00099D35,Clutter\SkeeverNest\SkeeverNestScatter02.nif
SkeeverNestScatter03,00099D36,Clutter\SkeeverNest\SkeeverNestScatter03.nif
SkeeverNestScatter04,00099D37,Clutter\SkeeverNest\SkeeverNestScatter04.nif
SkeeverNestScatter05,00099D38,Clutter\SkeeverNest\SkeeverNestScatter05.nif
SkeeverNestScatter06,00099D39,Clutter\SkeeverNest\SkeeverNestScatter06.nif
SkeeverNestBale01,00099D3A,Clutter\SkeeverNest\SkeeverNestBale01.nif
SkeeverNestBale02,00099D3B,Clutter\SkeeverNest\SkeeverNestBale02.nif
SkeeverNestBale03,00099D3C,Clutter\SkeeverNest\SkeeverNestBale03.nif
SkeeverNestBale04,00099D3D,Clutter\SkeeverNest\SkeeverNestBale04.nif
SkeeverNestBale05,00099D3E,Clutter\SkeeverNest\SkeeverNestBale05.nif
SkeeverNestMound01,00099D3F,Clutter\SkeeverNest\SkeeverNestMound01.nif
FalmerBFence01,00099D46,Clutter\Falmer\FalmerBigFence01.nif
FalmerBFence02,00099D47,Clutter\Falmer\FalmerBigFence02.nif
WRJorvaskr01LOD,00099F1F,Architecture\WhiteRun\WRBuildings\WRJorvaskr01LOD.nif
WRSkyForge01LOD,00099F23,Architecture\WhiteRun\WRTerrain\WRSkyForge01LOD.nif
WRWindDistrictTerrainLOD,00099F25,Architecture\WhiteRun\WRTerrain\WRWindDistrictTerrainLOD.nif
RockPileM03Rocks_LightSN,00099F32,Landscape\Rocks\RockPileM03.nif
WRIntCastleWallDoubleHighCustom02,00099FDE,Architecture\WhiteRun\WRInteriors\WRCastle\WRIntCastleWallDoubleHighCustom02.nif
WRIntCastleWallDoubleHighExCor01,00099FEF,Architecture\WhiteRun\WRInteriors\WRCastle\WRIntCastleWallDoubleHighExCor01.nif
WRIntCastleWallDoubleHighDoorExTrans01,00099FF0,Architecture\WhiteRun\WRInteriors\WRCastle\WRIntCastleWallDoubleHighDoorExTrans01.nif
WRIntCastleWallDoubleHighExDoor01,0009A014,Architecture\WhiteRun\WRInteriors\WRCastle\WRIntCastleWallDoubleHighExDoor01.nif
WRIntCastleStairs03,0009A04D,Architecture\WhiteRun\WRInteriors\WRCastle\WRIntCastleStairs03.nif
WRIntCastleWallDoubleHighCor01Door,0009A089,Architecture\WhiteRun\WRInteriors\WRCastle\WRIntCastleWallDoubleHighCor01Door.nif
WRIntCastleWallDoubleHighGapStr01,0009A0A5,Architecture\WhiteRun\WRInteriors\WRCastle\WRIntCastleWallDoubleHighGapStr01.nif
WRIntCastleWallDoubleHighGapCor01,0009A0BA,Architecture\WhiteRun\WRInteriors\WRCastle\WRIntCastleWallDoubleHighGapCor01.nif
WRIntCastleWallDoubleHighGapAlcove01,0009A0BB,Architecture\WhiteRun\WRInteriors\WRCastle\WRIntCastleWallDoubleHighGapAlcove01.nif
WRIntCastleWallDoubleHighGapCorIn01,0009A0BC,Architecture\WhiteRun\WRInteriors\WRCastle\WRIntCastleWallDoubleHighGapCorIn01.nif
WRIntCastleFloorCapCor04,0009A0BF,Architecture\WhiteRun\WRInteriors\WRCastle\WRIntCastleFloorCapCor04.nif
WRIntCastleFloorCapCor05,0009A0C5,Architecture\WhiteRun\WRInteriors\WRCastle\WRIntCastleFloorCapCor05.nif
WRIntCastleFloorCapStr03,0009A0CA,Architecture\WhiteRun\WRInteriors\WRCastle\WRIntCastleFloorCapStr03.nif
WRIntCastleRoofSupportBeam05,0009A0E3,Architecture\WhiteRun\WRInteriors\WRCastle\WRIntCastleRoofSupportBeam05.nif
WRTempIntPromArch02,0009A0E5,Architecture\WhiteRun\WRInteriors\WRTemple\WRTempIntPromArch02.nif
WRIntFreeWallStr02,0009A0E6,Architecture\WhiteRun\WRInteriors\WRIntFreeWallStr02.nif
WRIntFreeWallStrDoor02,0009A0E7,Architecture\WhiteRun\WRInteriors\WRIntFreeWallStrDoor02.nif
WRIntCastleWallTallFreeStr01,0009A0EB,Architecture\WhiteRun\WRInteriors\WRCastle\WRIntCastleWallTallFreeStr01.nif
WRIntCastleWallDoubleHighDoorTransDoor01,0009A0FC,Architecture\WhiteRun\WRInteriors\WRCastle\WRIntCastleWallDoubleHighDoorTransDoor01.nif
WHdockwarehouse,0009A270,Architecture\Windhelm\WHdockwarehouse.nif
WHouterwall04,0009A2D9,Architecture\Windhelm\WHouterwall04.nif
WHinnerwall01,0009A2FF,Architecture\Windhelm\WHinnerwall01.nif
WHinnerwall02,0009A301,Architecture\Windhelm\WHinnerwall02.nif
WHinnerbeam01,0009A322,Architecture\Windhelm\WHinnerbeam01.nif
WHshorttower,0009A359,Architecture\Windhelm\WHshorttower.nif
WHmaingate,0009A53E,Architecture\Windhelm\WHmaingate.nif
NorHitchPost02SnowDUPLICATE001,0009A5F0,Dungeons\Nordic\Clutter\NorHitchPost02.nif
NorExtRubblePile08Snow,0009A73F,Dungeons\Nordic\Exterior\Rubble\NorExtRubblePile08.nif
SovngardeStatue01,0009A787,Architecture\Sovengarde\SovngardeStatue01.nif
NorRubblePile06Snow,0009A7DB,Dungeons\Nordic\Rubble\NorRubblePile06.nif
NorRubblePile07Snow,0009A7DC,Dungeons\Nordic\Rubble\NorRubblePile07.nif
NorRubblePile08Snow,0009A7DD,Dungeons\Nordic\Rubble\NorRubblePile08.nif
NorTmpExtPlatFloorRaised01LtSnow,0009A7F9,Dungeons\Nordic\Exterior\NorTmpExtPlatFloorRaised01.nif
NorBridgeCage02aSnow,0009A851,Dungeons\Nordic\Bridges\NorBridgeCage02a.nif
NorRmSmFloorRaised02sn_light,0009A899,Dungeons\Nordic\SmRooms\NorRmSmFloorRaised02.nif
NorExSmFree01Snow,0009A8A5,Dungeons\Nordic\SmRooms\NorExSmFree01.nif
NorRmSmWallSideExSm01Snow,0009A9C8,Dungeons\Nordic\SmRooms\NorRmSmWallSideExSm01.nif
HHLgBaySm01,0009A9CE,Architecture\HighHrothgar\HHLgBaySm01.nif
HHLgBayR01,0009A9D9,Architecture\HighHrothgar\HHLgBayR01.nif
HHLgBayL01,0009A9E1,Architecture\HighHrothgar\HHLgBayL01.nif
HHLgBayArch01,0009A9FC,Architecture\HighHrothgar\HHLgBayArch01.nif
HHLgBaySmAngle,0009AA0D,Architecture\HighHrothgar\HHLgBaySmAngle.nif
HHLgBayLAngle,0009AA0E,Architecture\HighHrothgar\HHLgBayLAngle.nif
HHLgBayRAngle,0009AA0F,Architecture\HighHrothgar\HHLgBayRAngle.nif
HHLgBayLEntrance01a,0009AA1A,Architecture\HighHrothgar\HHLgBayLEntrance01a.nif
Table01Snow,0009B769,Clutter\Table01.NIF
NorExtRubblePile07_HeavySN,0009B77D,Dungeons\Nordic\Exterior\Rubble\NorExtRubblePile07.nif
RuinsAltarBroken_Snow,0009B811,Clutter\Ruins\RuinsFurnitureRubble15.nif
TreePineForestCutStump01Heavy_SN,0009B8CD,Landscape\Trees\TreePineForestCutStump01.nif
Whouterwall3,0009BCB6,Architecture\Windhelm\Whouterwall3.nif
RTIronGateFrame01,0009C89F,Architecture\Riften\RTIronGateFrame01.nif
ImpWindow01,0009C8CE,Dungeons\Imperial\ClutterKits\ImpWindow01.nif
WRLODWindowGlow01,0009C8D3,Architecture\WhiteRun\WRBuildings\WRLODWindowGlow01.nif
RiftenRWRoomBSupportShort01,0009CA51,Dungeons\Riften\RatwayBarrel\RiftenRWRoomBSupportShort01.nif
RiftenRWRoomBSupportShort02,0009CA52,Dungeons\Riften\RatwayBarrel\RiftenRWRoomBSupportShort02.nif
RiftenRWRoomBEndCapShort01,0009CA53,Dungeons\Riften\RatwayBarrel\RiftenRWRoomBEndCapShort01.nif
RiftenRWRoomBEndCapShortDoor01,0009CA54,Dungeons\Riften\RatwayBarrel\RiftenRWRoomBEndCapShortDoor01.nif
RiftenRWRoomBCornerCap01,0009CAB2,Dungeons\Riften\RatwayBarrel\RiftenRWRoomBCornerCap01.nif
WRIntCastleWallStStrPlatSecret01,0009CBE4,Architecture\WhiteRun\WRInteriors\WRCastle\WRIntCastleWallStStrPlatSecret01.nif
WRIntCastleWallDoubleHighExSlope01,0009CBEC,Architecture\WhiteRun\WRInteriors\WRCastle\WRIntCastleWallDoubleHighExSlope01.nif
WRIntCastleWallDoubleHighExSlope02,0009CBF5,Architecture\WhiteRun\WRInteriors\WRCastle\WRIntCastleWallDoubleHighExSlope02.nif
WRIntCastleCeilingStoneSlope01,0009CBF9,Architecture\WhiteRun\WRInteriors\WRCastle\WRIntCastleCeilingStoneSlope01.nif
WRIntCastleWallDoubleHighExDoor02,0009CC13,Architecture\WhiteRun\WRInteriors\WRCastle\WRIntCastleWallDoubleHighExDoor02.nif
WRIntCastleFloorCapCor06,0009CC15,Architecture\WhiteRun\WRInteriors\WRCastle\WRIntCastleFloorCapCor06.nif
WRIntCastleStoneColumn01,0009CC16,Architecture\WhiteRun\WRInteriors\WRCastle\WRIntCastleStoneColumn01.nif
WRIntCastleWtoSCapStr01,0009CC62,Architecture\WhiteRun\WRInteriors\WRCastle\WRIntCastleWtoSCapStr01.nif
WRIntCastleWtoSCapCor01,0009CC71,Architecture\WhiteRun\WRInteriors\WRCastle\WRIntCastleWtoSCapCor01.nif
WRIntCastleWtoSCapCorIn01,0009CC74,Architecture\WhiteRun\WRInteriors\WRCastle\WRIntCastleWtoSCapCorIn01.nif
WRIntCastleFreePillar02,0009CC77,Architecture\WhiteRun\WRInteriors\WRCastle\WRIntCastleFreePillar02.nif
WRIntCastleStairs03Ext,0009CC78,Architecture\WhiteRun\WRInteriors\WRCastle\WRIntCastleStairs03Ext.nif
WRIntCastleWallDoubleHighExDoor03,0009CC7E,Architecture\WhiteRun\WRInteriors\WRCastle\WRIntCastleWallDoubleHighExDoor03.nif
WRIntCastleStairs03Ext01,0009CC8C,Architecture\WhiteRun\WRInteriors\WRCastle\WRIntCastleStairs03Ext01.nif
WRDunIntStr01DoubleHigh01Trans02,0009CC8D,Architecture\WhiteRun\WRInteriors\WRDungeon\WRDunIntStr01DoubleHigh01Trans02.nif
WRIntCastleWallDoubleHighStrDoorWay01,0009CC8E,Architecture\WhiteRun\WRInteriors\WRCastle\WRIntCastleWallDoubleHighStrDoorWay01.nif
RifRmSmBaseCorIn01,0009CD56,Architecture\Riften\Interior\SmallRoomBasement\RifRmSmBaseCorIn01.nif
RifRmSmBaseCorInLHalf01,0009CD57,Architecture\Riften\Interior\SmallRoomBasement\RifRmSmBaseCorInLHalf01.nif
RifRmSmBaseCorInRHalf01,0009CD58,Architecture\Riften\Interior\SmallRoomBasement\RifRmSmBaseCorInRHalf01.nif
RifRmSmBaseCorOut01,0009CD59,Architecture\Riften\Interior\SmallRoomBasement\RifRmSmBaseCorOut01.nif
RifRmSmBaseFloor01,0009CD5A,Architecture\Riften\Interior\SmallRoomBasement\RifRmSmBaseFloor01.nif
RifRmSmBaseWall01,0009CD5B,Architecture\Riften\Interior\SmallRoomBasement\RifRmSmBaseWall01.nif
RifRmSmPartitionBeamTall01,0009CD5C,Architecture\Riften\Interior\SmallRoomSingle\RifRmSmPartitionBeamTall01.nif
RifRmSmPartitionTall01,0009CD5D,Architecture\Riften\Interior\SmallRoomSingle\RifRmSmPartitionTall01.nif
RifRmSmPartitionEdgeTall01,0009CD5E,Architecture\Riften\Interior\SmallRoomSingle\RifRmSmPartitionEdgeTall01.nif
RifRmSmPartitionBeamFirst01,0009CD7B,Architecture\Riften\Interior\SmallRoomFirst\RifRmSmPartitionBeamFirst01.nif
RifRmSmPartitionFirst01,0009CD7C,Architecture\Riften\Interior\SmallRoomFirst\RifRmSmPartitionFirst01.nif
RifRmSmPartitionBase01,0009CDC6,Architecture\Riften\Interior\SmallRoomBasement\RifRmSmPartitionBase01.nif
RifRmSmPartitionBeamBase01,0009CDC7,Architecture\Riften\Interior\SmallRoomBasement\RifRmSmPartitionBeamBase01.nif
RifRmSmPartitionDoorFirst01,0009CDCE,Architecture\Riften\Interior\SmallRoomFirst\RifRmSmPartitionDoorFirst01.nif
RifRmSmPartitionDoorTall01,0009CDD0,Architecture\Riften\Interior\SmallRoomSingle\RifRmSmPartitionDoorTall01.nif
RifRmSmPartitionDoorBase01,0009CDD1,Architecture\Riften\Interior\SmallRoomBasement\RifRmSmPartitionDoorBase01.nif
NorRmBgCorInL01Ice,0009D2B7,Dungeons\Nordic\BgRooms\NorRmBgCorInL01.nif
NorRmBgCorInR01Ice,0009D2B8,Dungeons\Nordic\BgRooms\NorRmBgCorInR01.nif
NorBridgeRmBgWallFront02ExSm02Ice,0009D2BA,Dungeons\Nordic\Bridges\NorBridgeRmBgWallFront02ExSm02.nif
NorBridge1wayEndCapFree01Ice,0009D2BB,Dungeons\Nordic\Bridges\NorBridge1wayEndCapFree01.nif
NorRubblePile02Ice,0009D31D,Dungeons\Nordic\Rubble\NorRubblePile02.nif
NorRubblePile01Ice,0009D31E,Dungeons\Nordic\Rubble\NorRubblePile01.nif
GiantObelisk04_MountainSlab,0009D46D,Clutter\Giant\GiantObelisk04.nif
IcicleBigClump,0009D4BC,Landscape\Ice\IcicleBigClump.nif
IcicleBigSingle01,0009D4F6,Landscape\Ice\IcicleBigSingle01.nif
IcicleBigStrip,0009D51F,Landscape\Ice\IcicleBigStrip.nif
BoneHumanFootLStaticSnow,0009D849,Clutter\Bones\HumanFootLeftStatic.nif
GlacierPillarLg01,0009D999,Landscape\Ice\GlacierPillarLg01.nif
MrkFrontWallMain02Ext,0009DAC9,Architecture\Markarth\MrkFrontWallMain02Ext.nif
HHCelingBeam01,0009DAE6,Architecture\HighHrothgar\HHCelingBeam01.nif
HHLgBayLEntrance01b,0009DAEA,Architecture\HighHrothgar\HHLgBayLEntrance01b.nif
HHLgBayEnd,0009DAEB,Architecture\HighHrothgar\HHLgBayEnd.nif
HHLgBayREndR,0009DAEC,Architecture\HighHrothgar\HHLgBayREndR.nif
HHLgBayREndL,0009DAF2,Architecture\HighHrothgar\HHLgBayREndL.nif
HHLgBayLEndL,0009DAF3,Architecture\HighHrothgar\HHLgBayLEndL.nif
HHLgBaySmEnd01,0009DAFC,Architecture\HighHrothgar\HHLgBaySmEnd01.nif
HHLgBaySmCon01,0009DAFE,Architecture\HighHrothgar\HHLgBaySmCon01.nif
NorTable01NoShadowsnow,0009DB6C,Clutter\Ruins\RuinsTable01.nif
MAGINVIceSpellArt,0009DB72,Magic\MAGINVIceSpellArt.nif
WRDunIntWallfreeDoor02,0009DB73,Architecture\WhiteRun\WRInteriors\WRDungeon\WRDunIntWallfreeDoor02.nif
WRIntCastleWallDoubleHighStrDoorWay02,0009DB9E,Architecture\WhiteRun\WRInteriors\WRCastle\WRIntCastleWallDoubleHighStrDoorWay02.nif
WRDunIntArch768FirePlace01,0009DBE3,Architecture\WhiteRun\WRInteriors\WRDungeon\WRDunIntArch768FirePlace01.nif
ImpFloorPiece01snow,0009DBED,Dungeons\Imperial\ClutterKits\ImpFloorPiece01.nif
RiftenRWRoomBRoofRDoorWay,0009DC4B,Dungeons\Riften\RatwayBarrel\RiftenRWRoomBRoofRDoorWay.nif
RiftenRWRoomBEndCapShortVent01,0009DC5C,Dungeons\Riften\RatwayBarrel\RiftenRWRoomBEndCapShortVent01.nif
WRDunIntCor01Vent,0009DC61,Architecture\WhiteRun\WRInteriors\WRDungeon\WRDunIntCor01Vent.nif
RiftenRWHall1WayCeilGrate01,0009DC6B,Dungeons\Riften\RatwayHall\RiftenRWHall1WayCeilGrate01.nif
WRIntFloorDirtCorAVent01,0009DC6F,Architecture\WhiteRun\WRInteriors\WRIntFloorDirtCorAVent01.nif
RiftenRWHall1WayToBlack01,0009DC70,Dungeons\Riften\RatwayHall\RiftenRWHall1WayToBlack01.nif
RiftenRWHallArch01Grate01,0009DC77,Dungeons\Riften\RatwayHall\RiftenRWHallArch01Grate01.nif
RiftenRWRoomDropDown01,0009DC7E,Dungeons\Riften\RatwayBarrel\RiftenRWRoomDropDown01.nif
RiftenRWHall4WayCeilVent01,0009DC80,Dungeons\Riften\RatwayHall\RiftenRWHall4WayCeilVent01.nif
WRPrisonCellFloorGrate01,0009DC87,Architecture\WhiteRun\WRInteriors\WRDungeon\WRPrisonCellFloorGrate01.nif
WRIntCastlePlatStairs01ext,0009DCAA,Architecture\WhiteRun\WRInteriors\WRCastle\WRIntCastlePlatStairs01ext.nif
WRIntCastleWallStrDoorSm01,0009DCBE,Architecture\WhiteRun\WRInteriors\WRCastle\WRIntCastleWallStrDoorSm01.nif
ImpFloorPiece02snow,0009DDD3,Dungeons\Imperial\ClutterKits\ImpFloorPiece02.nif
RockPileS01VolcanicDirt01,0009E126,Landscape\Rocks\RockPileS01.nif
RockPileS02VolcanicDirt01,0009E127,Landscape\Rocks\RockPileS02.nif
RockCliff07FieldGrass02,0009E1BD,Landscape\Rocks\RockCliff07.nif
ImpRubblePiece04snow,0009E2B9,Dungeons\Imperial\ClutterKits\ImpRubblePiece04.nif
ImpRubblePiece03snow,0009E2BA,Dungeons\Imperial\ClutterKits\ImpRubblePiece03.nif
ExteriorWoodenTable01snow,0009E2F4,Clutter\ExteriorWoodenFurniture\ExteriorWoodenTable01Snow.nif
StonewallTerraceEndL01FallForestDirt01,0009E370,Architecture\Farmhouse\Stonewall\StonewallTerraceEndL01.NIF
StonewallTerraceLong02FallForestDirt01,0009E3F0,Architecture\Farmhouse\Stonewall\StonewallTerraceLong02.NIF
StonewallTerraceCorner01FallForestDirt01,0009E3F1,Architecture\Farmhouse\Stonewall\StonewallTerraceCorner01.NIF
WRIntDragonRoomWallStr01,0009E59A,Architecture\WhiteRun\WRInteriors\WRCastle\WRIntDragonRoomWallStr01.nif
WRIntDragonRoomWallStr02,0009E5DF,Architecture\WhiteRun\WRInteriors\WRCastle\WRIntDragonRoomWallStr02.nif
WRIntDragonRoomRib01,0009E5E3,Architecture\WhiteRun\WRInteriors\WRCastle\WRIntDragonRoomRib01.nif
WRIntDragonRoomColBase01,0009E5E7,Architecture\WhiteRun\WRInteriors\WRCastle\WRIntDragonRoomColBase01.nif
WRIntDragonRoomArch01,0009E5EB,Architecture\WhiteRun\WRInteriors\WRCastle\WRIntDragonRoomArch01.nif
WRIntDragonRoomCeiling01,0009E5F3,Architecture\WhiteRun\WRInteriors\WRCastle\WRIntDragonRoomCeiling01.nif
WRIntDragonRoomArch02,0009E62F,Architecture\WhiteRun\WRInteriors\WRCastle\WRIntDragonRoomArch02.nif
WRIntDragonRoomWallCorL,0009E638,Architecture\WhiteRun\WRInteriors\WRCastle\WRIntDragonRoomWallCorL.nif
WRIntDragonRoomWallCorR,0009E639,Architecture\WhiteRun\WRInteriors\WRCastle\WRIntDragonRoomWallCorR.nif
WHgate2,0009F278,Architecture\Windhelm\WHgate2.nif
WHmaingatesteps,0009F27D,Architecture\Windhelm\WHmaingatesteps.nif
RifRmSmSecondFloorHoleMid02,0009F3A1,Architecture\Riften\Interior\SmallRoomSecond\RifRmSmSecondFloorHoleMid02.nif
RifRmSmSecondMidOpen01,0009F66D,Architecture\Riften\Interior\SmallRoomSecond\RifRmSmSecondMidOpen01.nif
RifRmSmSecondMidOpenCor01,0009F66F,Architecture\Riften\Interior\SmallRoomSecond\RifRmSmSecondMidOpenCor01.nif
RifRmSmSecondMidRoofWin01,0009F68A,Architecture\Riften\Interior\SmallRoomSecond\RifRmSmSecondMidRoofWin01.nif
RifRmSmFirstMidOpen01,0009F6F2,Architecture\Riften\Interior\SmallRoomFirst\RifRmSmFirstMidOpen01.nif
RifRmSmFirstMidOpenCor01,0009F6F3,Architecture\Riften\Interior\SmallRoomFirst\RifRmSmFirstMidOpenCor01.nif
MrkFrontWallDam02Ext,0009F7DD,Architecture\Markarth\MrkFrontWallDam02Ext.nif
WRIntDragonRoomArchHalf01,0009F9E8,Architecture\WhiteRun\WRInteriors\WRCastle\WRIntDragonRoomArchHalf01.nif
WRIntDragonRoomArch03,0009F9F9,Architecture\WhiteRun\WRInteriors\WRCastle\WRIntDragonRoomArch03.nif
WRIntDragonRoomWallStr01Arch,0009F9FA,Architecture\WhiteRun\WRInteriors\WRCastle\WRIntDragonRoomWallStr01Arch.nif
WRIntDragonRoomColBase02,0009F9FD,Architecture\WhiteRun\WRInteriors\WRCastle\WRIntDragonRoomColBase02.nif
WRIntDragonRoomFloorCenter01,0009F9FE,Architecture\WhiteRun\WRInteriors\WRCastle\WRIntDragonRoomFloorCenter01.nif
WRIntDragonRoomWallStr01half,0009F9FF,Architecture\WhiteRun\WRInteriors\WRCastle\WRIntDragonRoomWallStr01half.nif
WRIntDragonRoomRib01Ent,0009FA04,Architecture\WhiteRun\WRInteriors\WRCastle\WRIntDragonRoomRib01Ent.nif
WRIntDragonRoomRibCap01,0009FA10,Architecture\WhiteRun\WRInteriors\WRCastle\WRIntDragonRoomRibCap01.nif
WRIntDragonRoomWallCorIn01,0009FA15,Architecture\WhiteRun\WRInteriors\WRCastle\WRIntDragonRoomWallCorIn01.nif
WRIntDragonRoomWallCor01,0009FA16,Architecture\WhiteRun\WRInteriors\WRCastle\WRIntDragonRoomWallCor01.nif
WRintCastlePiece01,0009FA30,Architecture\WhiteRun\WRInteriors\WRCastle\WRintCastlePiece01.nif
WRintCastlePiece02,0009FA41,Architecture\WhiteRun\WRInteriors\WRCastle\WRintCastlePiece02.nif
WRIntDragonRoomFloor01,0009FA43,Architecture\WhiteRun\WRInteriors\WRCastle\WRIntDragonRoomFloor01.nif
WRIntCastleCeilingStoneGapPiece01,0009FA48,Architecture\WhiteRun\WRInteriors\WRCastle\WRIntCastleCeilingStoneGapPiece01.nif
MAGINVShockSpellArt,0009FA64,Magic\MAGINVShockSpellArt.nif
FXOrderedRenderingDoubleSidedExample,000A0363,Effects\WorkingExamples\FXOrderedRenderingDoubleSidedExample.nif
NorHallExSmExtension01Snow,000A0718,Dungeons\Nordic\BgHalls\NorHallExSmExtension01.nif
NorCatHallBg1wayEndCapExSm01Snow,000A07CC,Dungeons\Nordic\Catacombs\BgHalls\NorCatHallBg1wayEndCapExSm01.nif
NorCatHallBg1wayRamp256Snow,000A083D,Dungeons\Nordic\Catacombs\BgHalls\NorCatHallBg1wayRamp256.nif
NorCatHallBg1wayRamp256LtSnow,000A0840,Dungeons\Nordic\Catacombs\BgHalls\NorCatHallBg1wayRamp256.nif
NorCatHallBg1wayEndCapExSm01SnowLight,000A0841,Dungeons\Nordic\Catacombs\BgHalls\NorCatHallBg1wayEndCapExSm01.nif
NorRmSmFloorRaised01Snow,000A0842,Dungeons\Nordic\SmRooms\NorRmSmFloorRaised01.nif
HagravenSticks01Snow,000A0896,Clutter\Hagraven\HagravenSticks01.nif
HagravenSticks02Snow,000A0897,Clutter\Hagraven\HagravenSticks02.nif
NorRmSmFloorRaised02Snow,000A08B3,Dungeons\Nordic\SmRooms\NorRmSmFloorRaised02.nif
RockPileS01SnowRocks,000A08CF,Landscape\Rocks\RockPileS01.nif
NorExtWallBgHenge01SnowLight,000A0C7B,Dungeons\Nordic\Exterior\Walls\NorExtWallBgHenge01.nif
WRCastleStoneTower01PorchINT,000A0DA0,Architecture\WhiteRun\WRBuildings\WRCastleStoneTower01PorchINT.nif
WRIntDragonRoomWallStrCustom01,000A0DA1,Architecture\WhiteRun\WRInteriors\WRCastle\WRIntDragonRoomWallStrCustom01.nif
WRIntDragonRoomWallStr01halfext,000A0DA3,Architecture\WhiteRun\WRInteriors\WRCastle\WRIntDragonRoomWallStr01halfext.nif
WRIntDragonRoomBalcony,000A0DA4,Architecture\WhiteRun\WRInteriors\WRCastle\WRIntDragonRoomBalcony.nif
MAGINVHealSpellArt,000A0E7D,Magic\MAGINVHealSpellArt.nif
MAGINVWardSpellArt,000A0E7E,Magic\MAGINVWardSpellArt.nif
MAGINVLightSpellArt,000A0E7F,Magic\MAGINVLightSpellArt.nif
WRIntCastleCeilingStoneStr01Half,000A0E92,Architecture\WhiteRun\WRInteriors\WRCastle\WRIntCastleCeilingStoneStr01Half.nif
MountainCliffSm01_SparseSN,000A0EB3,Landscape\Mountains\MountainCliffSm01.nif
HHMainHallCon01,000A0F41,Architecture\HighHrothgar\HHMainHallCon01.nif
HHMainHallCon02,000A0F42,Architecture\HighHrothgar\HHMainHallCon02.nif
FalmerRosettaStone,000A19B0,Clutter\FalmerRosettaStone\FalmerRosettaStone.nif
CivilWarRubble01Dirt02,000A22CF,Clutter\CivilWar\CivilWarRubble01.nif
CivilWarRubble02Dirt02,000A22D0,Clutter\CivilWar\CivilWarRubble02.nif
CivilWarRubble03Dirt02,000A22D1,Clutter\CivilWar\CivilWarRubble03.nif
CivilWarRubble04Dirt02,000A22D2,Clutter\CivilWar\CivilWarRubble04.nif
CivilWarRubble05Dirt02,000A22D3,Clutter\CivilWar\CivilWarRubble05.nif
HHLgBaySmCon02,000A28FE,Architecture\HighHrothgar\HHLgBaySmCon02.nif
RockPileS02RiverbedEdge01,000A2967,Landscape\Rocks\RockPileS02.nif
CaveGHallDetwist01ice,000A29FF,Dungeons\Caves\Green\SmallHall\CaveGHallDetwist01.nif
CaveGDirtMound03iceBlend,000A2A02,Dungeons\Caves\Green\DirtMound\CaveGDirtMound03.nif
NorRubblePiece03ice,000A2A2C,Dungeons\Nordic\Rubble\NorRubblePiece03.nif
DweFacadeLiftDown01ice,000A2D71,Dungeons\Dwemer\Facades\DweFacadeLiftDown01.nif
DweFacadeHallSmAlcove01ice,000A2D77,Dungeons\Dwemer\Facades\DweFacadeHallSmAlcove01.nif
FalmerTentLargeSnow,000A2FEC,Architecture\Falmer Hut\LargeHut.nif
FalmerTotem01Snow,000A2FEF,Clutter\FalmerTotems\falmertotem.nif
FalmerWallPodSnow,000A2FF0,Architecture\Falmer Hut\WallPod.nif
1stPersonNordHeroGreatsword,000A3116,Weapons\NordHero\1stPersonNordHeroGreatsword.nif
BoneHumanSkullStaticSnow,000A313B,Clutter\Bones\HumanSkullStatic.nif
RifRmSmKeepCorIn01,000A33CF,Architecture\Riften\Interior\SmallRoomKeep\RifRmSmKeepCorIn01.nif
RifRmSmKeepCorInLHalf01,000A33D0,Architecture\Riften\Interior\SmallRoomKeep\RifRmSmKeepCorInLHalf01.nif
RifRmSmKeepCorInRHalf01,000A33D1,Architecture\Riften\Interior\SmallRoomKeep\RifRmSmKeepCorInRHalf01.nif
RifRmSmKeepCorOut01,000A33D2,Architecture\Riften\Interior\SmallRoomKeep\RifRmSmKeepCorOut01.nif
RifRmSmKeepWall01,000A33D3,Architecture\Riften\Interior\SmallRoomKeep\RifRmSmKeepWall01.nif
RifRmSmPartitionBeamKeep01,000A33D4,Architecture\Riften\Interior\SmallRoomKeep\RifRmSmPartitionBeamKeep01.nif
RifRmSmPartitionDoorKeep01,000A33D5,Architecture\Riften\Interior\SmallRoomKeep\RifRmSmPartitionDoorKeep01.nif
RifRmSmPartitionKeep01,000A33D6,Architecture\Riften\Interior\SmallRoomKeep\RifRmSmPartitionKeep01.nif
RifRmBgKeepCorIn01,000A33D7,Architecture\Riften\Interior\BigRoomKeep\RifRmBgKeepCorIn01.nif
RifRmBgKeepFloorSteps01,000A33D8,Architecture\Riften\Interior\BigRoomKeep\RifRmBgKeepFloorSteps01.nif
RifRmBgKeepFloorStone01,000A33D9,Architecture\Riften\Interior\BigRoomKeep\RifRmBgKeepFloorStone01.nif
RifRmBgKeepFloorStone02,000A33DA,Architecture\Riften\Interior\BigRoomKeep\RifRmBgKeepFloorStone02.nif
RifRmBgKeepFloorWood01,000A33DB,Architecture\Riften\Interior\BigRoomKeep\RifRmBgKeepFloorWood01.nif
RifRmBgKeepFloorWood02,000A33DC,Architecture\Riften\Interior\BigRoomKeep\RifRmBgKeepFloorWood02.nif
RifRmBgKeepWall01,000A33DD,Architecture\Riften\Interior\BigRoomKeep\RifRmBgKeepWall01.nif
NorDwelling01ExtCourtAWin01,000A343D,Dungeons\Nordic\Exterior\Dwellings\NorDwelling01ExtCourtAWin01.nif
RifRmBgKeepWallExSm01,000A34E5,Architecture\Riften\Interior\BigRoomKeep\RifRmBgKeepWallExSm01.nif
RifRmSmKeepWallExSm01,000A34E6,Architecture\Riften\Interior\SmallRoomKeep\RifRmSmKeepWallExSm01.nif
RifRmBgKeepMid01,000A34E9,Architecture\Riften\Interior\BigRoomKeep\RifRmBgKeepMid01.nif
CaveIHall2Way02ice,000A352B,Dungeons\Caves\Ice\SmallHall\CaveIHall2Way02.nif
CaveIHall1Way64Short01ice,000A352C,Dungeons\Caves\Ice\SmallHall\CaveIHall1Way64Short01.nif
CaveIHall1Way128D01ice,000A352D,Dungeons\Caves\Ice\SmallHall\CaveIHall1Way128D01.nif
CaveIRoomCorner03ice,000A352E,Dungeons\Caves\Ice\SmallRoom\CaveIRoomCorner03.nif
CaveIRoomDoorB04ice,000A352F,Dungeons\Caves\Ice\SmallRoom\CaveIRoomDoorB04.nif
CaveIRoomWall02ice,000A3530,Dungeons\Caves\Ice\SmallRoom\CaveIRoomWall02.nif
CaveIHall1Way64U01ice,000A3531,Dungeons\Caves\Ice\SmallHall\CaveIHall1Way64U01.nif
CaveIHall1Way128L01ice,000A3532,Dungeons\Caves\Ice\SmallHall\CaveIHall1Way128L01.nif
CaveIHallDeadEnd01ice,000A3534,Dungeons\Caves\Ice\SmallHall\CaveIHallDeadEnd01.nif
CaveGHall2Way02cice,000A3560,Dungeons\Caves\Green\SmallHall\CaveGHall2Way02c.nif
CaveGLHall1Way02cice,000A3569,Dungeons\Caves\Green\LargeHall\CaveGLHall1Way02c.nif
RockCliff01ReachGrass01ReachMossyRocks01,000A3ABA,Landscape\Rocks\RockCliff01.nif
RockPileM01FieldGrass01WR,000A3C50,Landscape\Rocks\RockPileM01.nif
RockPileM02FieldGrass01WR,000A3C51,Landscape\Rocks\RockPileM02.nif
RockPileL03FieldGrass01WR,000A3C52,Landscape\Rocks\RockPileL03.nif
RockPileS01FieldGrass01WR,000A3C53,Landscape\Rocks\RockPileS01.nif
RockPileL02FieldGrass01WR,000A3C54,Landscape\Rocks\RockPileL02.nif
RockPileL04FieldGrass01WR,000A3C55,Landscape\Rocks\RockPileL04.nif
RockCliff07FieldGrass01WR,000A3C56,Landscape\Rocks\RockCliff07.nif
RockPileL01TundraRocksSnow,000A4554,Landscape\Rocks\RockPileL01.nif
CaveGBoulderL04Snow,000A4636,Dungeons\Caves\Green\Rocks\CaveGBoulderL04.nif
CaveGShaftStraight01Snow,000A4637,Dungeons\Caves\Green\Shafts\CaveGShaftStraight01.nif
CaveGShaftTop01cSnow,000A4638,Dungeons\Caves\Green\Shafts\CaveGShaftTop01c.nif
CaveGBoulderL01Snow,000A4639,Dungeons\Caves\Green\Rocks\CaveGBoulderL01.nif
CaveGBoulderPileS02sn_light,000A463A,Dungeons\Caves\Green\Rocks\CaveGBoulderPileS02.nif
CaveGBoulderPileS01sn_light,000A463B,Dungeons\Caves\Green\Rocks\CaveGBoulderPileS01.nif
CaveGBoulderL03sn_light,000A463C,Dungeons\Caves\Green\Rocks\CaveGBoulderL03.nif
CaveGBoulderL05sn_light,000A463D,Dungeons\Caves\Green\Rocks\CaveGBoulderL05.nif
NorBridge1way02x256sn_light,000A464C,Dungeons\Nordic\Bridges\NorBridge1way02x256.nif
NorBridge1wayEndCap02sn_light,000A464D,Dungeons\Nordic\Bridges\NorBridge1wayEndCap02.nif
NorRmShaftBeam01sn_light,000A4657,Dungeons\Nordic\Shafts\NorRmShaftBeam01.nif
CaveGBoulderL02sn_light,000A465D,Dungeons\Caves\Green\Rocks\CaveGBoulderL02.nif
NocturnalsChamberWall01,000A467A,Clutter\BlackPool\BlackPoolChamber\NocturnalsChamberWall01.nif
NorRmSmWallFrontDam01Snow,000A46AD,Dungeons\Nordic\SmRooms\NorRmSmWallFrontDam01.nif
NorDragonStatue01sn_light,000A46AE,Dungeons\Nordic\RuinsDragonStatue01.nif
CaveGLHallDeadEnd02cFalmer,000A4B1C,Dungeons\Caves\Green\LargeHall\CaveGLHallDeadEnd02c.nif
CaveGBoulderL05Falmer,000A4B1D,Dungeons\Caves\Green\Rocks\CaveGBoulderL05.nif
NorTmpExtPlatFloorRaised01SnowCustom01,000A4C9F,Dungeons\Nordic\Exterior\NorTmpExtPlatFloorRaised01.nif
NorHallSm1wayStairs128ExSm02LtSnow,000A4D2B,Dungeons\Nordic\SmHalls\NorHallSm1wayStairs128ExSm02.nif
RockPileL02SnowRocks01,000A4DC7,Landscape\Rocks\RockPileL02.nif
DockMooring01,000A4E63,Architecture\Riften\Docks\DockMooring01.nif
RTDockBldStr01,000A4E66,Architecture\Riften\Docks\RTDockBldStr01.nif
GiantMortar01,000A4E74,Clutter\Quest\GiantMortar.nif
NorRubblePileCeiling01Ice,000A50A0,Dungeons\Nordic\Rubble\NorRubblePileCeiling01.nif
IcebergLarge,000A545F,Landscape\Ice\IcebergLarge.nif
HHFirePit,000A5606,Architecture\HighHrothgar\HHFirePit.nif
HHLgBayREntrance01a,000A560A,Architecture\HighHrothgar\HHLgBayREntrance01a.nif
HHLgBayREntrance01b,000A560B,Architecture\HighHrothgar\HHLgBayREntrance01b.nif
HHLgBayREntrance02,000A5610,Architecture\HighHrothgar\HHLgBayREntrance02.nif
HHLgBayREndRb,000A5614,Architecture\HighHrothgar\HHLgBayREndRb.nif
HHLgBaySmEnd02,000A561C,Architecture\HighHrothgar\HHLgBaySmEnd02.nif
HHLgBaySm02,000A561D,Architecture\HighHrothgar\HHLgBaySm02.nif
HHLGRomCon01,000A561E,Architecture\HighHrothgar\HHLGRomCon01.nif
HHLGRomCon02,000A561F,Architecture\HighHrothgar\HHLGRomCon02.nif
HHLgBayLEndLb,000A564E,Architecture\HighHrothgar\HHLgBayLEndLb.nif
FishRack02,000A56FD,Clutter\DeadAnimals\FishRack02.nif
NorHallSm1wayEndCap01Snow,000A598B,Dungeons\Nordic\SmHalls\NorHallSm1wayEndCap01.nif
MAGINVUnrelentSpellArt,000A59AC,Magic\MAGINVUnrelentSpellArt.nif
MAGINVIllusionLight01,000A59AD,Magic\MAGINVIllusionLight01.nif
MAGINVIllusionDarkt01,000A59AE,Magic\MAGINVIllusionDarkt01.nif
DBStainglass01,000A59B0,Clutter\DBhood\DBStainglass01.nif
RiftenRWTGRoomRoundPillar03,000A5A1A,Dungeons\Riften\TGRoom\RiftenRWTGRoomRoundPillar03.nif
RiftenRWTGRoomRoundWall01,000A5A1B,Dungeons\Riften\TGRoom\RiftenRWTGRoomRoundWall01.nif
RiftenRWTGRoomRoundWall02,000A5A1C,Dungeons\Riften\TGRoom\RiftenRWTGRoomRoundWall02.nif
RiftenRWTGRoomRoundWall03,000A5A1D,Dungeons\Riften\TGRoom\RiftenRWTGRoomRoundWall03.nif
RiftenRWTGRoomRoundWall04,000A5A1E,Dungeons\Riften\TGRoom\RiftenRWTGRoomRoundWall04.nif
RiftenRWTGRoomRoundCore01,000A5A1F,Dungeons\Riften\TGRoom\RiftenRWTGRoomRoundCore01.nif
RiftenRWTGRoomRoundCoreCap01,000A5A20,Dungeons\Riften\TGRoom\RiftenRWTGRoomRoundCoreCap01.nif
RiftenRWTGRoomRoundCoreWall01,000A5A21,Dungeons\Riften\TGRoom\RiftenRWTGRoomRoundCoreWall01.nif
RiftenRWTGRoomRoundCoreWall02,000A5A22,Dungeons\Riften\TGRoom\RiftenRWTGRoomRoundCoreWall02.nif
RiftenRWTGRoomRoundCoreWall03,000A5A23,Dungeons\Riften\TGRoom\RiftenRWTGRoomRoundCoreWall03.nif
RiftenRWTGRoomRoundDoor01,000A5A24,Dungeons\Riften\TGRoom\RiftenRWTGRoomRoundDoor01.nif
RiftenRWTGRoomRoundLadder01,000A5A25,Dungeons\Riften\TGRoom\RiftenRWTGRoomRoundLadder01.nif
RiftenRWTGRoomRoundPillar01,000A5A26,Dungeons\Riften\TGRoom\RiftenRWTGRoomRoundPillar01.nif
RiftenRWTGRoomRoundPillar02,000A5A27,Dungeons\Riften\TGRoom\RiftenRWTGRoomRoundPillar02.nif
RiftenRWTGHQMain01,000A5A2A,Dungeons\Riften\ThievesGuild\RiftenRWTGHQMain01.nif
MS14CoffinGrounds,000A6082,Clutter\Quest\MS14CoffinGrounds.nif
WRIntFloorDirtStrStairsDown01,000A63F6,Architecture\WhiteRun\WRInteriors\WRIntFloorDirtStrStairsDown01.nif
WRIntWallDividerShort01,000A63F9,Architecture\WhiteRun\WRInteriors\WRIntWallDividerShort01.nif
WRIntWallStrDoor02,000A641D,Architecture\WhiteRun\WRInteriors\WRIntWallStrDoor02.nif
WRIntBeam768NoBracket,000A6421,Architecture\WhiteRun\WRInteriors\WRIntBeam768NoBracket.nif
WRIntRoofStr02,000A6426,Architecture\WhiteRun\WRInteriors\WRIntRoofStr02.nif
WRDunIntArchDoorwayTransCave,000A642D,Architecture\WhiteRun\WRInteriors\WRDungeon\WRDunIntArchDoorwayTransCave.nif
WRDunIntMeaderyFloorFireStr02,000A6443,Architecture\WhiteRun\WRInteriors\WRDungeon\WRDunIntMeaderyFloorFireStr02.nif
BreweryCaskLargeClosed02,000A6451,Clutter\BreweryCaskLargeClosed02.nif
MeaderyBrewer01Lid,000A6453,Clutter\MeaderyBrewer01Lid.nif
MAGINVSummon,000A6459,Magic\MAGINVSummon.nif
RockCliff02ReachDirt01MossyRocks01,000A688A,Landscape\Rocks\RockCliff02.nif
MountainTrim02Dirt02,000A68B8,Landscape\Mountains\MountainTrim02.nif
NorTmpExtPlatTowerBridgeEndCap01,000A6C84,Dungeons\Nordic\Exterior\NorTmpExtPlatTowerBridgeEndCap01.nif
SMdAStaSol02b,000A6DBD,Architecture\Solitude\Interiors\SMdAStaSol02b.nif
SBannerPost01,000A6E56,Architecture\Solitude\Clutter\SBannerPost01.nif
IcicleSmallClump,000A6F92,Landscape\Ice\IcicleSmallClump.nif
IcicleSmallSingle,000A6F9B,Landscape\Ice\IcicleSmallSingle.nif
MrkFrontWallDam01Int,000A7031,Architecture\Markarth\MrkFrontWallDam01Int.nif
Bridge01Snow,000A7149,Landscape\Bridges\Bridge01.nif
MrkStablesMidDoorway01,000A7224,Dungeons\Dwemer\Clutter\MrkStablesMidDoorway01.nif
MrkCliff03WizTower01,000A72D8,Architecture\Markarth\MrkCliff03WizTower01.nif
WRDunIntArch768CapGrate,000A760B,Architecture\WhiteRun\WRInteriors\WRDungeon\WRDunIntArch768CapGrate.nif
WRDunIntArch768Grate,000A760C,Architecture\WhiteRun\WRInteriors\WRDungeon\WRDunIntArch768Grate.nif
WRPrisonCellFloorGrate01Blocked,000A760F,Architecture\WhiteRun\WRInteriors\WRDungeon\WRPrisonCellFloorGrate01Blocked.nif
HHLightHolder01,000A769B,Architecture\HighHrothgar\HHLightHolder01.nif
HighPolyBookDA16,000A7B43,Clutter\Books\Book02\Character Assets\Book02Da16.nif
HighPolyLockpick,000A8484,Interface\Lockpicking\LockPick01.nif
HighPolyShiv,000A8489,Interface\Lockpicking\LockPickShiv01.nif
HighPolyLock,000A848B,Interface\Lockpicking\LockPickLock01.nif
Windhelmbridge2,000A853D,Architecture\Windhelm\Windhelmbridge2.nif
WhiteRunDragonTrapRef01,000A85C2,Traps\WhiteRunDragonTrap\WhiteRunDragonTrapRef01.nif
HHMainHallFGate02,000A85CA,Architecture\HighHrothgar\HHMainHallFGate02.nif
HHMainHallFGate01,000A85CB,Architecture\HighHrothgar\HHMainHallFGate01.nif
HHLgBaySmEnt01,000A85E8,Architecture\HighHrothgar\HHLgBaySmEnt01.nif
HHLgBaySmEnt02,000A85E9,Architecture\HighHrothgar\HHLgBaySmEnt02.nif
CaveGLHallEntrance02Snow,000A882F,Dungeons\Caves\Green\LargeHall\CaveGLHallEntrance02.nif
CaveGLHallEntrance02sn_light,000A8830,Dungeons\Caves\Green\LargeHall\CaveGLHallEntrance02.nif
CaveGRockPileS01Snow,000A8831,Dungeons\Caves\Green\Rocks\CaveGRockPileS01.nif
WRFenceBaseSupport01,000A88CB,Architecture\WhiteRun\WRFarmFence\WRFenceBaseSupport01.nif
WRFenceBaseRubble01,000A88CF,Architecture\WhiteRun\WRFarmFence\WRFenceBaseRubble01.nif
WRHouseShack02,000A88E7,Architecture\WhiteRun\WRBuildings\WRHouseShack02.nif
WRShIntCor01WinLhalf,000A8949,Architecture\WhiteRun\WRInteriors\WRShackInterior\WRShIntCor01WinLhalf.nif
WRShIntCor01WinRHalf,000A894A,Architecture\WhiteRun\WRInteriors\WRShackInterior\WRShIntCor01WinRHalf.nif
WRIntFloorWoodCap02,000A894C,Architecture\WhiteRun\WRInteriors\WRIntFloorWoodCap02.nif
WHstonequarterhouses01,000A8A15,Architecture\Windhelm\WHstonequarterhouses01.nif
TreePineForestCutStump02_LightSN,000A91CD,Landscape\Trees\TreePineForestCutStump02.nif
NorShaftTrapDoorSTATIC_HeavySN,000A9228,Dungeons\Nordic\Doors\Animated\TrapDoor\Ruins_TrapDoor01.nif
GiantObeliskBlue02_MountainSlab,000A9294,Clutter\Giant\GiantObeliskBlue02.nif
GiantObeliskBlue03MountainSlab,000A9295,Clutter\Giant\GiantObeliskBlue03.nif
GiantObeliskBlue01MountainSlab,000A9296,Clutter\Giant\GiantObeliskBlue01.nif
RockCaveEntrance01TundraRocks01,000A92A1,Landscape\Rocks\RockCaveEntrance01.nif
RockCliff02Tundra01,000A94DA,Landscape\Rocks\RockCliff02.nif
ImpWoodbeam08Snow,000A96C8,Dungeons\Imperial\ClutterKits\ImpWoodbeam08.nif
IcebergSmall01,000A98EE,Landscape\Ice\IcebergSmall01.nif
IcebergLedge01,000A98EF,Landscape\Ice\IcebergLedge01.nif
IcebergSmall02,000A98F8,Landscape\Ice\IcebergSmall02.nif
RockPileS02PineForest01,000A9BE2,Landscape\Rocks\RockPileS02.nif
RockPileL03ReachMoss01MossyRocks01,000A9BF2,Landscape\Rocks\RockPileL03.nif
RuinsAltarBroken_LightSnow,000A9DB5,Clutter\Ruins\RuinsFurnitureRubble15.nif
FirewoodPileMedium01_LightSN,000A9E8B,Clutter\Firewood\FirewoodPileMedium01.nif
SFarmhouseWindMillDirt02,000A9EFC,Architecture\Solitude\Farms\SFarmhouseWindMill.nif
MetalCage01,000AA041,Clutter\Common\MetalCage01.nif
TortureRack,000AA045,Clutter\Common\TortureRack01.nif
RTDockPier01,000AA81D,Architecture\Riften\Docks\RTDockPier01.nif
RTDockBldCorPier01,000AA827,Architecture\Riften\Docks\RTDockBldCorPier01.nif
RTDockBld3wayDwn01,000AA82D,Architecture\Riften\Docks\RTDockBld3wayDwn01.nif
RTDockPier02,000AA82E,Architecture\Riften\Docks\RTDockPier02.nif
RTDockBldCorPier02,000AA82F,Architecture\Riften\Docks\RTDockBldCorPier02.nif
RTDockBldCor01,000AA833,Architecture\Riften\Docks\RTDockBldCor01.nif
RTDockBldStrStairsT01,000AA83D,Architecture\Riften\Docks\RTDockBldStrStairsT01.nif
StatueVaermina01,000AA93D,Clutter\Statues\StatueVaermina.nif
TG08StatueFalmer,000AA93F,Clutter\Statues\StatueFalmer.nif
PracticeDummy01,000AAA35,Clutter\PracticeDummy\PracticeDummy01.nif
PracticeDummy02,000AAA36,Clutter\PracticeDummy\PracticeDummy02.nif
PracticeDummy03,000AAA37,Clutter\PracticeDummy\PracticeDummy03.nif
RifRmSmFirstMidOpenCorOut01,000AB3FD,Architecture\Riften\Interior\SmallRoomFirst\RifRmSmFirstMidOpenCorOut01.nif
RifRmSmBaseFloor02,000AB402,Architecture\Riften\Interior\SmallRoomBasement\RifRmSmBaseFloor02.nif
RifRmSmBaseCeiling01,000AB403,Architecture\Riften\Interior\SmallRoomBasement\RifRmSmBaseCeiling01.nif
RifRmSmBaseFloorStairs01,000AB417,Architecture\Riften\Interior\SmallRoomBasement\RifRmSmBaseFloorStairs01.nif
RifRmSmBaseCeilingStairs01,000AB439,Architecture\Riften\Interior\SmallRoomBasement\RifRmSmBaseCeilingStairs01.nif
RifRmSmPartitionBase02,000AB450,Architecture\Riften\Interior\SmallRoomBasement\RifRmSmPartitionBase02.nif
RifRmSmBaseWallGrateFrame01,000AB45C,Architecture\Riften\Interior\SmallRoomBasement\RifRmSmBaseWallGrateFrame01.nif
RifRmSmBaseWallSecretDoorFrame01,000AB46C,Architecture\Riften\Interior\SmallRoomBasement\RifRmSmBaseWallSecretDoorFrame01.nif
ImpExtIceStairs03,000AB902,Dungeons\Imperial\Exterior\ImpExtStairs03.nif
FirewoodPileLarge01_SparseSN,000ABD2B,Clutter\Firewood\FirewoodPileLarge01.nif
FirewoodPileSmall01_SparseSN,000ABD2C,Clutter\Firewood\FirewoodPileSmall01.nif
SLGDWallSol03,000ABD6E,Architecture\Solitude\Interiors\SLGDWallSol03.nif
TG08StandingStone,000ABDD5,Clutter\Quest\TG08StandingStone.nif
RoadSignRiverwood01R,000ABED8,Clutter\Signage\RoadSigns\RoadSignRiverwood01R.nif
RoadSignRiverwood01L,000ABED9,Clutter\Signage\RoadSigns\RoadSignRiverwood01L.nif
NorAnteChamber01,000ACAA1,Dungeons\Nordic\Chambers\NorAnteChamber01.nif
HagravenHouseSticks01,000ACAF9,Clutter\Hagraven\HagravenHouseSticks01.nif
HagravenSticks01,000ACAFA,Clutter\Hagraven\HagravenSticks01.nif
HagravenSticks02,000ACAFB,Clutter\Hagraven\HagravenSticks02.nif
HagravenBloodbowl01,000ACAFC,Clutter\Hagraven\HagravenBloodbowl01.nif
HagravenDeadGoatPole01,000ACAFD,Clutter\Hagraven\HagravenDeadGoatPole01.nif
HagravenDeadGoatPole02,000ACAFE,Clutter\Hagraven\HagravenDeadGoatPole02.nif
HagravenDeadSkeeverPole01,000ACAFF,Clutter\Hagraven\HagravenDeadSkeeverPole01.nif
HagravenDeadSkeeverPole02,000ACB00,Clutter\Hagraven\HagravenDeadSkeeverPole02.nif
HagravenDeadSpriggan01,000ACB01,Clutter\Hagraven\HagravenDeadSpriggan01.nif
HagravenDeadSpriggan02,000ACB02,Clutter\Hagraven\HagravenDeadSpriggan02.nif
HagravenHangingBall01,000ACB03,Clutter\Hagraven\HagravenHangingBall01.nif
HagravenHouse01,000ACB04,Clutter\Hagraven\HagravenHouse01.nif
HagravenHouse02,000ACB05,Clutter\Hagraven\HagravenHouse02.nif
HagravenHouse03,000ACB06,Clutter\Hagraven\HagravenHouse03.nif
HagravenHouseBones01,000ACB07,Clutter\Hagraven\HagravenHouseBones01.nif
HagravenDeadElk01,000ACB08,Clutter\Hagraven\HagravenDeadElk01.nif
HagravenHangingBall02,000ACB27,Clutter\Hagraven\HagravenHangingBall02.nif
HagravenTusks02,000ACB28,Clutter\Hagraven\HagravenTusks02.nif
HagravenTusks03,000ACB29,Clutter\Hagraven\HagravenTusks03.nif
HagravenTusks04,000ACB2A,Clutter\Hagraven\HagravenTusks04.nif
HagravenTusks01,000ACB2B,Clutter\Hagraven\HagravenTusks01.nif
HagravenFence03,000ACB2F,Clutter\Hagraven\HagravenFence03.nif
HagravenFence04,000ACB30,Clutter\Hagraven\HagravenFence04.nif
HagravenFence05,000ACB31,Clutter\Hagraven\HagravenFence05.nif
HagravenFence01,000ACB32,Clutter\Hagraven\HagravenFence01.nif
HagravenFence02,000ACB33,Clutter\Hagraven\HagravenFence02.nif
DweIchorBarrel01,000ACE9E,Clutter\Dwemer\DweInchorBarrel01.nif
ImpExtStairs03,000AD23A,Dungeons\Imperial\Exterior\ImpExtStairs03.nif
RockAnimalDen,000AD24E,Landscape\Rocks\RockAnimalDen01.nif
RockCaveEntrance02,000AD254,Landscape\Rocks\RockCaveEntrance02.nif
RTDockBldStrDbl01,000ADE85,Architecture\Riften\Docks\RTDockBldStrDbl01.nif
RTDockBldStrBridge01,000ADE8C,Architecture\Riften\Docks\RTDockBldStrBridge01.nif
RTDockBldCorIn01,000ADE8D,Architecture\Riften\Docks\RTDockBldCorIn01.nif
RTDockStairsTurn01,000ADE8F,Architecture\Riften\Docks\RTDockStairsTurn01.nif
RTDockBldCortoStairs01,000ADE91,Architecture\Riften\Docks\RTDockBldCortoStairs01.nif
RTDockBldStrDbl02,000ADE92,Architecture\Riften\Docks\RTDockBldStrDbl02.nif
RTDockBldTallStairs01,000ADE94,Architecture\Riften\Docks\RTDockBldTallStairs01.nif
RTWalltoDocks01,000ADE95,Architecture\Riften\RTWalltoDocks01.nif
RTWalltoDocks01Inner,000ADE97,Architecture\Riften\RTWalltoDocks01Inner.nif
MountainTrim01FallForestRocks01,000ADEC7,Landscape\Mountains\MountainTrim01.nif
RockPileS01FallForestLeaves01,000ADF00,Landscape\Rocks\RockPileS01.nif
RockPileS02FallForestLeaves01,000ADF01,Landscape\Rocks\RockPileS02.nif
RockPileS02FallForestDirt01,000ADF1F,Landscape\Rocks\RockPileS02.nif
MountainCliffSlopeFallForestDirt01,000ADF38,Landscape\Mountains\MountainCliffSlope.nif
RockPileM02FallForestDirt01,000ADFF7,Landscape\Rocks\RockPileM02.nif
RockPileS01FallForestDirt01,000ADFFB,Landscape\Rocks\RockPileS01.nif
DockStrSol01,000AE62E,Architecture\Docks\DockStrSol01.nif
DockRopeStr01,000AE62F,Architecture\Docks\DockRopeStr01.nif
DockStepsDown01,000AE630,Architecture\Docks\DockStepsDown01.nif
DockStrEnt01,000AE631,Architecture\Docks\DockStrEnt01.nif
DockStr4way01,000AE63B,Architecture\Docks\DockStr4way01.nif
IceFloes01,000AE720,Landscape\Ice\IceFloes01.nif
RiftenRWRoomBWallV01ice,000AEBDD,Dungeons\Riften\RatwayBarrel\RiftenRWRoomBWallV01.nif
RiftenRWRoomBDoorV01ice,000AEBDE,Dungeons\Riften\RatwayBarrel\RiftenRWRoomBDoorV01.nif
RiftenRWRoomBStairs01ice,000AEBE1,Dungeons\Riften\RatwayBarrel\RiftenRWRoomBStairs01.nif
RiftenRWHallArch02ice,000AEBE7,Dungeons\Riften\RatwayHall\RiftenRWHallArch02.nif
RiftenRWHall1Way01ice,000AEBEA,Dungeons\Riften\RatwayHall\RiftenRWHall1Way01.nif
RTDockBldCorRamp01,000AED68,Architecture\Riften\Docks\RTDockBldCorRamp01.nif
RTDockPier03,000AED6A,Architecture\Riften\Docks\RTDockPier03.nif
DockStepsDown02,000AEDF3,Architecture\Docks\DockStepsDown02.nif
DockStrEnt02,000AEE0B,Architecture\Docks\DockStrEnt02.nif
DockCorSol01,000AEE0F,Architecture\Docks\DockCorSol01.nif
WHlandfront2,000AEEB0,Architecture\Windhelm\WHlandfront2.nif
WHlandfront,000AEEB6,Architecture\Windhelm\WHlandfront.nif
RockPileM01FallForestLeaves01,000AEF7E,Landscape\Rocks\RockPileM01.nif
MountainTrim01FallForestDirt01,000AF069,Landscape\Mountains\MountainTrim01.nif
RockPileM02FallForestGrass01,000AF177,Landscape\Rocks\RockPileM02.nif
OrcAwning01,000AF19F,Architecture\OrcLonghouse\OrcAwning01.nif
OrcAwningFull01,000AF1A2,Architecture\OrcLonghouse\OrcAwningFull01.nif
OrcAwningHalf01,000AF1A3,Architecture\OrcLonghouse\OrcAwningHalf01.nif
GlacierEndLg01_NoSN,000AF27E,Landscape\Ice\GlacierEndLg01.nif
RockPileS03,000AF8E0,Landscape\Rocks\RockPileS03.nif
TundraPond01FallForestGrass01,000AF8FA,Landscape\Tundra\TundraPond01.nif
TundraStreamBend01FallForestGrass01,000AF8FD,Landscape\Tundra\TundraStreamBend01.nif
RockPileS01RiverMud01,000AFB28,Landscape\Rocks\RockPileS01.nif
RiftenRWRoomPillar03ice,000AFC70,Dungeons\Riften\RatwayRoom\RiftenRWRoomPillar03.nif
RiftenRWHallGutter02ice,000AFC79,Dungeons\Riften\RatwayHall\RiftenRWHallGutter02.nif
RiftenRWRoomBSupportBase01ice,000AFCC1,Dungeons\Riften\RatwayBarrel\RiftenRWRoomBSupportBase01.nif
RockPileS04,000B0106,Landscape\Rocks\RockPileS04.nif
DockColStr01,000B010B,Architecture\Docks\DockColStr01.nif
RoadCurveLong45LRamp01FallForestDirt01,000B0142,Landscape\Roads\RoadCurveLong45LRamp01.nif
RoadSCurveR01FallForestDirt01,000B0143,Landscape\Roads\RoadSCurveR01.nif
RoadStraightLong02FallForestDirt01,000B0144,Landscape\Roads\RoadStraightLong02.nif
RoadCurveLong45RRamp01FallForestDirt01,000B0145,Landscape\Roads\RoadCurveLong45RRamp01.nif
RoadCurveLong45RRamp02FallForestDirt01,000B0146,Landscape\Roads\RoadCurveLong45RRamp02.nif
RoadChunkL03FallForestDirt01,000B0147,Landscape\Roads\RoadChunkL03.nif
RoadChunkS03FallForestDirt01,000B0148,Landscape\Roads\RoadChunkS03.nif
RoadCurveLong45R01FallForestDirt01,000B0149,Landscape\Roads\RoadCurveLong45R01.nif
RoadStrToCurveRampL01FallForestDirt01,000B014A,Landscape\Roads\RoadStrToCurveRampL01.nif
RoadStraightLongRamp02FallForestDirt01,000B014B,Landscape\Roads\RoadStraightLongRamp02.nif
RockPileL04FallForestGrass01,000B014E,Landscape\Rocks\RockPileL04.nif
RockPileS02FallForestGrass01,000B0157,Landscape\Rocks\RockPileS02.nif
RockPileS01FallForestGrass01,000B0158,Landscape\Rocks\RockPileS01.nif
RoadChunkS01FallForestDirt01,000B0170,Landscape\Roads\RoadChunkS01.nif
RoadChunkM02FallForestDirt01,000B0171,Landscape\Roads\RoadChunkM02.nif
NorTempleEntranceHall01,000B0185,Dungeons\Nordic\Exterior\NorTempleEntranceHall01.nif
DirtCliffs03FrozenMarshGrass01,000B0187,Landscape\DirtCliffs\DirtCliffs03.nif
DirtCliffsIsland01FrozenMarshGrass01,000B0188,Landscape\DirtCliffs\DirtCliffsIsland01.nif
DirtCliffsCornerOutFrozenMarshGrass01,000B0189,Landscape\DirtCliffs\DirtCliffsCornerOut01.nif
DirtCliffs02FrozenMarshGrass01,000B018A,Landscape\DirtCliffs\DirtCliffs02.nif
DirtCliffs01FrozenMarshGrass01,000B018B,Landscape\DirtCliffs\DirtCliffs01.nif
DirtCliffs01FrozenMarshLichen01,000B018C,Landscape\DirtCliffs\DirtCliffs01.nif
DirtCliffs02FrozenMarshLichen01,000B018D,Landscape\DirtCliffs\DirtCliffs02.nif
DirtCliffs03FrozenMarshLichen01,000B018E,Landscape\DirtCliffs\DirtCliffs03.nif
DirtCliffs05FrozenMarshGrass01,000B018F,Landscape\DirtCliffs\DirtCliffs05.nif
DirtCliffs05FrozenMarshLichen01,000B0190,Landscape\DirtCliffs\DirtCliffs05.nif
DirtCliffsIsland01FrozenMarshLichen01,000B0191,Landscape\DirtCliffs\DirtCliffsIsland01.nif
RockPileL02FrozenMarshGrass02,000B01D7,Landscape\Rocks\RockPileL02.nif
RockPileL02FrozenMarshLichen01,000B01D8,Landscape\Rocks\RockPileL02.nif
RockPileL03FrozenMarshGrass01,000B01D9,Landscape\Rocks\RockPileL03.nif
RockPileS03FallForestDirt01,000B0BD9,Landscape\Rocks\RockPileS03.nif
RTFarmhouse01,000B0EA9,Architecture\Riften\RTFarmhouse01.nif
RTFarmhouse02,000B0EAB,Architecture\Riften\RTFarmhouse02.nif
OrcAwningFull01_LightSN,000B0F6E,Architecture\OrcLonghouse\OrcAwningFull01.nif
OrcAwning01_LightSN,000B0F6F,Architecture\OrcLonghouse\OrcAwning01.nif
OrcAwningHalf01_LightSN,000B0F70,Architecture\OrcLonghouse\OrcAwningHalf01.nif
RockTundraLand01_LightSN,000B0F71,Landscape\Tundra\RockTundraLand01.nif
RockTundraLand02_LightSN,000B0F72,Landscape\Tundra\RockTundraLand02.nif
StockadeWoodplanks01_LightSN,000B0FA0,Dungeons\Mines\Clutter\MineWoodplanks01.nif
NorAnteChamber01a,000B10DB,Dungeons\Nordic\Chambers\NorAnteChamber01a.nif
SFarmhouse01,000B11AC,Architecture\Solitude\Farms\SFarmhouse01.nif
SFarmhouseSteps01,000B11AD,Architecture\Solitude\Farms\SFarmhouseSteps01.nif
SFarmhouse02,000B11B8,Architecture\Solitude\Farms\SFarmhouse02.nif
SFarmShed01,000B11C0,Architecture\Solitude\Farms\SFarmShed01.nif
SFarmShedWall01,000B11CA,Architecture\Solitude\Farms\SFarmShedWall01.nif
NightingaleBlock01,000B11CE,Clutter\Nightingale\NightingaleBlock01.nif
NightingaleBannerAnim01,000B11D9,Clutter\Nightingale\NightingaleBannerAnim01.nif
NightingaleBannerAnim02,000B11DF,Clutter\Nightingale\NightingaleBannerAnim02.nif
NightingaleBannerAnim03,000B11E2,Clutter\Nightingale\NightingaleBannerAnim03.nif
NightingaleBannerAnim04,000B11E4,Clutter\Nightingale\NightingaleBannerAnim04.nif
NightingalePlatform,000B11E7,Clutter\Nightingale\NightingalePlatform.nif
RuinsPot01Static,000B1B70,Clutter\Ruins\RuinsPot01.nif
RuinsPot02Static,000B1B71,Clutter\Ruins\RuinsPot02.nif
RuinsPot03Static,000B1B72,Clutter\Ruins\RuinsPot03Static.nif
RuinsPot04Static,000B1B73,Clutter\Ruins\RuinsPot04.nif
RuinsPot06Static,000B1B74,Clutter\Ruins\RuinsPot06.nif
RuinsPot05Static,000B1B75,Clutter\Ruins\RuinsPot05.nif
RuinsLargeUrnDestroyedStatic,000B1B7C,Clutter\Ruins\Ruins_LargeUrnDestroyed.nif
RuinsLargeUrnDestroyedTopStatic,000B1B7D,Clutter\Ruins\Ruins_LargeUrnDestroyedTop.nif
OrcAwningPartitionB01,000B233E,Architecture\OrcLonghouse\OrcAwningPartitionB01.nif
OrcAwningPartitionA01,000B233F,Architecture\OrcLonghouse\OrcAwningPartitionA01.nif
OrcAwningPartitionExSm01,000B2340,Architecture\OrcLonghouse\OrcAwningPartitionExSm01.nif
OrcLonghouseInteriorEastWing01,000B234D,Architecture\OrcLonghouse\OrcLonghouseInteriorEastWing01.nif
OrcLonghouseInteriorWestWing01,000B234E,Architecture\OrcLonghouse\OrcLonghouseInteriorWestWing01.nif
OrcLonghousePartitionBeam01,000B2351,Architecture\OrcLonghouse\OrcLonghousePartitionBeam01.nif
OrcLonghousePartitionExSm01,000B2352,Architecture\OrcLonghouse\OrcLonghousePartitionExSm01.nif
OrcLonghousePartitionWall01,000B2353,Architecture\OrcLonghouse\OrcLonghousePartitionWall01.nif
OrcLonghousePartitionEnd01,000B2358,Architecture\OrcLonghouse\OrcLonghousePartitionEnd01.nif
MountainTrim03_HeavySN,000B23C2,Landscape\Mountains\MountainTrim03.nif
MountainTrim03_LightSN,000B23C3,Landscape\Mountains\MountainTrim03.nif
MountainTrim03SnowRocks_LightSN,000B23C4,Landscape\Mountains\MountainTrim03.nif
Road3way01Snow,000B23F1,Landscape\Roads\Road3way01.nif
RoadChunkL02Snow,000B23F3,Landscape\Roads\RoadChunkL02.nif
RoadChunkM01Snow,000B23F4,Landscape\Roads\RoadChunkM01.nif
RoadChunkM02Snow,000B23F6,Landscape\Roads\RoadChunkM02.nif
RockPileL03CoastBeach01,000B23FC,Landscape\Rocks\RockPileL03.nif
RockPileL02CoastBeach01,000B23FD,Landscape\Rocks\RockPileL02.nif
RockPileL01CoastBeach01,000B23FE,Landscape\Rocks\RockPileL01.nif
RockPileL04CoastBeach01,000B23FF,Landscape\Rocks\RockPileL04.nif
RockPileM01CoastBeach01,000B2400,Landscape\Rocks\RockPileM01.nif
RoadChunkL01Snow,000B2415,Landscape\Roads\RoadChunkL01.nif
RoadChunkL03Snow,000B2416,Landscape\Roads\RoadChunkL03.nif
RockPileM02CoastBeach01,000B2417,Landscape\Rocks\RockPileM02.nif
RockPileS01CoastBeach01,000B2418,Landscape\Rocks\RockPileS01.nif
RockPileS02CoastBeach01,000B2419,Landscape\Rocks\RockPileS02.nif
RockPileS03CoastBeach01,000B241A,Landscape\Rocks\RockPileS03.nif
RockShelf01CoastBeach01,000B241B,Landscape\Rocks\RockShelf01.nif
RoadChunkM03Snow,000B241C,Landscape\Roads\RoadChunkM03.nif
RoadChunkM04Snow,000B241D,Landscape\Roads\RoadChunkM04.nif
RoadChunkS01Snow,000B241E,Landscape\Roads\RoadChunkS01.nif
RoadChunkS02Snow,000B241F,Landscape\Roads\RoadChunkS02.nif
RoadChunkS03Snow,000B2420,Landscape\Roads\RoadChunkS03.nif
RoadChunkS04Snow,000B2421,Landscape\Roads\RoadChunkS04.nif
RoadCurve90R01Snow,000B2422,Landscape\Roads\RoadCurve90R01.nif
RoadCurveLong45LRamp01Snow,000B2423,Landscape\Roads\RoadCurveLong45LRamp01.nif
RoadCurveLong45LRamp02Snow,000B2424,Landscape\Roads\RoadCurveLong45LRamp02.nif
RoadCurveLong45R01Snow,000B2425,Landscape\Roads\RoadCurveLong45R01.nif
RoadCurveLong45RRamp01Snow,000B2426,Landscape\Roads\RoadCurveLong45RRamp01.nif
RoadCurveLong45RRamp02Snow,000B2427,Landscape\Roads\RoadCurveLong45RRamp02.nif
RoadSCurveR01Snow,000B2428,Landscape\Roads\RoadSCurveR01.nif
RoadSCurveRamp01Snow,000B2429,Landscape\Roads\RoadSCurveRamp01.nif
RoadStraight01Snow,000B242A,Landscape\Roads\RoadStraight01.nif
RoadStraight02Snow,000B242B,Landscape\Roads\RoadStraight02.nif
RoadStraightLong01Snow,000B242C,Landscape\Roads\RoadStraightLong01.nif
RoadStraightLong02Snow,000B242D,Landscape\Roads\RoadStraightLong02.nif
RoadStraightLongRamp01Snow,000B242E,Landscape\Roads\RoadStraightLongRamp01.nif
RoadStraightLongRamp02Snow,000B242F,Landscape\Roads\RoadStraightLongRamp02.nif
RoadStrToCurveRampL01Snow,000B2430,Landscape\Roads\RoadStrToCurveRampL01.nif
RoadStrToCurveRampR01Snow,000B2431,Landscape\Roads\RoadStrToCurveRampR01.nif
WRThrone01Static,000B2448,Architecture\WhiteRun\WRClutter\WRThrone01Static.nif
MountainCliffSlopeCoastBeach01,000B244C,Landscape\Mountains\MountainCliffSlope.nif
RockPileL02Rocks01Light_SN,000B244D,Landscape\Rocks\RockPileL02.nif
WRDragonSkullMounted01,000B2456,Architecture\WhiteRun\WRClutter\WRDragonSkullMounted01.nif
WRIntCastlePlatThrone01,000B2458,Architecture\WhiteRun\WRInteriors\WRCastle\WRIntCastlePlatThrone01.nif
Bridge01FallForestDirt01,000B27AE,Landscape\Bridges\Bridge01.nif
MountainTrim02FallForestDirt01,000B27AF,Landscape\Mountains\MountainTrim02.nif
MountainTrim02FallForestGrass01,000B27B0,Landscape\Mountains\MountainTrim02.nif
RoadSCurveRamp01FallForestDirt01,000B27B1,Landscape\Roads\RoadSCurveRamp01.nif
RockCliff02FallForestGrass01,000B27B2,Landscape\Rocks\RockCliff02.nif
RoadStraightLongRamp01FallForestDirt01,000B27B3,Landscape\Roads\RoadStraightLongRamp01.nif
RoadStrToCurveRampR01FallForestDirt01,000B27B4,Landscape\Roads\RoadStrToCurveRampR01.nif
TundraStreamEnd01FallForestGrass01,000B27B5,Landscape\Tundra\TundraStreamEnd01.nif
DweFloorRubbleFlat01,000B28B4,Dungeons\Dwemer\Rubble\DweFloorRubbleFlat01.nif
BurntRubbleCaveDirt01,000B2A27,Clutter\Helgen\BurntRubble01.nif
BurntRubbleCaveDirt02,000B2A29,Clutter\Helgen\BurntRubble02.nif
BurntRubbleCaveDirt03,000B2A2A,Clutter\Helgen\BurntRubble03.nif
BurntRubbleCaveDirt04,000B2A2B,Clutter\Helgen\BurntRubble04.nif
BurntRubbleCaveDirt05,000B2A2C,Clutter\Helgen\BurntRubble05.nif
DweDoorLarge01STATIC,000B2D2C,Dungeons\Dwemer\Door\DwemerLargeDoor01.nif
RockCliffMineEntrance02Dirt02,000B2DA6,Landscape\Rocks\RockCliffMineEntrance02.nif
DBStainglassFrame01,000B33E7,Clutter\DBhood\DBStainglassFrame01.nif
DBBannerAnchor,000B343D,Clutter\DBhood\DBBannerAnchor.nif
DBBannerAnchor02,000B343E,Clutter\DBhood\DBBannerAnchor02.nif
DBStainglass02,000B348B,Clutter\DBhood\DBStainglass02.nif
RockPileS03Rocks01,000B353D,Landscape\Rocks\RockPileS03.nif
RockPileS04Rocks01,000B353E,Landscape\Rocks\RockPileS04.nif
SOVRockTerrace01,000B35B8,Architecture\Sovengarde\SOVRockTerrace01.nif
SovRockTerraceMainStairs01,000B35C6,Architecture\Sovengarde\SovRockTerraceMainStairs01.nif
SOVMountainBase01,000B35C8,Architecture\Sovengarde\SOVMountainBase01.nif
SFarmhouse03,000B36DD,Architecture\Solitude\Farms\SFarmhouse03.nif
SFarmhouseWindMill,000B36DF,Architecture\Solitude\Farms\SFarmhouseWindMill.nif
SFarmPorch01,000B36E3,Architecture\Solitude\Farms\SFarmPorch01.nif
SFarmPorch02,000B36E5,Architecture\Solitude\Farms\SFarmPorch02.nif
SFarmPorch03,000B3926,Architecture\Solitude\Farms\SFarmPorch03.nif
SLumberMill01,000B3954,Architecture\Solitude\Farms\SLumberMill01.nif
MrkTreasuryBridge02,000B3988,Architecture\Markarth\MrkTreasuryBridge02.nif
MrkTreasuryStairs02,000B39A8,Architecture\Markarth\MrkTreasuryStairs02.nif
MrkVlindrelHall01,000B39AC,Architecture\Markarth\MrkVlindrelHall01.nif
MrkVlindrelHallSteps01,000B39AD,Architecture\Markarth\MrkVlindrelHallSteps01.nif
MrkOgmundsHouse01,000B39AE,Architecture\Markarth\MrkOgmundsHouse01.nif
MrkNeposHouse01,000B39AF,Architecture\Markarth\MrkNeposHouse01.nif
MrkHousingBridgeUpper01,000B39B0,Architecture\Markarth\MrkHousingBridgeUpper01.nif
MrkTreasuryColm01,000B39B1,Architecture\Markarth\MrkTreasuryColm01.nif
MrkHousingWall01,000B39B2,Architecture\Markarth\MrkHousingWall01.nif
MrkEndonsHouse01,000B39B3,Architecture\Markarth\MrkEndonsHouse01.nif
MrkTreasury01,000B39B4,Architecture\Markarth\MrkTreasury01.nif
MrkHousingWalkwayLow01,000B39CF,Architecture\Markarth\MrkHousingWalkwayLow01.nif
MrkHousingBridgeMid01,000B39D0,Architecture\Markarth\MrkHousingBridgeMid01.nif
MrkLogrolfsWall01,000B39D1,Architecture\Markarth\MrkLogrolfsWall01.nif
MrkLogrolfsHouse01,000B39D2,Architecture\Markarth\MrkLogrolfsHouse01.nif
MrkLogrolfsWall02,000B39D3,Architecture\Markarth\MrkLogrolfsWall02.nif
MrkTreasuryBridge01,000B39D4,Architecture\Markarth\MrkTreasuryBridge01.nif
MrkTreasuryStairs01,000B39D5,Architecture\Markarth\MrkTreasuryStairs01.nif
MrkMillBridge01,000B39DF,Architecture\Markarth\MrkMillBridge01.nif
MrkDwemerRuinsEntr02,000B39E5,Architecture\Markarth\MrkDwemerRuinsEntr02.nif
MrkDwemerRuinsEntr01,000B39E6,Architecture\Markarth\MrkDwemerRuinsEntr01.nif
MrkDwemerRuinsArches01,000B39E7,Architecture\Markarth\MrkDwemerRuinsArches01.nif
MrkDwemerRuinsColms01,000B39E8,Architecture\Markarth\MrkDwemerRuinsColms01.nif
MrkDwemerRuinsGround01,000B39E9,Architecture\Markarth\MrkDwemerRuinsGround01.nif
MrkApothStairs03,000B39F0,Architecture\Markarth\MrkApothStairs03.nif
MrkApothStairs02,000B39F1,Architecture\Markarth\MrkApothStairs02.nif
MrkMillBase01,000B39F2,Architecture\Markarth\MrkMillBase01.nif
MrkMillRocks03,000B39F3,Architecture\Markarth\MrkMillRocks03.nif
MrkMillRocks02,000B39F4,Architecture\Markarth\MrkMillRocks02.nif
MrkMillRocks01,000B39F5,Architecture\Markarth\MrkMillRocks01.nif
MrkMillRocks05,000B39F6,Architecture\Markarth\MrkMillRocks05.nif
MrkDocksideOverseers01,000B3A00,Architecture\Markarth\MrkDocksideOverseers01.nif
MrkDocksidePlatforms02,000B3A01,Architecture\Markarth\MrkDocksidePlatforms02.nif
MrkDocksideBridge01,000B3A02,Architecture\Markarth\MrkDocksideBridge01.nif
MrkDocksideLand01,000B3A04,Architecture\Markarth\MrkDocksideLand01.nif
MrkDocksideBridge02,000B3A05,Architecture\Markarth\MrkDocksideBridge02.nif
MrkDocksideLand02,000B3A06,Architecture\Markarth\MrkDocksideLand02.nif
MrkWarrensCliffs07,000B3A16,Architecture\Markarth\MrkWarrensCliffs07.nif
MrkWarrensCliffs07Bridge01,000B3A17,Architecture\Markarth\MrkWarrensCliffs07Bridge01.nif
MrkWarrensCliffs06,000B3A18,Architecture\Markarth\MrkWarrensCliffs06.nif
MrkWarrensCliffs05,000B3A19,Architecture\Markarth\MrkWarrensCliffs05.nif
MrkWarrensArch01,000B3A1A,Architecture\Markarth\MrkWarrensArch01.nif
MrkDocksidePlatforms03,000B3A1B,Architecture\Markarth\MrkDocksidePlatforms03.nif
MrkWarrensFacade01,000B3A1C,Architecture\Markarth\MrkWarrensFacade01.nif
MrkWarrensCliffs04,000B3A1D,Architecture\Markarth\MrkWarrensCliffs04.nif
MrkWarrensCliffs03,000B3A1E,Architecture\Markarth\MrkWarrensCliffs03.nif
MrkWarrensCliffs02,000B3A1F,Architecture\Markarth\MrkWarrensCliffs02.nif
MrkWarrensCliffs01,000B3A20,Architecture\Markarth\MrkWarrensCliffs01.nif
MrkDocksideBridge02Colms02,000B3A21,Architecture\Markarth\MrkDocksideBridge02Colms02.nif
MrkDocksideBridge02Colms01,000B3A22,Architecture\Markarth\MrkDocksideBridge02Colms01.nif
MrkMillRoof01,000B3A37,Architecture\Markarth\MrkMillRoof01.nif
MrkKeepShadowBak01,000B3A80,Architecture\Markarth\MrkKeepShadowBak01.nif
MrkKeepDoorwayBalcony01,000B3A81,Architecture\Markarth\MrkKeepDoorwayBalcony01.nif
MrkKeepFacade05,000B3A82,Architecture\Markarth\MrkKeepFacade05.nif
MrkKeepBalconyBridge01,000B3A83,Architecture\Markarth\MrkKeepBalconyBridge01.nif
MrkKeepKingHead01,000B3A84,Architecture\Markarth\MrkKeepKingHead01.nif
MrkKeepFacade03,000B3A85,Architecture\Markarth\MrkKeepFacade03.nif
MrkKeepDoorwayMain01,000B3A87,Architecture\Markarth\MrkKeepDoorwayMain01.nif
MrkKeepCollonade01,000B3A88,Architecture\Markarth\MrkKeepCollonade01.nif
MrkKeepFacade04,000B3A89,Architecture\Markarth\MrkKeepFacade04.nif
MrkKeepFacade02,000B3A8A,Architecture\Markarth\MrkKeepFacade02.nif
MrkKeepBalcony01,000B3A8B,Architecture\Markarth\MrkKeepBalcony01.nif
MrkKeepCollonade02,000B3A8C,Architecture\Markarth\MrkKeepCollonade02.nif
MrkKeepWalk03,000B3A8D,Architecture\Markarth\MrkKeepWalk03.nif
MrkKeepWalk02,000B3A8E,Architecture\Markarth\MrkKeepWalk02.nif
MrkKeepCanal01,000B3A90,Architecture\Markarth\MrkKeepCanal01.nif
MrkKeepWalk01,000B3A91,Architecture\Markarth\MrkKeepWalk01.nif
MrkKeepStepsBridge01,000B3A92,Architecture\Markarth\MrkKeepStepsBridge01.nif
MrkKeepSteps02,000B3A93,Architecture\Markarth\MrkKeepSteps02.nif
MrkKeepCanal02,000B3A94,Architecture\Markarth\MrkKeepCanal02.nif
MrkKeepSteps01,000B3A95,Architecture\Markarth\MrkKeepSteps01.nif
MrkKeepCanalBridge01,000B3A96,Architecture\Markarth\MrkKeepCanalBridge01.nif
MrkKeepCanal03,000B3A97,Architecture\Markarth\MrkKeepCanal03.nif
MrkKeepLand01,000B3A98,Architecture\Markarth\MrkKeepLand01.nif
MrkKeepCanal04,000B3A99,Architecture\Markarth\MrkKeepCanal04.nif
MrkKeepWaterfall01,000B3A9C,Architecture\Markarth\MrkKeepWaterfall.nif
WHstonequarter2,000B3B30,Architecture\Windhelm\WHstonequarter2.nif
WHgate3,000B3B73,Architecture\Windhelm\WHgate3.nif
WHgate3b,000B3B74,Architecture\Windhelm\WHgate3b.nif
WHgqground,000B3B76,Architecture\Windhelm\WHgqground.nif
WHstonequarter,000B3B77,Architecture\Windhelm\WHstonequarter.nif
WHcandlehearthinn2,000B3B78,Architecture\Windhelm\WHcandlehearthinn2.nif
SSawWaterWheel,000B3FC0,Architecture\Solitude\Farms\SSawWaterWheel.nif
GoldenGlowEstate,000B3FC4,Architecture\Riften\GoldenGlowEstate01.nif
RockCliffMineEntranceFieldGrass01,000B4001,Landscape\Rocks\RockCliffMineEntrance.nif
DirtCliffsCornerIn01FrozenMarshGrass01,000B425E,Landscape\DirtCliffs\DirtCliffsCornerIn01.nif
DirtCliffsCornerIn01FrozenMarshLichen01,000B425F,Landscape\DirtCliffs\DirtCliffsCornerIn01.nif
RockCliff01FrozenMarshGrass01,000B4386,Landscape\Rocks\RockCliff01.nif
WHgate4,000B45D2,Architecture\Windhelm\WHgate4.nif
RockCliff08CoastBeach01,000B4A7E,Landscape\Rocks\RockCliff08.nif
SkuldafnBannerAnchor02,000B5187,Clutter\Skuldafn\SkuldafnBannerAnchor02.nif
SkuldafnBannerAnchor,000B5188,Clutter\Skuldafn\SkuldafnBannerAnchor.nif
RockPileM03,000B554E,Landscape\Rocks\RockPileM03.nif
RockPileS03Rocks01Snow,000B5993,Landscape\Rocks\RockPileS03.nif
RockPileS04Rocks01Snow,000B5994,Landscape\Rocks\RockPileS04.nif
SovngardePlinth01,000B5D0B,Architecture\Sovengarde\SovngardePlinth01.nif
NorTempleExterior02,000B5D10,Dungeons\Nordic\Exterior\NorTempleExterior02.nif
NorTempleExterior02Snow,000B5D11,Dungeons\Nordic\Exterior\NorTempleExterior02.nif
CivilWarRubble02WR,000B5D65,Clutter\CivilWar\CivilWarRubble02.nif
CivilWarRubble03WR,000B5D66,Clutter\CivilWar\CivilWarRubble03WR.nif
WRMarketStand03Destroyed,000B5D79,Architecture\WhiteRun\WRBuildings\WRMarketStand03Destroyed.nif
WRShutterSingle01,000B5D94,Architecture\WhiteRun\WRClutter\WRShutterSingle01.nif
WRShutterDoubleSpaced01,000B5D96,Architecture\WhiteRun\WRClutter\WRShutterDoubleSpaced01.nif
WRShutterDouble01,000B5D97,Architecture\WhiteRun\WRClutter\WRShutterDouble01.nif
WRShutterTriple01,000B5D98,Architecture\WhiteRun\WRClutter\WRShutterTriple01.nif
TreePineForestUprootedStump01Heavy_SN,000B5F20,Landscape\Trees\TreePineForestUprootedStump01Sn.nif
RockCaveEntrance02_HeavySN,000B6010,Landscape\Rocks\RockCaveEntrance02.nif
RockTundraLand02PineForest02,000B6040,Landscape\Tundra\RockTundraLand02.nif
RockTundraLand03PineForest02,000B6041,Landscape\Tundra\RockTundraLand03.nif
RockPileM03PineForest02,000B6042,Landscape\Rocks\RockPileM03.nif
MountainTrim03PineForest02,000B6043,Landscape\Mountains\MountainTrim03.nif
RockTundraLand03Snow01Snow,000B6266,Landscape\Tundra\RockTundraLand03.nif
C06YsgramorStatueAxe,000B626D,Weapons\AxeofYsgramor\AxeofYsgramor.nif
TG02RiftenRWPortholeDoor01Static,000B6316,Dungeons\Riften\RatwayHall\RiftenRWHallSewerHole01.nif
RockCliff07SnowRocks01_Snow,000B679A,Landscape\Rocks\RockCliff07.nif
SFarmhouseWindMillDirtPath,000B70EF,Architecture\Solitude\Farms\SFarmhouseWindMill.nif
RockPileL02RiverMud01,000B7237,Landscape\Rocks\RockPileL02.nif
RockPileM02DirtPath01,000B723D,Landscape\Rocks\RockPileM02.nif
RockPileS01DirthPath01,000B723F,Landscape\Rocks\RockPileS01.nif
SSighPost01,000B735A,Architecture\Solitude\Clutter\SSighPost01.nif
RTTemplePlazaL01,000B736B,Architecture\Riften\RTTemplePlazaL01.nif
RTTemplePlazaR01,000B736C,Architecture\Riften\RTTemplePlazaR01.nif
StonewallTerraceRampUp01Grass01,000B73E5,Architecture\Farmhouse\Stonewall\StonewallTerraceRampUp01.NIF
NorSecRmSmWallSideExSm02,000B7462,Dungeons\Nordic\SecretPass\NorSecRmSmWallSideExSm02.nif
NorSecRmSmWallFrontExSm02,000B7463,Dungeons\Nordic\SecretPass\NorSecRmSmWallFrontExSm02.nif
RockCaveEntrance02SnowRocks01_HeavySN,000B77C0,Landscape\Rocks\RockCaveEntrance02.nif
NorBurialShaft01,000B782A,Dungeons\Nordic\Chambers\NorBurialShaft01.nif
Rug01Rolled,000B787C,Clutter\Common\Rug01Rolled.nif
TreePineForestCutStump02,000B7889,Landscape\Trees\TreePineForestCutStump02.nif
TreePineForestLog01Blank,000B788A,Landscape\Trees\TreePineForestLog01Blank.nif
TreePineForestLog02Blank,000B788B,Landscape\Trees\TreePineForestLog02Blank.nif
MrkMines02,000B7928,Architecture\Markarth\MrkMines02.nif
MrkMines03,000B7929,Architecture\Markarth\MrkMines03.nif
MrkMines04,000B792A,Architecture\Markarth\MrkMines04.nif
MrkSilverfishInnPart01,000B7935,Architecture\Markarth\MrkSilverfishInnPart01.nif
MrkSilverfishInnPart03,000B7937,Architecture\Markarth\MrkSilverfishInnPart03.nif
MrkSilverfishInnPart05,000B7939,Architecture\Markarth\MrkSilverfishInnPart05.nif
MrkArnleifTradingSteps01,000B7943,Architecture\Markarth\MrkArnleifTradingSteps01.nif
MrkOgmundsHouse02,000B7945,Architecture\Markarth\MrkOgmundsHouse02.nif
MrkOgmundsHouse04,000B7946,Architecture\Markarth\MrkOgmundsHouse04.nif
MrkOgmundsHouse03,000B7947,Architecture\Markarth\MrkOgmundsHouse03.nif
MrkEndonsHouse02,000B794B,Architecture\Markarth\MrkEndonsHouse02.nif
MrkVlindrelHallSteps02,000B794E,Architecture\Markarth\MrkVlindrelHallSteps02.nif
MrkVendorSq03,000B794F,Architecture\Markarth\MrkVendorSq03.nif
MrkVendorSq02,000B7950,Architecture\Markarth\MrkVendorSq02.nif
MrkVendorSqBridge01,000B7953,Architecture\Markarth\MrkVendorSqBridge01.nif
MrkDocksideGallows01,000B7957,Architecture\Markarth\MrkDocksideGallows01.nif
MrkDocksideGallows02,000B7959,Architecture\Markarth\MrkDocksideGallows02.nif
MrkDocksideGallows03,000B795B,Architecture\Markarth\MrkDocksideGallows03.nif
MrkDocksideGallows04,000B795D,Architecture\Markarth\MrkDocksideGallows04.nif
MrkDocksideGallows05,000B795F,Architecture\Markarth\MrkDocksideGallows05.nif
MarkarthDwarfTower02CW,000B7961,Architecture\Markarth\MarkarthDwarfTower02CW.nif
MrkWarrensArch01Rocks01,000B7965,Architecture\Markarth\MrkWarrensArch01Rocks01.nif
MrkTempleCragSteps01,000B7967,Architecture\Markarth\MrkTempleCragSteps01.nif
MrkTempleCragSteps02,000B7968,Architecture\Markarth\MrkTempleCragSteps02.nif
MrkTempleCragSteps03,000B7969,Architecture\Markarth\MrkTempleCragSteps03.nif
MrkTempleCragSteps04,000B796A,Architecture\Markarth\MrkTempleCragSteps04.nif
MrkTempleCragSteps05,000B796B,Architecture\Markarth\MrkTempleCragSteps05.nif
MrkTempleCragSteps06,000B796C,Architecture\Markarth\MrkTempleCragSteps06.nif
MrkTempleCragSteps07,000B796D,Architecture\Markarth\MrkTempleCragSteps07.nif
MrkTempleCragWalkway01,000B7975,Architecture\Markarth\MrkTempleCragWalkway01.nif
MrkTempleCragWalkway02,000B7977,Architecture\Markarth\MrkTempleCragWalkway02.nif
DweRubblePileCeiling01,000B7996,Dungeons\Dwemer\Rubble\DweRubblePileCeiling01.nif
DweRubblePileCeiling02,000B7997,Dungeons\Dwemer\Rubble\DweRubblePileCeiling02.nif
TrapFallingOilLampRopeBase01,000B7A0E,Traps\OilTrap\TrapOilRopeBase01.nif
ImpRubblePiece02snow,000B7A47,Dungeons\Imperial\ClutterKits\ImpRubblePiece02.nif
ImpLRoomPillar02snow,000B7A48,Dungeons\Imperial\ClutterKits\ImpLRoomPillar02.nif
ImpRubblePileCeilingSmall01snow,000B7A49,Dungeons\Imperial\ClutterKits\ImpRubblePileCeilingSmall01.nif
DwePtnDoor01Static,000B7AB7,Dungeons\Dwemer\Partitions\DwePtnDoor01.nif
DweRubbleColumn01Snow,000B7C66,Dungeons\Dwemer\Rubble\DweRubbleColumn01.nif
DwePlatMid01Snow,000B7C9F,Dungeons\Dwemer\Platforms\DwePlatMid01.nif
DwePlatWall01Snow,000B7CA0,Dungeons\Dwemer\Platforms\DwePlatWall01.nif
DwePlatCorOut01Snow,000B7CA1,Dungeons\Dwemer\Platforms\DwePlatCorOut01.nif
DwePlatWallStair01Snow,000B7CA2,Dungeons\Dwemer\Platforms\DwePlatWallStair01.nif
HighPolyTG05GallusJournal,000B7E3B,Clutter\Books\Book01\Character Assets\TG05GallusJournal.nif
HighPolyJournal,000B7E3D,Clutter\Books\Book01\Character Assets\JournalBasic.nif
Rug09,000B7E3E,Clutter\Common\Rug09.nif
Rug10,000B7E40,Clutter\Common\Rug10.nif
RockCairnEvil02,000B7E7C,Landscape\Rocks\Cairns\RockCairnEvil02.nif
RockCairnEvil03,000B7E7D,Landscape\Rocks\Cairns\RockCairnEvil03.nif
RockCairnEvil04,000B7E7E,Landscape\Rocks\Cairns\RockCairnEvil04.nif
RockCairnEvil01,000B7E7F,Landscape\Rocks\Cairns\RockCairnEvil01.nif
RuinsPuzzlePillarStatic,000B7F70,Clutter\Ruins\Pillar\RuinsPuzzlePillar01.nif
WHvalunstrad2,000B8020,Architecture\Windhelm\WHvalunstrad2.nif
WHvalunstrad1,000B8021,Architecture\Windhelm\WHvalunstrad1.nif
DBTenets01,000B8248,Clutter\DBhood\DBTenets01.nif
MQpathToHHShrine,000B8306,Architecture\HighHrothgar\MQEtchedShrine.nif
WRBurialPyre01,000B8321,Architecture\WhiteRun\WRClutter\WRBurialPyre01.nif
WRSkyforge01Decorations01,000B832E,Architecture\WhiteRun\WRClutter\WRSkyforge01Decorations01.nif
RoadStraight02Down01Snow,000B84C0,Landscape\Roads\RoadStraight02Down01.nif
DweCenturionBust01,000B879D,Dungeons\Dwemer\Clutter\DweCenturionBust01.nif
DirtCliffsAnimalDen02,000B8A78,Landscape\DirtCliffs\DirtCliffsAnimalDen02.nif
MrkDwemerRuinsGround01rocks01,000B8AE1,Architecture\Markarth\MrkDwemerRuinsGround01rocks01.nif
MrkWarrensArch01Rocks02,000B8C66,Architecture\Markarth\MrkWarrensArch01Rocks02.nif
MrkMillRocks04,000B8C68,Architecture\Markarth\MrkMillRocks04.nif
RockPileS03RiverbedEdge01,000B8CB8,Landscape\Rocks\RockPileS03.nif
MountainTrim03FallForestDirt01,000B8CB9,Landscape\Mountains\MountainTrim03.nif
FarmLumbermill01FallForest01,000B8CBA,Architecture\Farmhouse\Lumbermill01.nif
DirtCliffs01FallForestGrass01,000B8D38,Landscape\DirtCliffs\DirtCliffs01.nif
RockCliff08FrozenMarshGrass01,000B9259,Landscape\Rocks\RockCliff08.nif
RockPileS03DirtPath01,000B93F1,Landscape\Rocks\RockPileS03.nif
DirtCliffsAnimalDen02FallForestGrass01,000B9528,Landscape\DirtCliffs\DirtCliffsAnimalDen02.nif
RockPileL01RiverMud01,000B9550,Landscape\Rocks\RockPileL01.nif
RockPileL04RiverMud01,000B955F,Landscape\Rocks\RockPileL04.nif
BlackBriarChalet001,000B9582,Architecture\Riften\BlackBriarChalet.nif
WRRug01,000B958A,Architecture\WhiteRun\WRClutter\WRRug01.nif
WRRugLarge01,000B958D,Architecture\WhiteRun\WRClutter\WRRugLarge01.nif
WRRugLarge02,000B958E,Architecture\WhiteRun\WRClutter\WRRugLarge02.nif
WRRugSmall01,000B9638,Architecture\WhiteRun\WRClutter\WRRugSmall01.nif
WRRugSmall02,000B9645,Architecture\WhiteRun\WRClutter\WRRugSmall02.nif
WRRugLarge03,000B9671,Architecture\WhiteRun\WRClutter\WRRugLarge03.nif
WRIntWallStrChimney02,000B9673,Architecture\WhiteRun\WRInteriors\WRIntWallStrChimney02.nif
WRRugSmall03,000B9674,Architecture\WhiteRun\WRClutter\WRRugSmall03.nif
WRRugSmall04,000B9675,Architecture\WhiteRun\WRClutter\WRRugSmall04.nif
TrailerCam_WhiteRun02,000B96D0,Cameras\TrailerCam_WhiteRun02.nif
TrailerCam_Solitude01,000B96E4,Cameras\TrailerCam_Solitude01.nif
TrailerCam_Waterfall01,000B9B70,Cameras\TrailerCam_Waterfall01.nif
WRPondWallCor01,000B9B9E,Architecture\WhiteRun\WRTerrain\WRPondWallCor01.nif
WRPondWallStr02,000B9B9F,Architecture\WhiteRun\WRTerrain\WRPondWallStr02.nif
WRPondWallStr01,000B9BA0,Architecture\WhiteRun\WRTerrain\WRPondWallStr01.nif
WRPondWallStr03,000B9BAA,Architecture\WhiteRun\WRTerrain\WRPondWallStr03.nif
WRCastleStairs01,000B9BAD,Architecture\WhiteRun\WRTerrain\WRCastleStairs01.nif
TrailerCam_Windhelm01,000B9BBF,Cameras\TrailerCam_Windhelm01.nif
TrailerCam_WhiteRun01,000B9BC9,Cameras\TrailerCam_WhiteRun01.nif
WRHerbDryingRack01,000B9BEA,Architecture\WhiteRun\WRClutter\WRHerbDryingRack01.nif
DweObservatoryExteriorBase01,000B9C22,Dungeons\Dwemer\Animated\Observatory\DweObservatoryExteriorBase01.nif
DweObservatoryExteriorDome01,000B9C23,Dungeons\Dwemer\Animated\Observatory\DweObservatoryExteriorDome01.nif
DweObservatoryExteriorBase01Snow,000B9C24,Dungeons\Dwemer\Animated\Observatory\DweObservatoryExteriorBase01.nif
DweObservatoryExteriorDome01Snow,000B9C27,Dungeons\Dwemer\Animated\Observatory\DweObservatoryExteriorDome01.nif
DweAstrolabeExteriorDome01,000B9C28,Dungeons\Dwemer\Animated\Astrolabe\DweAstrolabeExteriorDome01.nif
CommonChair02Static,000B9E05,Clutter\Common\CommonChair02Static.nif
WallBasket01,000B9E20,Clutter\WallBasket01.nif
WallBasket02,000B9E21,Clutter\WallBasket02.nif
CaveGShaftTop01Falmer,000B9E43,Dungeons\Caves\Green\Shafts\CaveGShaftTop01.nif
CaveGLHallRamp02Falmer,000B9E47,Dungeons\Caves\Green\LargeHall\CaveGLHallRamp02.nif
CaveGLHall1Way128L01Falmer,000B9E48,Dungeons\Caves\Green\LargeHall\CaveGLHall1Way128L01.nif
CaveILHallRamp02Falmer,000B9E49,Dungeons\Caves\Ice\LargeHall\CaveILHallRamp02.nif
CaveGHall1Way64D01Falmer,000B9E4A,Dungeons\Caves\Green\SmallHall\CaveGHall1Way64D01.nif
CaveGHall1Way01Falmer,000B9E4B,Dungeons\Caves\Green\SmallHall\CaveGHall1Way01.nif
CaveGHall1Way64U01Falmer,000B9E4C,Dungeons\Caves\Green\SmallHall\CaveGHall1Way64U01.nif
CaveGHall2Way01Falmer,000B9E4D,Dungeons\Caves\Green\SmallHall\CaveGHall2Way01.nif
CaveGHall2Way02Falmer,000B9E4E,Dungeons\Caves\Green\SmallHall\CaveGHall2Way02.nif
CaveGHall1Way128L01Falmer,000B9E4F,Dungeons\Caves\Green\SmallHall\CaveGHall1Way128L01.nif
CaveGLRoomCorner01Falmer,000B9E51,Dungeons\Caves\Green\LargeRoom\CaveGLRoomCorner01.nif
CaveGLRoomCorner02Falmer,000B9E52,Dungeons\Caves\Green\LargeRoom\CaveGLRoomCorner02.nif
CaveGLRoomCorner03Falmer,000B9E53,Dungeons\Caves\Green\LargeRoom\CaveGLRoomCorner03.nif
CaveGLRoomCorner04Falmer,000B9E54,Dungeons\Caves\Green\LargeRoom\CaveGLRoomCorner04.nif
CaveGLRoomDoor01Falmer,000B9E55,Dungeons\Caves\Green\LargeRoom\CaveGLRoomDoor01.nif
CaveGLRoomDoor02Falmer,000B9E56,Dungeons\Caves\Green\LargeRoom\CaveGLRoomDoor02.nif
CaveGLRoomDoor03Falmer,000B9E57,Dungeons\Caves\Green\LargeRoom\CaveGLRoomDoor03.nif
CaveGLRoomDoor04Falmer,000B9E58,Dungeons\Caves\Green\LargeRoom\CaveGLRoomDoor04.nif
CaveGLRoomDoorB01Falmer,000B9E59,Dungeons\Caves\Green\LargeRoom\CaveGLRoomDoorB01.nif
CaveGLRoomDoorB02Falmer,000B9E5A,Dungeons\Caves\Green\LargeRoom\CaveGLRoomDoorB02.nif
CaveGLRoomDoorB03Falmer,000B9E5B,Dungeons\Caves\Green\LargeRoom\CaveGLRoomDoorB03.nif
CaveGLRoomDoorB04Falmer,000B9E5C,Dungeons\Caves\Green\LargeRoom\CaveGLRoomDoorB04.nif
CaveGLRoomDoorL01Falmer,000B9E5D,Dungeons\Caves\Green\LargeRoom\CaveGLRoomDoorL01.nif
CaveGLRoomDoorL02Falmer,000B9E5E,Dungeons\Caves\Green\LargeRoom\CaveGLRoomDoorL02.nif
CaveGLRoomDoorL03Falmer,000B9E5F,Dungeons\Caves\Green\LargeRoom\CaveGLRoomDoorL03.nif
CaveGLRoomDoorL04Falmer,000B9E60,Dungeons\Caves\Green\LargeRoom\CaveGLRoomDoorL04.nif
CaveGLRoomDoorLB01Falmer,000B9E61,Dungeons\Caves\Green\LargeRoom\CaveGLRoomDoorLB01.nif
CaveGLRoomDoorLB02Falmer,000B9E62,Dungeons\Caves\Green\LargeRoom\CaveGLRoomDoorLB02.nif
CaveGLRoomDoorLB03Falmer,000B9E63,Dungeons\Caves\Green\LargeRoom\CaveGLRoomDoorLB03.nif
CaveGLRoomDoorLB04Falmer,000B9E64,Dungeons\Caves\Green\LargeRoom\CaveGLRoomDoorLB04.nif
CaveGLRoomInCorner01Falmer,000B9E65,Dungeons\Caves\Green\LargeRoom\CaveGLRoomInCorner01.nif
CaveGLRoomInCorner02Falmer,000B9E66,Dungeons\Caves\Green\LargeRoom\CaveGLRoomInCorner02.nif
CaveGLRoomInCorner03Falmer,000B9E67,Dungeons\Caves\Green\LargeRoom\CaveGLRoomInCorner03.nif
CaveGLRoomInCorner04Falmer,000B9E68,Dungeons\Caves\Green\LargeRoom\CaveGLRoomInCorner04.nif
CaveGLRoomMid01Falmer,000B9E69,Dungeons\Caves\Green\LargeRoom\CaveGLRoomMid01.nif
CaveGLRoomWall01Falmer,000B9E6A,Dungeons\Caves\Green\LargeRoom\CaveGLRoomWall01.nif
CaveGLRoomWall02Falmer,000B9E6B,Dungeons\Caves\Green\LargeRoom\CaveGLRoomWall02.nif
CaveGLRoomWall03Falmer,000B9E6C,Dungeons\Caves\Green\LargeRoom\CaveGLRoomWall03.nif
CaveGLRoomWall04Falmer,000B9E6D,Dungeons\Caves\Green\LargeRoom\CaveGLRoomWall04.nif
WallBasket04,000B9E89,Clutter\WallBasket04.nif
CaveGRoomCorner01Falmer,000B9EA9,Dungeons\Caves\Green\SmallRoom\CaveGRoomCorner01.nif
CaveGRoomCorner02Falmer,000B9EAA,Dungeons\Caves\Green\SmallRoom\CaveGRoomCorner02.nif
CaveGRoomCorner03Falmer,000B9EAB,Dungeons\Caves\Green\SmallRoom\CaveGRoomCorner03.nif
CaveGRoomCorner04Falmer,000B9EAC,Dungeons\Caves\Green\SmallRoom\CaveGRoomCorner04.nif
CaveGRoomDoor01Falmer,000B9EAD,Dungeons\Caves\Green\SmallRoom\CaveGRoomDoor01.nif
CaveGRoomDoor02Falmer,000B9EAE,Dungeons\Caves\Green\SmallRoom\CaveGRoomDoor02.nif
CaveGRoomDoor03Falmer,000B9EAF,Dungeons\Caves\Green\SmallRoom\CaveGRoomDoor03.nif
CaveGRoomDoor04Falmer,000B9EB0,Dungeons\Caves\Green\SmallRoom\CaveGRoomDoor04.nif
CaveGRoomDoorB01Falmer,000B9EB1,Dungeons\Caves\Green\SmallRoom\CaveGRoomDoorB01.nif
CaveGRoomDoorB02Falmer,000B9EB2,Dungeons\Caves\Green\SmallRoom\CaveGRoomDoorB02.nif
CaveGRoomDoorB03Falmer,000B9EB3,Dungeons\Caves\Green\SmallRoom\CaveGRoomDoorB03.nif
CaveGRoomDoorB04Falmer,000B9EB4,Dungeons\Caves\Green\SmallRoom\CaveGRoomDoorB04.nif
CaveGRoomInCorner01Falmer,000B9EB5,Dungeons\Caves\Green\SmallRoom\CaveGRoomInCorner01.nif
CaveGRoomInCorner02Falmer,000B9EB6,Dungeons\Caves\Green\SmallRoom\CaveGRoomInCorner02.nif
CaveGRoomInCorner03Falmer,000B9EB7,Dungeons\Caves\Green\SmallRoom\CaveGRoomInCorner03.nif
CaveGRoomInCorner04Falmer,000B9EB8,Dungeons\Caves\Green\SmallRoom\CaveGRoomInCorner04.nif
CaveGRoomMid01Falmer,000B9EB9,Dungeons\Caves\Green\SmallRoom\CaveGRoomMid01.nif
CaveGRoomWall01Falmer,000B9EBA,Dungeons\Caves\Green\SmallRoom\CaveGRoomWall01.nif
CaveGRoomWall02Falmer,000B9EBB,Dungeons\Caves\Green\SmallRoom\CaveGRoomWall02.nif
CaveGRoomWall03Falmer,000B9EBC,Dungeons\Caves\Green\SmallRoom\CaveGRoomWall03.nif
CaveGRoomWall04Falmer,000B9EBD,Dungeons\Caves\Green\SmallRoom\CaveGRoomWall04.nif
CaveGLHall1Way01Falmer,000B9EBE,Dungeons\Caves\Green\LargeHall\CaveGLHall1Way01.nif
CaveGLHall1Way02Falmer,000B9EBF,Dungeons\Caves\Green\LargeHall\CaveGLHall1Way02.nif
CaveGLHall1Way128D01Falmer,000B9EC0,Dungeons\Caves\Green\LargeHall\CaveGLHall1Way128D01.nif
CaveGLHall1Way128R01Falmer,000B9EC1,Dungeons\Caves\Green\LargeHall\CaveGLHall1Way128R01.nif
CaveGLHall1Way128U01Falmer,000B9EC2,Dungeons\Caves\Green\LargeHall\CaveGLHall1Way128U01.nif
CaveGLHall1Way256Short01Falmer,000B9EC3,Dungeons\Caves\Green\LargeHall\CaveGLHall1Way256Short01.nif
CaveGLHall1Way64D01Falmer,000B9EC4,Dungeons\Caves\Green\LargeHall\CaveGLHall1Way64D01.nif
CaveGLHall1Way64L01Falmer,000B9EC5,Dungeons\Caves\Green\LargeHall\CaveGLHall1Way64L01.nif
CaveGLHall1Way64R01Falmer,000B9EC6,Dungeons\Caves\Green\LargeHall\CaveGLHall1Way64R01.nif
CaveGLHall1Way64Short01Falmer,000B9EC7,Dungeons\Caves\Green\LargeHall\CaveGLHall1Way64Short01.nif
CaveGLHall2Way01Falmer,000B9EC8,Dungeons\Caves\Green\LargeHall\CaveGLHall2Way01.nif
CaveGLHall2Way02Falmer,000B9EC9,Dungeons\Caves\Green\LargeHall\CaveGLHall2Way02.nif
CaveGLHall3Way01Falmer,000B9ECA,Dungeons\Caves\Green\LargeHall\CaveGLHall3Way01.nif
CaveGLHall3Way02Falmer,000B9ECB,Dungeons\Caves\Green\LargeHall\CaveGLHall3Way02.nif
CaveGLHall4Way01Falmer,000B9ECC,Dungeons\Caves\Green\LargeHall\CaveGLHall4Way01.nif
CaveGLHallDeadEnd01Falmer,000B9ECD,Dungeons\Caves\Green\LargeHall\CaveGLHallDeadEnd01.nif
CaveGLHallDeadEnd02Falmer,000B9ECE,Dungeons\Caves\Green\LargeHall\CaveGLHallDeadEnd02.nif
CaveGLHallDetwist01Falmer,000B9ECF,Dungeons\Caves\Green\LargeHall\CaveGLHallDetwist01.nif
CaveGLHallDetwist02Falmer,000B9ED0,Dungeons\Caves\Green\LargeHall\CaveGLHallDetwist02.nif
CaveGLHallDoor01Falmer,000B9ED1,Dungeons\Caves\Green\LargeHall\CaveGLHallDoor01.nif
CaveGLHallDoor02Falmer,000B9ED2,Dungeons\Caves\Green\LargeHall\CaveGLHallDoor02.nif
CaveGLHallDoorB01Falmer,000B9ED3,Dungeons\Caves\Green\LargeHall\CaveGLHallDoorB01.nif
CaveGLHallDoorL01Falmer,000B9ED4,Dungeons\Caves\Green\LargeHall\CaveGLHallDoorL01.nif
CaveGLHallDoorBB01Falmer,000B9ED5,Dungeons\Caves\Green\LargeHall\CaveGLHallDoorBB01.nif
CaveGLHallDoorLB01Falmer,000B9ED6,Dungeons\Caves\Green\LargeHall\CaveGLHallDoorLB01.nif
CaveGLHallDoorR01Falmer,000B9ED7,Dungeons\Caves\Green\LargeHall\CaveGLHallDoorR01.nif
CaveGLHallDoorRB01Falmer,000B9ED8,Dungeons\Caves\Green\LargeHall\CaveGLHallDoorRB01.nif
CaveGLHallEntrance01Falmer,000B9ED9,Dungeons\Caves\Green\LargeHall\CaveGLHallEntrance01.nif
CaveGLHallEntrance02Falmer,000B9EDA,Dungeons\Caves\Green\LargeHall\CaveGLHallEntrance02.nif
CaveGLHallRamp01Falmer,000B9EDB,Dungeons\Caves\Green\LargeHall\CaveGLHallRamp01.nif
CaveGShaftBottom01Falmer,000B9EDC,Dungeons\Caves\Green\Shafts\CaveGShaftBottom01.nif
CaveGShaftDoor01Falmer,000B9EDD,Dungeons\Caves\Green\Shafts\CaveGShaftDoor01.nif
CaveGShaftDoor02Falmer,000B9EDE,Dungeons\Caves\Green\Shafts\CaveGShaftDoor02.nif
CaveGShaftDoor03Falmer,000B9EDF,Dungeons\Caves\Green\Shafts\CaveGShaftDoor03.nif
CaveGShaftDoor04Falmer,000B9EE0,Dungeons\Caves\Green\Shafts\CaveGShaftDoor04.nif
CaveGShaftDoorB01Falmer,000B9EE1,Dungeons\Caves\Green\Shafts\CaveGShaftDoorB01.nif
CaveGShaftDoorB02Falmer,000B9EE2,Dungeons\Caves\Green\Shafts\CaveGShaftDoorB02.nif
CaveGShaftDoorB03Falmer,000B9EE3,Dungeons\Caves\Green\Shafts\CaveGShaftDoorB03.nif
CaveGShaftDoorB04Falmer,000B9EE4,Dungeons\Caves\Green\Shafts\CaveGShaftDoorB04.nif
CaveGShaftDoorL01Falmer,000B9EE5,Dungeons\Caves\Green\Shafts\CaveGShaftDoorL01.nif
CaveGShaftDoorL02Falmer,000B9EE6,Dungeons\Caves\Green\Shafts\CaveGShaftDoorL02.nif
CaveGShaftDoorL03Falmer,000B9EE7,Dungeons\Caves\Green\Shafts\CaveGShaftDoorL03.nif
CaveGShaftDoorL04Falmer,000B9EE8,Dungeons\Caves\Green\Shafts\CaveGShaftDoorL04.nif
CaveGShaftDoorLB01Falmer,000B9EE9,Dungeons\Caves\Green\Shafts\CaveGShaftDoorLB01.nif
CaveGShaftDoorLB02Falmer,000B9EEA,Dungeons\Caves\Green\Shafts\CaveGShaftDoorLB02.nif
CaveGShaftDoorLB03Falmer,000B9EEB,Dungeons\Caves\Green\Shafts\CaveGShaftDoorLB03.nif
CaveGShaftDoorLB04Falmer,000B9EEC,Dungeons\Caves\Green\Shafts\CaveGShaftDoorLB04.nif
CaveGShaftStraight01Falmer,000B9EED,Dungeons\Caves\Green\Shafts\CaveGShaftStraight01.nif
CaveGShaftWall01Falmer,000B9EEE,Dungeons\Caves\Green\Shafts\CaveGShaftWall01.nif
CaveGShaftWall02Falmer,000B9EEF,Dungeons\Caves\Green\Shafts\CaveGShaftWall02.nif
CaveGShaftWall03Falmer,000B9EF0,Dungeons\Caves\Green\Shafts\CaveGShaftWall03.nif
CaveGShaftWall04Falmer,000B9EF1,Dungeons\Caves\Green\Shafts\CaveGShaftWall04.nif
WallBasket03,000B9F12,Clutter\WallBasket03.nif
CaveGCeiling01Falmer,000B9F5A,Dungeons\Caves\Green\LargeWall\CaveGCeiling01.nif
FalmerDrip06,000B9F5C,Clutter\Falmer\FalmerDrip06.nif
FalmerFence01,000B9F5D,Clutter\Falmer\FalmerFence01.nif
FalmerFence02,000B9F5E,Clutter\Falmer\FalmerFence02.nif
FalmerFence03,000B9F5F,Clutter\Falmer\FalmerFence03.nif
FalmerDrip01,000B9F60,Clutter\Falmer\FalmerDrip01.nif
FalmerDrip02,000B9F61,Clutter\Falmer\FalmerDrip02.nif
FalmerDrip03,000B9F62,Clutter\Falmer\FalmerDrip03.nif
FalmerDrip04,000B9F63,Clutter\Falmer\FalmerDrip04.nif
FalmerDrip05,000B9F64,Clutter\Falmer\FalmerDrip05.nif
WallBasketLarge01,000B9FC9,Clutter\WallBasketLarge01.nif
WallBasketHex01,000B9FD1,Clutter\WallBasketHex01.nif
WallBasketHex02,000B9FD2,Clutter\WallBasketHex02.nif
WallBasketHex03,000B9FD3,Clutter\WallBasketHex03.nif
WallBasketHex04,000B9FD4,Clutter\WallBasketHex04.nif
WallBasketLarge02,000B9FD5,Clutter\WallBasketLarge02.nif
RockPileS02DirtPath01,000BA053,Landscape\Rocks\RockPileS02.nif
DA07RazorHiltStatic,000BA1B1,Weapons\MehrunesRazor\MehrunesRazorHilt.nif
DA07RazorPommelStatic,000BA1B2,Weapons\MehrunesRazor\MehrunesRazorGem.nif
DA07RazorBladeStatic,000BA1B4,Weapons\MehrunesRazor\MehrunesRazorBlade.nif
DA07RazorScabbardStatic,000BA1B5,Weapons\MehrunesRazor\MehrunesScabbard.nif
DA07AltarofMehrunesDagonStatic,000BA1BA,Clutter\MehrunesDagonAltar\MehrunesDagonAltar01.nif
DA07RazorStatic,000BA1BF,Weapons\MehrunesRazor\MehrunesRazor.nif
UpperBedStatic,000BA1EB,Clutter\Upperclass\UpperBedSingle01.nif
RockPileL04FallForestRocks01,000BA3EF,Landscape\Rocks\RockPileL04.nif
MineRailTop1Sided01,000BA419,Dungeons\Mines\Scaffolding\MineRailTop1Sided01.nif
MineRailTop2Sided01,000BA41A,Dungeons\Mines\Scaffolding\MineRailTop2Sided01.nif
MineRailTop3Sided01,000BA41B,Dungeons\Mines\Scaffolding\MineRailTop3Sided01.nif
MineRailRamp01,000BA41C,Dungeons\Mines\Scaffolding\MineRailRamp01.nif
MineRailTop2Sided02,000BA41D,Dungeons\Mines\Scaffolding\MineRailTop2Sided02.nif
MineRailTop4Sided01,000BA41E,Dungeons\Mines\Scaffolding\MineRailTop4Sided01.nif
CaveGLHallEntrance01sn_light,000BAB83,Dungeons\Caves\Green\LargeHall\CaveGLHallEntrance01.nif
ShipLongBoatWreck01sn_light,000BAB86,Dungeons\Ship\ShipLongBoatWreck01.nif
ShipLongBoatWreck02sn_light,000BAB88,Dungeons\Ship\ShipLongBoatWreck02.nif
CaveGBoulderL04sn_light,000BAB89,Dungeons\Caves\Green\Rocks\CaveGBoulderL04.nif
CaveGBoulderL01sn_light,000BAB8A,Dungeons\Caves\Green\Rocks\CaveGBoulderL01.nif
WHlanddead1,000BAC8D,Architecture\Windhelm\WHlanddead1.nif
WHlanddead2,000BAC8E,Architecture\Windhelm\WHlanddead2.nif
RockCliff08Rocks01,000BACAC,Landscape\Rocks\RockCliff08.nif
RockCliff01Rocks01,000BACAD,Landscape\Rocks\RockCliff01.nif
MrkFrontWALLintBldg02b,000BACD8,Architecture\Markarth\MrkFrontWALLintBldg02b.nif
MrkFrontWALLintBldg02a,000BACD9,Architecture\Markarth\MrkFrontWALLintBldg02a.nif
MrkFrontWALLintBldg01b,000BACDA,Architecture\Markarth\MrkFrontWALLintBldg01b.nif
MrkFrontWALLintBldg01a,000BACDB,Architecture\Markarth\MrkFrontWALLintBldg01a.nif
MrkFrontWALLintMts05,000BACDC,Architecture\Markarth\MrkFrontWALLintMts05.nif
MrkFrontWALLintMts04,000BACDD,Architecture\Markarth\MrkFrontWALLintMts04.nif
MrkFrontWALLintMts03,000BACDE,Architecture\Markarth\MrkFrontWALLintMts03.nif
MrkFrontWALLintMts02,000BACDF,Architecture\Markarth\MrkFrontWALLintMts02.nif
MrkFrontWALLintMts01,000BACE0,Architecture\Markarth\MrkFrontWALLintMts01.nif
MrkFrontWALLintGate02,000BACE1,Architecture\Markarth\MrkFrontWALLintGate02.nif
MrkFrontWALLintGateRoof01,000BACE2,Architecture\Markarth\MrkFrontWALLintGateRoof01.nif
MrkFrontWALLintGate01,000BACE3,Architecture\Markarth\MrkFrontWALLintGate01.nif
MrkFrontWallDamSteps01Int,000BAD18,Architecture\Markarth\MrkFrontWallDamSteps01Int.nif
MrkBlockA01,000BAD1A,Architecture\Markarth\MrkBlockA01.nif
MrkBlockStatueA01,000BAD21,Architecture\Markarth\MrkBlockStatueA01.nif
MrkBlockB01,000BAD24,Architecture\Markarth\MrkBlockB01.nif
MrkKeepCollonadeColmA01,000BAD2B,Architecture\Markarth\MrkKeepCollonadeColmA01.nif
MrkKeepSteps01c,000BAD33,Architecture\Markarth\MrkKeepSteps01c.nif
MrkKeepSteps01b,000BAD34,Architecture\Markarth\MrkKeepSteps01b.nif
MrkKeepSteps01a,000BAD35,Architecture\Markarth\MrkKeepSteps01a.nif
MrkKeepCanalBridge02,000BAD39,Architecture\Markarth\MrkKeepCanalBridge02.nif
DirtCliffs02FallForestGrass01,000BAD90,Landscape\DirtCliffs\DirtCliffs02.nif
MountainTrim03RiverMud01,000BAF09,Landscape\Mountains\MountainTrim03.nif
RockPileL02FallForestGrass01,000BAF4A,Landscape\Rocks\RockPileL02.nif
RockPileS03Snow01Heavy_SN,000BB7AC,Landscape\Rocks\RockPileS03.nif
RockPileS04Snow01Heavy_SN,000BB7AD,Landscape\Rocks\RockPileS04.nif
RTStables01,000BB7B3,Architecture\Riften\RTStables01.nif
RockPileS04CoastBeach01,000BB8A7,Landscape\Rocks\RockPileS04.nif
RockL01Wet,000BB8BC,Landscape\Rocks\WetRocks\RockL01Wet.nif
RockL02Wet,000BB8BD,Landscape\Rocks\WetRocks\RockL02Wet.nif
RockL03Wet,000BB8BE,Landscape\Rocks\WetRocks\RockL03Wet.nif
RockL04Wet,000BB8BF,Landscape\Rocks\WetRocks\RockL04Wet.nif
RockL05Wet,000BB8C0,Landscape\Rocks\WetRocks\RockL05Wet.nif
RockM01Wet,000BB8C1,Landscape\Rocks\WetRocks\RockM01Wet.nif
RockM02Wet,000BB8C2,Landscape\Rocks\WetRocks\RockM02Wet.nif
RockM03Wet,000BB8C3,Landscape\Rocks\WetRocks\RockM03Wet.nif
RockM04Wet,000BB8C4,Landscape\Rocks\WetRocks\RockM04Wet.nif
RockS01Wet,000BB8C5,Landscape\Rocks\WetRocks\RockS01Wet.nif
RockS02Wet,000BB8C6,Landscape\Rocks\WetRocks\RockS02Wet.nif
RockS03Wet,000BB8C7,Landscape\Rocks\WetRocks\RockS03Wet.nif
GiantTest,000BB983,Test\GiantTest.nif
GiantHangingBones,000BB98B,Clutter\Giant\GiantHangingBones.nif
GiantObelisk01,000BB98C,Clutter\Giant\GiantObelisk01.nif
GiantObelisk03,000BB990,Clutter\Giant\GiantObelisk03.nif
GiantObelisk04,000BB991,Clutter\Giant\GiantObelisk04.nif
GiantObelisk02,000BB992,Clutter\Giant\GiantObelisk02.nif
GiantObeliskBlue03,000BB9A1,Clutter\Giant\GiantObeliskBlue03.nif
GiantObeliskBlue04,000BB9A2,Clutter\Giant\GiantObeliskBlue04.nif
GiantObeliskBlue01,000BB9A3,Clutter\Giant\GiantObeliskBlue01.nif
GiantObeliskBlue02,000BB9A4,Clutter\Giant\GiantObeliskBlue02.nif
GiantSmokeStack01,000BB9AB,Clutter\Giant\GiantSmokeStack01.nif
RockPileM03Rocks01,000BBA00,Landscape\Rocks\RockPileM03.nif
MrkKeepBalcony02,000BBABA,Architecture\Markarth\MrkKeepBalcony02.nif
MrkKeepFacade06,000BBABB,Architecture\Markarth\MrkKeepFacade06.nif
MrkFrontWallDam01IntRock01,000BBAC2,Architecture\Markarth\MrkFrontWallDam01IntRock01.nif
SOVMeadHall01,000BBAFE,Architecture\Sovengarde\SOVMeadHall01.nif
SovRockTerraceR01,000BBB02,Architecture\Sovengarde\SovRockTerraceR01.nif
SovRockTerraceL01,000BBB03,Architecture\Sovengarde\SovRockTerraceL01.nif
SOVMeadHall02,000BBB06,Architecture\Sovengarde\SOVMeadHall02.nif
SOVWhaleBridgeBody01,000BBB08,Architecture\Sovengarde\SOVWhaleBridgeBody01.nif
SOVWhaleBrigeHead01,000BBB09,Architecture\Sovengarde\SOVWhaleBrigeHead01.nif
VolcanicPlateauCSOV,000BBB11,Architecture\Sovengarde\VolcanicPlateauCSOV.nif
VolcanicPlateau02SOV,000BBB12,Architecture\Sovengarde\VolcanicPlateau02SOV.nif
SOVBoneRib01,000BBB1A,Architecture\Sovengarde\SOVBoneRib01.nif
SOVBoneShoulder01,000BBB1B,Architecture\Sovengarde\SOVBoneShoulder01.nif
SOVBoneHand01,000BBB1C,Architecture\Sovengarde\SOVBoneHand01.nif
TestCollision01,000BBB28,Architecture\Sovengarde\TestCollision01.nif
WRJovaskrBanner02,000BBCE8,Architecture\WhiteRun\WRClutter\WRJovaskrBanner02.nif
WRBurialPyre01BodyHolder01,000BBCEF,Architecture\WhiteRun\WRClutter\WRBurialPyre01BodyHolder01.nif
WRTrellisComplete01,000BBCF4,Architecture\WhiteRun\WRBuildings\WRTrellisComplete01.nif
RockPileS04DirtPath01,000BC478,Landscape\Rocks\RockPileS04.nif
RockPileS04RiverbedEdge01,000BC496,Landscape\Rocks\RockPileS04.nif
Road3way01FallForestDirt01,000BC4BF,Landscape\Roads\Road3way01.nif
RockCliff05FallForestDirt01,000BC537,Landscape\Rocks\RockCliff05.nif
RockPileM01FallForestGrass01,000BC53A,Landscape\Rocks\RockPileM01.nif
RoadChunkS04FallForestDirt01,000BC543,Landscape\Roads\RoadChunkS04.nif
RockPileS03FallForestGrass01,000BC545,Landscape\Rocks\RockPileS03.nif
RoadChunkM03FallForestDirt01,000BC54B,Landscape\Roads\RoadChunkM03.nif
RockCliff01FallForestGrass01,000BC556,Landscape\Rocks\RockCliff01.nif
RockPileS02FallForestRocks01,000BC580,Landscape\Rocks\RockPileS02.nif
DirtCliffsCornerOut01FallForestGrass01,000BC5CB,Landscape\DirtCliffs\DirtCliffsCornerOut01.nif
RockPileS04RFallForestDirt01,000BC5EC,Landscape\Rocks\RockPileS04.nif
SOVBrazier01,000BD064,Architecture\Sovengarde\SOVBrazier01.nif
SOVStoneTotem01,000BD06E,Architecture\Sovengarde\SOVStoneTotem01.nif
RockPileS04RFallForestLeaves01,000BD136,Landscape\Rocks\RockPileS04.nif
RockPileS03RiverMud01,000BD137,Landscape\Rocks\RockPileS03.nif
RoadStraight01EndSnow,000BD1A7,Landscape\Roads\RoadStraight01End.nif
RockCliff07CoastBeach01,000BD4A6,Landscape\Rocks\RockCliff07.nif
DA13VineDweFacadeHallSm01,000BD69B,Clutter\Quest\DA13VineDweFacadeHallSm01.nif
DA13VineDweFacadeTowerArch01A,000BD69F,Clutter\Quest\DA13VineDweFacadeTowerArch01A.nif
DA13VineWall03NoCol,000BD6A1,Clutter\Quest\DA13VineWall03NoCol.nif
DA13VineFloor02NoCol,000BD6A2,Clutter\Quest\DA13VineFloor02NoCol.nif
DA13VineWall02NoCol,000BD6A3,Clutter\Quest\DA13VineWall02NoCol.nif
DA13VineWall01NoCol,000BD6A4,Clutter\Quest\DA13VineWall01NoCol.nif
DA13VineCeiling01NoCol,000BD6A5,Clutter\Quest\DA13VineCeiling01NoCol.nif
DA13VineFloor01NoCol,000BD6A6,Clutter\Quest\DA13VineFloor01NoCol.nif
DA13VineWall01,000BD6A7,Clutter\Quest\DA13VineWall01.nif
DA13VineFloor01,000BD6A8,Clutter\Quest\DA13VineFloor01.nif
DA13VineWall02,000BD6A9,Clutter\Quest\DA13VineWall02.nif
DA13VineWall03,000BD6AA,Clutter\Quest\DA13VineWall03.nif
DA13VineGiantCluster01,000BD6AC,Clutter\Quest\DA13VineGiantCluster01.nif
DA13VineDweFacadeTower01,000BD6B1,Clutter\Quest\DA13VineDweFacadeTower01.nif
DA13VineDweFacadeTowerArch01B,000BD6B4,Clutter\Quest\DA13VineDweFacadeTowerArch01B.nif
DA13VineDwePlatBg01,000BD6C4,Clutter\Quest\DA13VineDwePlatBg01.nif
DA13VineDwePlatBg02,000BD6C5,Clutter\Quest\DA13VineDwePlatBg02.nif
DA13VineDwePlatBgCorOut01,000BD6C6,Clutter\Quest\DA13VineDwePlatBgCorOut01.nif
DA13VineFloorLg02,000BD6D0,Clutter\Quest\DA13VineFloorLG02.nif
DA13VineWallLg01,000BD6D1,Clutter\Quest\DA13VineWallLg01.nif
DA13VineFloorLg01,000BD6D2,Clutter\Quest\DA13VineFloorLg01.nif
DA13VineWallLg02,000BD6D3,Clutter\Quest\DA13VineWallLg02.nif
RockPileM03Rocks_HeavySN,000BDAB4,Landscape\Rocks\RockPileM03.nif
1stPersonExecutionerAxe,000BE25F,Weapons\Executioner\1stPersonExecutionerAxe.nif
ImperialTentSmallSnow,000BE2A2,Architecture\Tents\SmallImperialTent.nif
ImperialTentLargeSnow,000BE2A3,Architecture\Tents\LargeImperialTent01.nif
RTFireplace01,000BEC2C,Architecture\Riften\Clutter\RTFireplace01.nif
DockRopeStr02,000BEC5E,Architecture\Docks\DockRopeStr02.nif
DockStrSol02,000BED98,Architecture\Docks\DockStrSol02.nif
CaveGBalconyMid01Falmer,000BF56C,Dungeons\Caves\Green\Balcony\CaveGBalconyMid01.nif
CaveGBalconyStraight01Falmer,000BF56D,Dungeons\Caves\Green\Balcony\CaveGBalconyStraight01.nif
CaveGBalconyCorner04Falmer,000BF56E,Dungeons\Caves\Green\Balcony\CaveGBalconyCorner04.nif
CaveGBalconyStraight04Falmer,000BF56F,Dungeons\Caves\Green\Balcony\CaveGBalconyStraight04.nif
CaveGBalconyStraight02Falmer,000BF570,Dungeons\Caves\Green\Balcony\CaveGBalconyStraight02.nif
CaveGBalconyICorner04Falmer,000BF571,Dungeons\Caves\Green\Balcony\CaveGBalconyICorner04.nif
CaveGBoulderL01Falmer,000BF68B,Dungeons\Caves\Green\Rocks\CaveGBoulderL01.nif
CaveGBoulderL03Falmer,000BF68C,Dungeons\Caves\Green\Rocks\CaveGBoulderL03.nif
CaveGLHallRamp02sn_light,000BF6E3,Dungeons\Caves\Green\LargeHall\CaveGLHallRamp02.nif
RTFireplaceTall01,000BF880,Architecture\Riften\Clutter\RTFireplaceTall01.nif
Rug11,000BF9CF,Clutter\Common\Rug11.nif
Rug12,000BF9D1,Clutter\Common\Rug12.nif
Rug13,000BF9D3,Clutter\Common\Rug13.nif
Rug14,000BF9D5,Clutter\Common\Rug14.nif
RockPileS03FieldGrass01,000BFB77,Landscape\Rocks\RockPileS03.nif
RuinsPot06Static_LightSN,000BFBA6,Clutter\Ruins\RuinsPot06.nif
CaveLamp01_LightSN,000BFBA7,Clutter\Caves\Cave_Lamp01.nif
WinterholdTowerIntWall02,000BFBED,Architecture\Winterhold\WinterholdTowerIntWall02.nif
HHStairs01snow,000BFC17,Architecture\HighHrothgar\HHStairs01.nif
HHSmStaris01Snow,000BFC1A,Architecture\HighHrothgar\HHSmStaris01.nif
DweFacadeHallSm1way01snow,000BFDBB,Dungeons\Dwemer\Facades\DweFacadeHallSm1way01.nif
DweFacadeHallSm1wayRamp01snow,000BFDBD,Dungeons\Dwemer\Facades\DweFacadeHallSm1wayRamp01.nif
DweRmLgColumn01snow,000BFF44,Dungeons\Dwemer\LgRooms\DweRmLgColumn01.nif
HHStoneBlockSnow,000BFF76,Architecture\HighHrothgar\HHCelingBeam01.nif
GlacierCaveEntrance02,000C0086,Landscape\Ice\GlacierCaveEntrance02.nif
GiantObelisk01_MountainSlab,000C018F,Clutter\Giant\GiantObelisk01.nif
GiantObeliskBlue04_MountainSlab,000C0192,Clutter\Giant\GiantObeliskBlue04.nif
RifRmSmPartitionSecretDoor01,000C0304,Architecture\Riften\Interior\SmallRoomFirst\RifRmSmPartitionSecretDoor01.nif
WalkwayCWallEnd03,000C0431,Architecture\Farmhouse\Walkway\WalkwayCWallEnd03.nif
WalkwayCWallEnd04,000C0432,Architecture\Farmhouse\Walkway\WalkwayCWallEnd04.nif
WalkwayCEntWall02,000C0433,Architecture\Farmhouse\Walkway\WalkwayCEntWall02.nif
WalkwayBend01,000C051E,Architecture\Farmhouse\Walkway\WalkwayBend01.nif
WalkwayBend02,000C051F,Architecture\Farmhouse\Walkway\WalkwayBend02.nif
WalkwayBend03,000C0520,Architecture\Farmhouse\Walkway\WalkwayBend03.nif
WalkwayEnd01,000C0521,Architecture\Farmhouse\Walkway\WalkwayEnd01.nif
WalkwayFull01,000C0522,Architecture\Farmhouse\Walkway\WalkwayFull01.nif
WalkwayFull02,000C0523,Architecture\Farmhouse\Walkway\WalkwayFull02.nif
WalkwayFull03,000C0524,Architecture\Farmhouse\Walkway\WalkwayFull03.nif
CaveGEICorner02,000C0683,Dungeons\Caves\Green\Epic\CaveGEICorner02.nif
TreePineForestHollow01Snow,000C06F4,Landscape\Trees\TreePineForestHollow01Snow.nif
WHaretino,000C0C2D,Architecture\Windhelm\WHaretino.nif
WHViolaGiordano,000C0C2E,Architecture\Windhelm\WHViolaGiorano.nif
WHclancruelsea,000C0C2F,Architecture\Windhelm\WHclancruelsea.nif
WHfireplace01,000C0C6E,Architecture\Windhelm\InteriorKits\Castle\WHfireplace01.nif
WHIntCastleLRoomFreeStairs02,000C0E40,Architecture\Windhelm\InteriorKits\Castle\WHIntCastleLRoomFreeStairs02.nif
WHIntCastleRoomWallFireplace01,000C0F03,Architecture\Windhelm\InteriorKits\Castle\WHIntCastleRoomWallFireplace01.nif
WHIntCastleHallDeadEnd02,000C0FAA,Architecture\Windhelm\InteriorKits\Castle\WHIntCastleHallDeadEnd02.nif
WHIntCastleLRoomCeiling01,000C0FD9,Architecture\Windhelm\InteriorKits\Castle\WHIntCastleLRoomCeiling01.nif
WHIntCastleLRoomCeiling02,000C0FDA,Architecture\Windhelm\InteriorKits\Castle\WHIntCastleLRoomCeiling02.nif
WHIntCastleLRoomCeiling03,000C0FDB,Architecture\Windhelm\InteriorKits\Castle\WHIntCastleLRoomCeiling03.nif
WHIntCastleLRoomCeiling04,000C0FDC,Architecture\Windhelm\InteriorKits\Castle\WHIntCastleLRoomCeiling04.nif
WHIntCastleLRoomCeiling05,000C0FDD,Architecture\Windhelm\InteriorKits\Castle\WHIntCastleLRoomCeiling05.nif
WHIntCastleLRoomCeiling06,000C0FDE,Architecture\Windhelm\InteriorKits\Castle\WHIntCastleLRoomCeiling06.nif
WHIntCastleLRoomCeiling07,000C0FDF,Architecture\Windhelm\InteriorKits\Castle\WHIntCastleLRoomCeiling07.nif
WHIntCastleLRoomCeiling08,000C0FE0,Architecture\Windhelm\InteriorKits\Castle\WHIntCastleLRoomCeiling08.nif
WHIntCastleLRoomCeiling09,000C0FE1,Architecture\Windhelm\InteriorKits\Castle\WHIntCastleLRoomCeiling09.nif
WHIntArena02,000C1058,Architecture\Windhelm\InteriorKits\Castle\WHIntArena02.nif
NobleTableLong02,000C1113,Furniture\Noble\NobleTableLong02.nif
NobleTableLong03,000C1114,Furniture\Noble\NobleTableLong03.nif
WHIntCastleRunner01,000C116A,Architecture\Windhelm\InteriorKits\Castle\WHIntCastleRunner01.nif
RockCaveEntrance01Ice,000C12FC,Landscape\Rocks\RockCaveEntrance01.nif
1stPersonEbonyBlade,000C1434,Weapons\EbonyBlade\1stPersonEbonyBlade.nif
DweFacadeBridge01lattice,000C18C4,Dungeons\Dwemer\Facades\DweFacadeBridge01lattice.nif
VendorCartStatic01,000C18E2,Clutter\Carts\VendorCartStatic01.nif
DoomstoneCircle01,000C1ADB,Clutter\PowerShrines\PowShrineCircle01.nif
DoomstoneCircle02,000C1ADC,Clutter\PowerShrines\PowShrineCircle02.nif
DoomstoneCircle03,000C1ADD,Clutter\PowerShrines\PowShrineCircle03.nif
DoomstoneCircle04,000C1ADE,Clutter\PowerShrines\PowShrineCircle04.nif
CaveIIcicleBase05,000C1C45,Dungeons\Caves\Ice\Clutter\CaveIIcicleBase05.nif
CaveIIcicleBase06,000C1C46,Dungeons\Caves\Ice\Clutter\CaveIIcicleBase06.nif
CaveIIcicleBase07,000C1C47,Dungeons\Caves\Ice\Clutter\CaveIIcicleBase07.nif
CaveIIcicleBase08,000C1C48,Dungeons\Caves\Ice\Clutter\CaveIIcicleBase08.nif
CaveIIcicleBase01,000C1C49,Dungeons\Caves\Ice\Clutter\CaveIIcicleBase01.nif
CaveIIcicleBase02,000C1C4A,Dungeons\Caves\Ice\Clutter\CaveIIcicleBase02.nif
CaveIIcicleBase03,000C1C4B,Dungeons\Caves\Ice\Clutter\CaveIIcicleBase03.nif
CaveIIcicleBase04,000C1C4C,Dungeons\Caves\Ice\Clutter\CaveIIcicleBase04.nif
HelgenMud01,000C1D42,Clutter\Helgen\HelgenMud01.nif
ImpExtIceStairs02_NoIce,000C1D4A,Dungeons\Imperial\ExteriorIce\ImpExtIceStairs02.nif
ImpExtIceTowerShellBase01_NoIce,000C1D50,Dungeons\Imperial\ExteriorIce\ImpExtIceTowerShellBase01.nif
ImpExtIceBldgSecondCorner01_NoIce,000C1D94,Dungeons\Imperial\ExteriorIce\ImpExtIceBldgSecondCorner01.nif
ImpExtIceWall01_NoIce,000C1DAD,Dungeons\Imperial\ExteriorIce\ImpExtIceWall01.nif
ImpExtIceWall02_NoIce,000C1DB4,Dungeons\Imperial\ExteriorIce\ImpExtIceWall02.nif
ImpExtIceWall03_NoIce,000C1DB5,Dungeons\Imperial\ExteriorIce\ImpExtIceWall03.nif
ImpExtIceWall04_NoIce,000C1DB6,Dungeons\Imperial\ExteriorIce\ImpExtIceWall04.nif
ImpExtIceWall05_NoIce,000C1DB7,Dungeons\Imperial\ExteriorIce\ImpExtIceWall05.nif
ImpExtIceWallDivider01_NoIce,000C1DB8,Dungeons\Imperial\ExteriorIce\ImpExtIceWallDivider01.nif
ImpExtIceWallGate01_NoIce,000C1DB9,Dungeons\Imperial\ExteriorIce\ImpExtIceWallGate01.nif
ImpExtIceTower02_NoIce,000C1DBA,Dungeons\Imperial\ExteriorIce\ImpExtIceTower02.nif
ImpExtIceTowerShellStairs01_NoIce,000C1DBB,Dungeons\Imperial\ExteriorIce\ImpExtIceTowerShellStairs01.nif
ImpExtIceTowerShellDoor03_NoIce,000C1DBC,Dungeons\Imperial\ExteriorIce\ImpExtIceTowerShellDoor03.nif
ImpExtIceBridge01_NoIce,000C1DBD,Dungeons\Imperial\ExteriorIce\ImpExtIceBridge01.nif
ImpExtIceBldgMid01_NoIce,000C1DBE,Dungeons\Imperial\ExteriorIce\ImpExtIceBldgMid01.nif
ImpExtIceBldgMid02_NoIce,000C1DBF,Dungeons\Imperial\ExteriorIce\ImpExtIceBldgMid02.nif
ImpExtIceBldgMid03_NoIce,000C1DC0,Dungeons\Imperial\ExteriorIce\ImpExtIceBldgMid03.nif
ImpExtIceBldgStraight01_NoIce,000C1DC1,Dungeons\Imperial\ExteriorIce\ImpExtIceBldgStraight01.nif
ImpExtIceBldgStraight02_NoIce,000C1DC2,Dungeons\Imperial\ExteriorIce\ImpExtIceBldgStraight02.nif
ImpExtIceBldgStraight03_NoIce,000C1DC3,Dungeons\Imperial\ExteriorIce\ImpExtIceBldgStraight03.nif
ImpExtIceBldgStraight04_NoIce,000C1DC4,Dungeons\Imperial\ExteriorIce\ImpExtIceBldgStraight04.nif
ImpExtIceBldgCorner01_NoIce,000C1DC5,Dungeons\Imperial\ExteriorIce\ImpExtIceBldgCorner01.nif
ImpExtIceBldgCorner02_NoIce,000C1DC6,Dungeons\Imperial\ExteriorIce\ImpExtIceBldgCorner02.nif
ImpExtIceBldgCorner03_NoIce,000C1DC7,Dungeons\Imperial\ExteriorIce\ImpExtIceBldgCorner03.nif
ImpExtIceBldgCorner04_NoIce,000C1DC8,Dungeons\Imperial\ExteriorIce\ImpExtIceBldgCorner04.nif
ImpExtIceBldgICorner01_NoIce,000C1DC9,Dungeons\Imperial\ExteriorIce\ImpExtIceBldgICorner01.nif
ImpExtIceBldgICorner02_NoIce,000C1DCA,Dungeons\Imperial\ExteriorIce\ImpExtIceBldgICorner02.nif
ImpExtIceBldgICorner03_NoIce,000C1DCB,Dungeons\Imperial\ExteriorIce\ImpExtIceBldgICorner03.nif
ImpExtIceBldgICorner04_NoIce,000C1DCC,Dungeons\Imperial\ExteriorIce\ImpExtIceBldgICorner04.nif
RockPileM02FieldGrass01,000C1FBC,Landscape\Rocks\RockPileM02.nif
RockPileS04TundraRocks01,000C1FDA,Landscape\Rocks\RockPileS04.nif
MountainTrim01WetCoastalBeatch01,000C2080,Landscape\Mountains\MountainTrim01Wet.nif
CrateSmall01_LightSN,000C2103,Clutter\Common\CrateSmall01.nif
CrateSmall02_LightSN,000C2104,Clutter\Common\CrateSmall02.nif
HandCart01_HeavySN,000C215B,Clutter\Carts\HandCart01.nif
Lantern01Static_HeavySN,000C215E,Clutter\Common\CandleLantern01.nif
StockadeScaffoldBridge04Light_SN,000C2168,Clutter\Stockade\StockadeScaffoldBridge04.nif
CaveGEWall01Falmer,000C2244,Dungeons\Caves\Green\Epic\CaveGEWall01.nif
CaveGEWall03Falmer,000C2245,Dungeons\Caves\Green\Epic\CaveGEWall03.nif
CaveGEDoorUp01Falmer,000C2246,Dungeons\Caves\Green\Epic\CaveGEDoorUp01.nif
CaveGECorner01cFalmer,000C2247,Dungeons\Caves\Green\Epic\CaveGECorner01c.nif
CaveGBoulderM03Falmer,000C2248,Dungeons\Caves\Green\Rocks\CaveGBoulderM03.nif
CaveGBoulderM01Falmer,000C2249,Dungeons\Caves\Green\Rocks\CaveGBoulderM01.nif
DweFacadeFreeExBg01Falmer,000C224C,Dungeons\Dwemer\Facades\DweFacadeFreeExBg01.nif
NorDoorMediumSTATIC,000C226A,Dungeons\Nordic\Doors\Animated\MediumDoor\RuinsMediumDoor01.nif
FarmTable01,000C234D,Furniture\Farm\FarmTable01.nif
VendorCartStatic01Snow,000C25F2,Clutter\Carts\VendorCartStatic01.nif
NorBridgeWoodPlanks02Snow,000C2625,Dungeons\Nordic\Bridges\NorBridgeWoodPlanks02.nif
MagicConduitFlange,000C2755,Clutter\MagicConduit\MagConduit01.nif
NobleChestBack,000C29D8,Furniture\Noble\NobleChestBack.nif
NobleChestDrawersShelf01,000C29D9,Furniture\Noble\NobleChestDrawersShelf01.nif
NobleCornerShelf,000C29DA,Furniture\Noble\NobleCornerShelf.nif
NobleShelf02,000C29DB,Furniture\Noble\NobleShelf02.nif
NobleShelf03,000C29DC,Furniture\Noble\NobleShelf03.nif
NobleSideBoard01,000C29DD,Furniture\Noble\NobleSideBoard01.nif
NobleTableRound01,000C29DE,Furniture\Noble\NobleTableRaound01.nif
NobleTableLong04,000C29DF,Furniture\Noble\NobleTableLong04.nif
NobleTableLow01,000C29E0,Furniture\Noble\NobleTableLow01.nif
NobleShelf04,000C29F5,Furniture\Noble\NobleShelf04.nif
SCWgate,000C2A1D,Architecture\Solitude\SCWgate.nif
NorDwelling03ExtBaseBSnowLight,000C2B11,Dungeons\Nordic\Exterior\Dwellings\NorDwelling03ExtBaseB.nif
NorDwelling03ExtCourtStairs01SnowLight,000C2B12,Dungeons\Nordic\Exterior\Dwellings\NorDwelling03ExtCourtStairs01.nif
NorDwelling03ExtCourtBSnowLight,000C2B13,Dungeons\Nordic\Exterior\Dwellings\NorDwelling03ExtCourtB.nif
CrateSmall03Weathered,000C2C05,Clutter\Common\CrateSmall03.nif
CrateSmall02Weathered,000C2C13,Clutter\Common\CrateSmall02.nif
CrateSmall01Weathered,000C2C15,Clutter\Common\CrateSmall01.nif
CrateSmallLong01Weathered,000C2C16,Clutter\Common\CrateSmallLong01.nif
CrateSmallLong02Weathered,000C2C17,Clutter\Common\CrateSmallLong02.nif
CrateSmall04Weathered,000C2C1A,Clutter\Common\CrateSmall04.nif
CrateSmallLong03Weathered,000C2C1B,Clutter\Common\CrateSmallLong03.nif
CrateSmallLong04Weathered,000C2C1C,Clutter\Common\CrateSmallLong04.nif
CrateSmall02Weathered_LightSN,000C2C1D,Clutter\Common\CrateSmall02.nif
CrateSmall01Weathered_LightSN,000C2C1E,Clutter\Common\CrateSmall01.nif
BurntRubble03,000C2CB4,Clutter\Helgen\BurntRubble03.nif
BurntRubble04,000C2CB5,Clutter\Helgen\BurntRubble04.nif
BurntRubble05,000C2CB6,Clutter\Helgen\BurntRubble05.nif
BurntRubble01,000C2CB7,Clutter\Helgen\BurntRubble01.nif
BurntRubble02,000C2CB8,Clutter\Helgen\BurntRubble02.nif
BurntWoodplanks04,000C2CB9,Clutter\Helgen\BurntWoodplanks04.nif
BurntWoodplanks05,000C2CBA,Clutter\Helgen\BurntWoodplanks05.nif
BurntWoodplanks06,000C2CBB,Clutter\Helgen\BurntWoodplanks06.nif
BurntWoodplanks07,000C2CBC,Clutter\Helgen\BurntWoodplanks07.nif
BurntWoodplanks08,000C2CBD,Clutter\Helgen\BurntWoodplanks08.nif
BurntWoodbeam01,000C2CBE,Clutter\Helgen\BurntWoodbeam01.nif
BurntWoodbeam02,000C2CBF,Clutter\Helgen\BurntWoodbeam02.nif
BurntWoodbeam03,000C2CC0,Clutter\Helgen\BurntWoodbeam03.nif
BurntWoodbeamShort01,000C2CC1,Clutter\Helgen\BurntWoodbeamShort01.nif
BurntWoodbeamShort02,000C2CC2,Clutter\Helgen\BurntWoodbeamShort02.nif
BurntWoodplanks01,000C2CC3,Clutter\Helgen\BurntWoodplanks01.nif
BurntWoodplanks02,000C2CC4,Clutter\Helgen\BurntWoodplanks02.nif
BurntWoodplanks03,000C2CC5,Clutter\Helgen\BurntWoodplanks03.nif
ImpExtIceTowerShellStairs02,000C2CC6,Dungeons\Imperial\ExteriorIce\ImpExtIceTowerShellStairs02.nif
ImpExtIceTowerShellStairs02_NoIce,000C2CC7,Dungeons\Imperial\ExteriorIce\ImpExtIceTowerShellStairs02.nif
ImpExtIceTowerShellStairs03,000C2CC9,Dungeons\Imperial\ExteriorIce\ImpExtIceTowerShellStairs03.nif
ImpExtIceTowerShellStairs03_NoIce,000C2CCA,Dungeons\Imperial\ExteriorIce\ImpExtIceTowerShellStairs03.nif
ImpExtIceTowerShellStairsHelgen01,000C2CD1,Dungeons\Imperial\ExteriorIce\ImpExtIceTowerShellStairsHelgen01.nif
ImpExtIceTowerShellStairsHelgen02,000C2CD2,Dungeons\Imperial\ExteriorIce\ImpExtIceTowerShellStairsHelgen02.nif
DoNotPlaceSmallCritterLandingMarkerHelper,000C2D47,Critters\CritterMarkerSmall.nif
RockCliff05CoastOceanFloor01,000C2E6F,Landscape\Rocks\RockCliff05.nif
MountainTrim02CoastOceanFloor01,000C2E8E,Landscape\Mountains\MountainTrim02.nif
RockPileS04FieldGrass01,000C2FA9,Landscape\Rocks\RockPileS04.nif
RockPileL02FieldGrass01,000C33EF,Landscape\Rocks\RockPileL02.nif
RockPileL03FieldGrass01,000C33F0,Landscape\Rocks\RockPileL03.nif
GlacierSlab01_NoSN,000C3817,Landscape\Ice\GlacierSlab01.nif
GlacierPillarLg01_NoSN,000C3818,Landscape\Ice\GlacierPillarLg01.nif
RockPileL02Tundra01,000C3915,Landscape\Rocks\RockPileL02.nif
RockPileL03Tundra01,000C3917,Landscape\Rocks\RockPileL03.nif
RockAnimalDenTundraRocks01,000C3953,Landscape\Rocks\RockAnimalDen01.nif
RockPileM02WetRiverbedBottom01,000C39E4,Landscape\Rocks\WetRocks\RockPileM02Wet.nif
RockPileM02WetRiverMud01,000C39E6,Landscape\Rocks\WetRocks\RockPileM02Wet.nif
RockPileL03WetRiverMud01,000C39E8,Landscape\Rocks\WetRocks\RockPileL03Wet.nif
RockPileL02WetRiverMud01,000C39EA,Landscape\Rocks\WetRocks\RockPileL02Wet.nif
RockPileM01WetRiverMud01,000C39EC,Landscape\Rocks\WetRocks\RockPileM01Wet.nif
Whfirepit01,000C3D36,Architecture\Windhelm\Whfirepit01.nif
Whfirepit02,000C3D37,Architecture\Windhelm\Whfirepit02.nif
RockPileL02CoastOceanFloor01,000C3E54,Landscape\Rocks\RockPileL02.nif
RockPileS04CoastOceanFloor01,000C3E55,Landscape\Rocks\RockPileS04.nif
MrkWarrensCliffs02rocks,000C4217,Architecture\Markarth\MrkWarrensCliffs02rocks.nif
MrkTempleCragSteps02rocks,000C4219,Architecture\Markarth\MrkTempleCragSteps02rocks.nif
MrkSilverfishInnPart03rocks,000C421B,Architecture\Markarth\MrkSilverfishInnPart03rocks.nif
BoneHumanArmLStatic,000C49E5,Clutter\Bones\HumanArmLeftStatic.nif
BoneHumanArmRStatic,000C49E6,Clutter\Bones\HumanArmRightStatic.nif
BoneHumanFootLStatic,000C49E7,Clutter\Bones\HumanFootLeftStatic.nif
BoneHumanFootRStatic,000C49E8,Clutter\Bones\HumanFootRightStatic.nif
BoneHumanHandLStatic,000C49E9,Clutter\Bones\HumanHandLeftStatic.nif
BoneHumanHandRStatic,000C49EA,Clutter\Bones\HumanHandRightStatic.nif
BoneHumanLegLStatic,000C49EB,Clutter\Bones\HumanLegLeftStatic.nif
BoneHumanLegRStatic,000C49EC,Clutter\Bones\HumanLegRightStatic.nif
BoneHumanRibcageFullStatic,000C49ED,Clutter\Bones\HumanRibcageFullStatic.nif
BoneHumanSkullStatic,000C49EE,Clutter\Bones\HumanSkullStatic.nif
BoneHumanSkullFullStatic,000C49EF,Clutter\Bones\HumanSkullFullStatic.nif
BoneHumanSpineStatic,000C49F0,Clutter\Bones\SpineStatic.nif
TreePineForestLogSm01,000C4AC4,Landscape\Trees\TreePineForestLogSm01.nif
BurntRubbleNoDirt01,000C4B97,Clutter\Helgen\BurntRubbleNoDirt01.nif
BurntRubbleNoDirt02,000C4B98,Clutter\Helgen\BurntRubbleNoDirt02.nif
BurntRubbleNoDirt03,000C4B99,Clutter\Helgen\BurntRubbleNoDirt03.nif
BurntRubbleNoDirt05,000C4B9A,Clutter\Helgen\BurntRubbleNoDirt05.nif
BurntRubbleNoDirt04,000C4B9B,Clutter\Helgen\BurntRubbleNoDirt04.nif
NobleWashBasin01,000C4BBE,Furniture\Noble\NobleWashBasin01.nif
ImpChandellierCandle03,000C4BC1,Clutter\Imperial\ImpChandellierCandle03.nif
ImpChandellierCandle02,000C4BC2,Clutter\Imperial\ImpChandellierCandle02.nif
NobleWallShelf02,000C4BE3,Furniture\Noble\NobleWallShelf02.nif
NobleHeadFurniture,000C4BE4,Furniture\Noble\NobleHead.nif
NobleWallShelf01,000C4BE5,Furniture\Noble\NobleWallShelf01.nif
NobleTableThin01,000C4D58,Furniture\Noble\NobleTableThin01.nif
NorPuzzleKeyBear01,000C4DE8,Dungeons\Nordic\Clutter\NorPuzzleKeyBear01.nif
NorPuzzleKeyOwl01,000C4DE9,Dungeons\Nordic\Clutter\NorPuzzleKeyOwl01.nif
NorPuzzleKeyMoth01,000C4DEA,Dungeons\Nordic\Clutter\NorPuzzleKeyMoth01.nif
NorPuzzleKeyFox01,000C4DEB,Dungeons\Nordic\Clutter\NorPuzzleKeyFox01.nif
NorPuzzleKeyWolf01,000C4DEC,Dungeons\Nordic\Clutter\NorPuzzleKeyWolf01.nif
NorPuzzleKeyDragon01,000C4DED,Dungeons\Nordic\Clutter\NorPuzzleKeyDragon01.nif
1stPersonShiv,000C4E33,Weapons\Shiv\Shiv.nif
GiantObelisk02_MountainSlab,000C4E79,Clutter\Giant\GiantObelisk02.nif
GiantObelisk03_MountainSlab,000C4E7C,Clutter\Giant\GiantObelisk03.nif
RockAnimalDenCoastOceanFloor01,000C531E,Landscape\Rocks\RockAnimalDen01.nif
DweCivWarWallChimney01,000C5442,Dungeons\Dwemer\Clutter\DweCivWarWallChimney01.nif
NorTmpExtPlatFloorRaised01SnowLight,000C5494,Dungeons\Nordic\Exterior\NorTmpExtPlatFloorRaised01.nif
NorExtRubblePile04_LightSN,000C5497,Dungeons\Nordic\Exterior\Rubble\NorExtRubblePile04.nif
MineLHallEntrance01SnowLight,000C54AA,Dungeons\Mines\MineLargeHall\MineLHallEntrance01.nif
MineLHallDoorNarrow01SnowLight,000C54AC,Dungeons\Mines\MineLargeHall\MineLHallDoorNarrow01.nif
MineCBoulderPileS02IceBlend,000C54B0,Dungeons\Mines\Rocks\MineCBoulderPileS02.nif
MineCBoulderPileS01IceBlend,000C54B3,Dungeons\Mines\Rocks\MineCBoulderPileS01.nif
MineLHall1Way128D01SnowLight,000C54BA,Dungeons\Mines\MineLargeHall\MineLHall1Way128D01.nif
SBannerlTall01,000C5698,Architecture\Solitude\Clutter\SBannerlTall01.nif
SBannerlong01,000C5699,Architecture\Solitude\Clutter\SBannerlong01.nif
SFloorPedestal01,000C56AE,Architecture\Solitude\Interiors\SFloorPedestal01.nif
ImpCandle01,000C56C4,Clutter\Imperial\ImpCandle01.nif
NobleTableLow02,000C57AA,Furniture\Noble\NobleTableLow02.nif
RockCliffMineEntrance02Snow,000C585E,Landscape\Rocks\RockCliffMineEntrance02.nif
Farmhouse05Destroyed01,000C585F,Architecture\Farmhouse\Farmhouse05Destroyed01.nif
Farmhouse05Destroyed02,000C5860,Architecture\Farmhouse\Farmhouse05Destroyed02.nif
Farmhouse06Destroyed01,000C5861,Architecture\Farmhouse\Farmhouse06Destroyed01.nif
Farmhouse06Destroyed02,000C5862,Architecture\Farmhouse\Farmhouse06Destroyed02.nif
FarmhouseBRubble01,000C5867,Architecture\Farmhouse\Rubble\FarmhouseBRubble01.nif
ShrineMehrunes01,000C5999,Clutter\Mehrunes\ShrineMehrunes01.nif
1stPersonCeremonialBlade,000C5B69,Weapons\CeremonialBlade\1stPersonCeremonialBlade.nif
ImpExtIceTowerShellTopEdgeSNOW,000C5E33,Dungeons\Imperial\ExteriorIce\ImpExtIceTowerShellStairsHelgen02.nif
ImpExtLighthouse01Snow,000C5E43,Dungeons\Imperial\Exterior\ImpExtLighthouse01.nif
RockPileS04FallForestGrass01,000C62BF,Landscape\Rocks\RockPileS04.nif
SBannerlMid01,000C65BF,Architecture\Solitude\Clutter\SBannerlMid01.nif
SLgFFloSol02,000C65D3,Architecture\Solitude\Interiors\SLgFFloSol02.nif
SMdBDorInt02,000C6618,Architecture\Solitude\Interiors\SMdBDorInt02.nif
SMdBCtoFDor01,000C661C,Architecture\Solitude\Interiors\SMdBCtoFDor01.nif
ImpExtBldgMid01SnowLight,000C6897,Dungeons\Imperial\Exterior\ImpExtBldgMid01.nif
ImpExtBlocks01SnowLight,000C6898,Dungeons\Imperial\Exterior\ImpExtBlocks01.nif
ImpExtBlocks02SnowLight,000C6899,Dungeons\Imperial\Exterior\ImpExtBlocks02.nif
ImpExtBlocks03SnowLight,000C689A,Dungeons\Imperial\Exterior\ImpExtBlocks03.nif
ImpExtBlocks04SnowLight,000C689B,Dungeons\Imperial\Exterior\ImpExtBlocks04.nif
ImpExtBlocks05SnowLight,000C689C,Dungeons\Imperial\Exterior\ImpExtBlocks05.nif
ImpExtBldgSecondCorner03SnowLight,000C689D,Dungeons\Imperial\Exterior\ImpExtBldgSecondCorner03.nif
RockPileL01FallForestDirt01,000C6917,Landscape\Rocks\RockPileL01.nif
RockPileS04FallForestDirt01,000C691A,Landscape\Rocks\RockPileS04.nif
RockCliff07FallForestDirt01,000C691B,Landscape\Rocks\RockCliff07.nif
1stPersonDwarvenStaff,000C6920,Weapons\Dwarven\1stPersonDwarvenStaff.nif
1stPersonDwarvenStaffGem,000C6925,Weapons\Dwarven\1stPersonDwarvenStaffGem.nif
GoatPeltStatic,000C6C2B,Clutter\GoatSkin\GoatPeltStatic.nif
NobleRack01,000C6CB5,Furniture\Noble\NobleNobleRack01.nif
NobleCrate01,000C6CBA,Furniture\Noble\NobleCrate01.nif
NobleCrate02,000C6CBC,Furniture\Noble\NobleCrate02.nif
RockPileM01Tundra01,000C6DDA,Landscape\Rocks\RockPileM01.nif
MountainTrim02CoastBeach01,000C723E,Landscape\Mountains\MountainTrim02.nif
RTMausoleum01,000C72FF,Architecture\Riften\RTMausoleum01.nif
MrkDocksideOverseersRock01,000C78A7,Architecture\Markarth\MrkDocksideOverseersRock01.nif
BoneHumanSkullFullStaticSnow,000C792E,Clutter\Bones\HumanSkullFullStatic.nif
BoneHumanRibcageFullStaticSnow,000C7930,Clutter\Bones\HumanRibcageFullStatic.nif
BoneHumanHandLStaticSnow,000C7932,Clutter\Bones\HumanHandLeftStatic.nif
FalmerBFence01Snow,000C7947,Clutter\Falmer\FalmerBigFence01.nif
FalmerBFence02Snow,000C7948,Clutter\Falmer\FalmerBigFence02.nif
FalmerFence01Snow,000C7949,Clutter\Falmer\FalmerFence01.nif
FalmerFence02Snow,000C794A,Clutter\Falmer\FalmerFence02.nif
FalmerFence03Snow,000C794B,Clutter\Falmer\FalmerFence03.nif
BoneHumanLegRStaticSnow,000C79C8,Clutter\Bones\HumanLegRightStatic.nif
BoneHumanFootRStaticSnow,000C79CA,Clutter\Bones\HumanFootRightStatic.nif
BoneHumanArmRStaticSnow,000C79CC,Clutter\Bones\HumanArmRightStatic.nif
BoneHumanHandRStaticSnow,000C79CE,Clutter\Bones\HumanHandRightStatic.nif
BoneHumanArmLStaticSnow,000C7A12,Clutter\Bones\HumanArmLeftStatic.nif
CaveLamp02_LightSN,000C7A2E,Clutter\Caves\Cave_Lamp02.nif
RockPileM03FallForestDirt01,000C7B40,Landscape\Rocks\RockPileM03.nif
NobleChair01Static,000C7CB4,Furniture\Noble\NobleChair01.nif
CartPassengerSTATIC,000C7D3E,Furniture\PrisonerCarriage\PrisonerCarriage01Static.nif
WRIntFreeWallStr01Low,000C8307,Architecture\WhiteRun\WRInteriors\WRIntFreeWallStr01Low.nif
WRIntFreeWallStrDoor01Low,000C8308,Architecture\WhiteRun\WRInteriors\WRIntFreeWallStrDoor01Low.nif
WRIntFreeWallStr01St,000C83A2,Architecture\WhiteRun\WRInteriors\WRIntFreeWallStr01St.nif
GlazedCandlesStatic,000C841C,Clutter\GlazedCandles01.nif
WRRugLarge04,000C8429,Architecture\WhiteRun\WRClutter\WRRugLarge04.nif
GlazedCandlesStatic02,000C842B,Clutter\GlazedCandlesStatic02.nif
NobleShelf05,000C8471,Furniture\Noble\NobleShelf05.nif
SMDAFloSol06,000C8483,Architecture\Solitude\Interiors\SMDAFloSol06.nif
NobleDivider01,000C84BE,Furniture\Noble\NobleDivider01.nif
ImpExtBlocks01SnowHeavy,000C865F,Dungeons\Imperial\Exterior\ImpExtBlocks01.nif
CaveIRoomDoorB03ice,000C8997,Dungeons\Caves\Ice\SmallRoom\CaveIRoomDoorB03.nif
CaveIRoomDoor03ice,000C8998,Dungeons\Caves\Ice\SmallRoom\CaveIRoomDoor03.nif
1stPersonDaedricWarhammer,000C8C79,Weapons\Daedric\1stPersonDaedricWarhammer.nif
1stPersonDaedricMace,000C8C7A,Weapons\Daedric\DaedricMace.nif
1stPersonDaedricBattleAxe,000C8C7B,Weapons\Daedric\1stPersonDaedricBattleAxe.nif
1stPersonDaedricWarAxe,000C8C7C,Weapons\Daedric\1stPersonDaedricWarAxe.nif
SBigPlanter02,000C8CFC,Architecture\Solitude\Clutter\SBigPlanter02.nif
SBigPlanter03,000C8CFF,Architecture\Solitude\Clutter\SBigPlanter03.nif
WRIntLoftWallCor01,000C8FBB,Architecture\WhiteRun\WRInteriors\WRIntLoftWallCor01.nif
MountainCliff01_Falmer,000C91AF,Landscape\Mountains\MountainCliff01.nif
MountainRidge01_Falmer,000C91B0,Landscape\Mountains\MountainRidge01.nif
RockL05_Falmer,000C91B9,Landscape\Rocks\RockL05.nif
RockL02_Falmer,000C91BA,Landscape\Rocks\RockL02.nif
RockL01_Falmer,000C91BB,Landscape\Rocks\RockL01.nif
RockL03_Falmer,000C91BC,Landscape\Rocks\RockL03.nif
RockM01_Falmer,000C91BD,Landscape\Rocks\RockM01.nif
RockL04_Falmer,000C91BE,Landscape\Rocks\RockL04.nif
WHIntFloorDebris01,000C949D,Architecture\Windhelm\InteriorKits\Wood\WHIntFloorDebris01.nif
WHIntFloorDebris02,000C949E,Architecture\Windhelm\InteriorKits\Wood\WHIntFloorDebris02.nif
WHIntFloorDebris03,000C949F,Architecture\Windhelm\InteriorKits\Wood\WHIntFloorDebris03.nif
WHIntFloorDebris04,000C94A0,Architecture\Windhelm\InteriorKits\Wood\WHIntFloorDebris04.nif
WHIntFloorDebris05,000C94A9,Architecture\Windhelm\InteriorKits\Wood\WHIntFloorDebris05.nif
DweCenturionBust01snow,000C99D2,Dungeons\Dwemer\Clutter\DweCenturionBust01.nif
ImpExtIceTowerShort01_NoIce,000C9B54,Dungeons\Imperial\ExteriorIce\ImpExtIceTowerShort01.nif
ImpExtIceArchSupport01_NoIce,000C9B55,Dungeons\Imperial\ExteriorIce\ImpExtIceArchSupport01.nif
ImpExtIceBldgSecondCorner03_NoIce,000C9B56,Dungeons\Imperial\ExteriorIce\ImpExtIceBldgSecondCorner03.nif
ImpExtIceBlocks01_NoIce,000C9B57,Dungeons\Imperial\ExteriorIce\ImpExtIceBlocks01.nif
ImpExtIceBlocks02_NoIce,000C9B58,Dungeons\Imperial\ExteriorIce\ImpExtIceBlocks02.nif
ImpExtIceBlocks03_NoIce,000C9B59,Dungeons\Imperial\ExteriorIce\ImpExtIceBlocks03.nif
ImpExtIceBlocks04_NoIce,000C9B5A,Dungeons\Imperial\ExteriorIce\ImpExtIceBlocks04.nif
ImpExtIceBlocks05_NoIce,000C9B5B,Dungeons\Imperial\ExteriorIce\ImpExtIceBlocks05.nif
ImpExtIceBlocks06_NoIce,000C9B5C,Dungeons\Imperial\ExteriorIce\ImpExtIceBlocks06.nif
ImpExtIceStairs01_NoIce,000C9B5D,Dungeons\Imperial\ExteriorIce\ImpExtIceStairs01.nif
ImpExtIceStairs03_NoIce,000C9B5E,Dungeons\Imperial\Exterior\ImpExtStairs03.nif
ImpExtIceTower01_NoIce,000C9B5F,Dungeons\Imperial\ExteriorIce\ImpExtIceTower01.nif
ImpExtIceBldgSecondCorner04_NoIce,000C9B60,Dungeons\Imperial\ExteriorIce\ImpExtIceBldgSecondCorner04.nif
RockCliff02TundraRocks01,000C9DB5,Landscape\Rocks\RockCliff02.nif
Glazed02PotteryBase01,000C9F4E,Clutter\Glazed02PotteryBase01.nif
Glazed02PotteryBase02,000C9F51,Clutter\Glazed02PotteryBase02.nif
SSmAWinSol03,000C9F84,Architecture\Solitude\Interiors\SSmAWinSol03.nif
MS06NecromanticAltarStatic,000CA2F4,Clutter\Quest\MS06NecromanticAltar.nif
CaveIHall1Way02ice,000CA45E,Dungeons\Caves\Ice\SmallHall\CaveIHall1Way02.nif
CaveIFHallDoor02ice,000CA46F,Dungeons\Caves\Ice\LargeHall\CaveIFHallDoor02.nif
BoneHumanLegLStaticSnow,000CA4CD,Clutter\Bones\HumanLegLeftStatic.nif
DweRoadStraightLong01,000CACBB,Dungeons\Dwemer\Roads\DweRoadStraightLong01.nif
DweRoadStraightLong02,000CACBC,Dungeons\Dwemer\Roads\DweRoadStraightLong02.nif
DweRoadStraightLongRamp01,000CACBD,Dungeons\Dwemer\Roads\DweRoadStraightLongRamp01.nif
DweRoadStraightLongRamp02,000CACBE,Dungeons\Dwemer\Roads\DweRoadStraightLongRamp02.nif
DweRoadStrToCurveRampL01,000CACBF,Dungeons\Dwemer\Roads\DweRoadStrToCurveRampL01.nif
DweRoadStrToCurveRampR01,000CACC0,Dungeons\Dwemer\Roads\DweRoadStrToCurveRampR01.nif
DweRoad3way01,000CACC1,Dungeons\Dwemer\Roads\DweRoad3way01.nif
DweRoadChunkL01,000CACC2,Dungeons\Dwemer\Roads\DweRoadChunkL01.nif
DweRoadChunkL02,000CACC3,Dungeons\Dwemer\Roads\DweRoadChunkL02.nif
DweRoadChunkL03,000CACC4,Dungeons\Dwemer\Roads\DweRoadChunkL03.nif
DweRoadChunkM01,000CACC5,Dungeons\Dwemer\Roads\DweRoadChunkM01.nif
DweRoadChunkM02,000CACC6,Dungeons\Dwemer\Roads\DweRoadChunkM02.nif
DweRoadChunkM03,000CACC7,Dungeons\Dwemer\Roads\DweRoadChunkM03.nif
DweRoadChunkM04,000CACC8,Dungeons\Dwemer\Roads\DweRoadChunkM04.nif
DweRoadChunkS01,000CACC9,Dungeons\Dwemer\Roads\DweRoadChunkS01.nif
DweRoadChunkS02,000CACCA,Dungeons\Dwemer\Roads\DweRoadChunkS02.nif
DweRoadChunkS03,000CACCB,Dungeons\Dwemer\Roads\DweRoadChunkS03.nif
DweRoadChunkS04,000CACCC,Dungeons\Dwemer\Roads\DweRoadChunkS04.nif
DweRoadCurve90R01,000CACCD,Dungeons\Dwemer\Roads\DweRoadCurve90R01.nif
DweRoadCurveLong45LRamp01,000CACCE,Dungeons\Dwemer\Roads\DweRoadCurveLong45LRamp01.nif
DweRoadCurveLong45LRamp02,000CACCF,Dungeons\Dwemer\Roads\DweRoadCurveLong45LRamp02.nif
DweRoadCurveLong45R01,000CACD0,Dungeons\Dwemer\Roads\DweRoadCurveLong45R01.nif
DweRoadCurveLong45RRamp01,000CACD1,Dungeons\Dwemer\Roads\DweRoadCurveLong45RRamp01.nif
DweRoadCurveLong45RRamp02,000CACD2,Dungeons\Dwemer\Roads\DweRoadCurveLong45RRamp02.nif
DweRoadSCurveR01,000CACD3,Dungeons\Dwemer\Roads\DweRoadSCurveR01.nif
DweRoadSCurveRamp01,000CACD4,Dungeons\Dwemer\Roads\DweRoadSCurveRamp01.nif
DweRoadStraight01,000CACD5,Dungeons\Dwemer\Roads\DweRoadStraight01.nif
DweRoadStraight01End,000CACD6,Dungeons\Dwemer\Roads\DweRoadStraight01End.nif
DweRoadStraight02,000CACD7,Dungeons\Dwemer\Roads\DweRoadStraight02.nif
DweRoadStraight02Down01,000CACD8,Dungeons\Dwemer\Roads\DweRoadStraight02Down01.nif
BlackreachGiantMush03,000CACD9,Clutter\Blackreach\BlackreachGiantMushroom03.nif
BlackreachGiantMush04,000CACDA,Clutter\Blackreach\BlackreachGiantMushroom04.nif
BlackreachGiantMush05,000CACDB,Clutter\Blackreach\BlackreachGiantMushroom05.nif
BlackreachGiantMush01,000CACDC,Clutter\Blackreach\BlackreachGiantMushroom01.nif
BlackreachGiantMush02,000CACDD,Clutter\Blackreach\BlackreachGiantMushroom02.nif
BlackreachGiantMushHoriz03,000CACE7,Clutter\Blackreach\BlackreachGiantMushHoriz03.nif
BlackreachGiantMushHoriz04,000CACE8,Clutter\Blackreach\BlackreachGiantMushHoriz04.nif
BlackreachGiantMushHoriz01,000CACE9,Clutter\Blackreach\BlackreachGiantMushHoriz01.nif
BlackreachGiantMushHoriz02,000CACEA,Clutter\Blackreach\BlackreachGiantMushHoriz02.nif
SnowDriftL01Interior,000CACF8,Dungeons\Caves\Ice\Snowdrift\SnowDriftL01Int.nif
SnowDriftM02Interior,000CACF9,Dungeons\Caves\Ice\Snowdrift\SnowDriftM02Int.nif
SnowDriftL02Interior,000CACFA,Dungeons\Caves\Ice\Snowdrift\SnowDriftL02Int.nif
SnowDriftL03Interior,000CACFB,Dungeons\Caves\Ice\Snowdrift\SnowDriftL03Int.nif
SnowDriftL04Interior,000CACFC,Dungeons\Caves\Ice\Snowdrift\SnowDriftL04Int.nif
SnowDriftM01Interior,000CACFD,Dungeons\Caves\Ice\Snowdrift\SnowDriftM01Int.nif
SnowDriftSm01Interior,000CACFE,Dungeons\Caves\Ice\Snowdrift\SnowDriftSm01Int.nif
SnowDriftSm02Interior,000CACFF,Dungeons\Caves\Ice\Snowdrift\SnowDriftSm02Int.nif
SnowDriftSm03Interior,000CAD00,Dungeons\Caves\Ice\Snowdrift\SnowDriftSm03Int.nif
SnowDriftSm04Interior,000CAD01,Dungeons\Caves\Ice\Snowdrift\SnowDriftSm04Int.nif
BridgeShort01,000CAD7B,Landscape\Bridges\BridgeShort01.nif
BridgeLong01,000CAD7C,Landscape\Bridges\BridgeLong01.nif
BridgeNarrow01,000CAD7D,Landscape\Bridges\BridgeNarrow01.nif
1stPersonForswornSword,000CADE8,Weapons\Forsworn\1stPersonForswornSword.nif
1stPersonBladeofWoe,000CAF5C,Weapons\BladeofWoe\1stPersonBladeofWoe.nif
WinterholdTowerIntWall03,000CB1A9,Architecture\Winterhold\WinterholdTowerIntWall03.nif
VolunruudFrameDoor,000CB1BF,Dungeons\Nordic\Doors\Animated\MediumDoor\VonunruudDoorFrame.nif
WRIntLoftWallCapDoor01A,000CB428,Architecture\WhiteRun\WRInteriors\WRIntLoftWallCapDoor01A.nif
WRIntLoftWallRoofDoor01A,000CB429,Architecture\WhiteRun\WRInteriors\WRIntLoftWallRoofDoor01A.nif
WRIntWallStr01Low,000CB43B,Architecture\WhiteRun\WRInteriors\WRIntWallStr01Low.nif
WHIntWoodRoofMidTopGQ01,000CB903,Architecture\Windhelm\InteriorKits\Gray Quarter\WHIntWoodRoofMidTopGQ01.nif
WHIntWoodRoofMidTopGQ02,000CB904,Architecture\Windhelm\InteriorKits\Gray Quarter\WHIntWoodRoofMidTopGQ02.nif
WHIntWoodWallKitDoorGQ01,000CB909,Architecture\Windhelm\InteriorKits\Gray Quarter\WHIntWoodWallKitDoorGQ01.nif
WHIntWoodWallKitWallGQ01,000CB90A,Architecture\Windhelm\InteriorKits\Gray Quarter\WHIntWoodWallKitWallGQ01.nif
WHIntWoodWallKitWallGQ02,000CB90B,Architecture\Windhelm\InteriorKits\Gray Quarter\WHIntWoodWallKitWallGQ02.nif
WHIntWoodWallKitWallGQ03,000CB90C,Architecture\Windhelm\InteriorKits\Gray Quarter\WHIntWoodWallKitWallGQ03.nif
WHIntWoodWallKitWallGQ04,000CB90D,Architecture\Windhelm\InteriorKits\Gray Quarter\WHIntWoodWallKitWallGQ04.nif
WHIntWoodWallKitWallShortGQ01,000CB90E,Architecture\Windhelm\InteriorKits\Gray Quarter\WHIntWoodWallKitWallShortGQ01.nif
WHIntWoodWallStoneDoorGQ01,000CB90F,Architecture\Windhelm\InteriorKits\Gray Quarter\WHIntWoodWallStoneDoorGQ01.nif
WHIntWoodWallStoneGQ01,000CB910,Architecture\Windhelm\InteriorKits\Gray Quarter\WHIntWoodWallStoneGQ01.nif
WHIntWoodWallStoneGQ02,000CB911,Architecture\Windhelm\InteriorKits\Gray Quarter\WHIntWoodWallStoneGQ02.nif
WHIntWoodWallStoneWindowGQ04,000CB915,Architecture\Windhelm\InteriorKits\Gray Quarter\WHIntWoodWallStoneWindowGQ04.nif
WHIntWoodWallWoodSupportGQ01,000CB91A,Architecture\Windhelm\InteriorKits\Gray Quarter\WHIntWoodWallWoodSupportGQ01.nif
WHIntWoodWallKitStoneDoorGQ01,000CB928,Architecture\Windhelm\InteriorKits\Gray Quarter\WHIntWoodWallKitStoneDoorGQ01.nif
WHIntWoodWallKitStoneWallGQ01,000CB929,Architecture\Windhelm\InteriorKits\Gray Quarter\WHIntWoodWallKitStoneWallGQ01.nif
WHIntWoodWallStoneWindowGQ06,000CB92D,Architecture\Windhelm\InteriorKits\Gray Quarter\WHIntWoodWallStoneWindowGQ06.nif
WHIntWoodWallStoneWindowGQ05,000CB92E,Architecture\Windhelm\InteriorKits\Gray Quarter\WHIntWoodWallStoneWindowGQ05.nif
WHfireplace03,000CB93B,Architecture\Windhelm\InteriorKits\Castle\WHfireplace03.nif
RockPileL04FrozenMashDirtSlope01,000CBB2A,Landscape\Rocks\RockPileL04.nif
RockPileS01FGrassSnow01,000CBB41,Landscape\Rocks\RockPileS01.nif
Glazed02PotteryBase03,000CBF3C,Clutter\Glazed02PotteryBase03.nif
SFloorPedestal02,000CBFF6,Architecture\Solitude\Interiors\SFloorPedestal02.nif
SMdCWalShelf01,000CC213,Architecture\Solitude\Interiors\SMdCWalShelf01.nif
SMdRod01,000CC232,Architecture\Solitude\Clutter\SMdRod01.nif
SMdShelf01,000CC233,Architecture\Solitude\Clutter\SMdShelf01.nif
RTPlaza01,000CC51E,Architecture\Riften\RTPlaza01.nif
RTPlaza02,000CC520,Architecture\Riften\RTPlaza02.nif
RTMarketStall01,000CC523,Architecture\Riften\RTMarketStall01.nif
FarmInt2End03,000CC6E4,Architecture\Farmhouse\Interior\FarmInt2End03.nif
IcePileM02,000CC75E,Landscape\Ice\IcePileM02.nif
IcePileL01SnowRocks01,000CC75F,Landscape\Ice\IcePileL01.nif
IcePileL03,000CC760,Landscape\Ice\IcePileL03.nif
IcePileL02,000CC761,Landscape\Ice\IcePileL02.nif
BlackreachECliffsIsland01NS,000CC762,Dungeons\Caves\Green\Cliffs\CaveGCliffsIsland01NS.nif
RockCliff01Dirt01,000CC763,Landscape\Rocks\RockCliff01.nif
MountainCliffSlopeCaveDirt01,000CC764,Landscape\Mountains\MountainCliffSlope.nif
MountainCliffSm01_Blackreach,000CC765,Landscape\Mountains\MountainCliffSm01.nif
RockPileS01_Dirt01,000CC766,Landscape\Rocks\RockPileS01.nif
RockPileL01Dirt01,000CC767,Landscape\Rocks\RockPileL01.nif
TestTeapot01,000CC79E,Effects\TestTeapot01.nif
ImpExtIceDoorhole01_noIce,000CC810,Dungeons\Imperial\ExteriorIce\ImpExtIceDoorhole01.nif
ImpExtIceWindow01_NoIce,000CC811,Dungeons\Imperial\ExteriorIce\ImpExtIceWindow01Dark.nif
1stPersonForswornStaff,000CC825,Weapons\Forsworn\1stPersonForswornStaff.nif
1stPersonForswornAxe,000CC828,Weapons\Forsworn\1stPersonForswornAxe.nif
TG00BrynjolfStall,000CCB57,Architecture\Riften\TG00BrynjolfStall.nif
RockPileL03Snow_LightSN,000CD0AF,Landscape\Rocks\RockPileL03.nif
MountainTrim03FrozenMarshGrass01,000CD0B2,Landscape\Mountains\MountainTrim03.nif
RockPileS04FrozenMarshGrass01,000CD0BC,Landscape\Rocks\RockPileS04.nif
RockPileM01FrozenMarshGrass01,000CD0D9,Landscape\Rocks\RockPileM01.nif
RockPileM01GrassSnow01,000CD0EA,Landscape\Rocks\RockPileM01.nif
TreePineForestLogSm01_HeavySN,000CD0F1,Landscape\Trees\TreePineForestLogSm01Snow.nif
MPSSmokeBurningVol,000CD4FF,MPS\MPSSmokeBurningVol.nif
BurialCairnStatic01Snow,000CD741,Clutter\BurialCairn\BurialCairn01.nif
BurialCairnStatic02Snow,000CD742,Clutter\BurialCairn\BurialCairn02.nif
BurialCairnStatic03Snow,000CD743,Clutter\BurialCairn\BurialCairn03.nif
Tombstone01Snow,000CD745,Clutter\Tombstones\Tombstone01.nif
StatueDibellaSnow,000CD781,Clutter\Statues\StatueDibella.nif
RTGraveyardFence01,000CD8B3,Architecture\Riften\RTGraveyardFence01.nif
RTGraveyardFence02,000CD8B5,Architecture\Riften\RTGraveyardFence02.nif
ImpLRoomPillar01snow,000CD98C,Dungeons\Imperial\LargeRoom\ImpLRoomPillar01.nif
dunVolunruudRelicAxe,000CDDAB,Weapons\Draugr\DraugrHandAxe.nif
dunVolunruudRelicSword,000CDDAC,Weapons\Draugr\DraugrSword.nif
ImpCandelabraCandle02,000CE026,Clutter\Imperial\ImpCandelabraCandle02.nif
MetalCageLongDouble01,000CE0AD,Clutter\Common\MetalCageLongDouble01.nif
MetalCageLongSingle01,000CE0AE,Clutter\Common\MetalCageLongSingle01.nif
BlackreachSmallMushroom02,000CE0B4,Clutter\Blackreach\BlackreachSmallMushroom02.nif
BlackreachSmallMushroom03,000CE0B5,Clutter\Blackreach\BlackreachSmallMushroom03.nif
BlackreachSmallMushroom04,000CE0B6,Clutter\Blackreach\BlackreachSmallMushroom04.nif
BlackreachSmallMushroom05,000CE0B7,Clutter\Blackreach\BlackreachSmallMushroom05.nif
BlackreachSmallMushroom01,000CE0B8,Clutter\Blackreach\BlackreachSmallMushroom01.nif
BlackreachTinyMushroom02,000CE0BF,Clutter\Blackreach\BlackreachTinyMushroom02.nif
BlackreachTinyMushroom01,000CE0C0,Clutter\Blackreach\BlackreachTinyMushroom01.nif
BlackreachCrystalM02,000CE0CB,Clutter\Blackreach\BlackreachCrystalM02.nif
BlackreachCrystalM03,000CE0CC,Clutter\Blackreach\BlackreachCrystalM03.nif
BlackreachCrystalM04,000CE0CD,Clutter\Blackreach\BlackreachCrystalM04.nif
BlackreachCrystalPileS02,000CE0CE,Clutter\Blackreach\BlackreachCrystalPileS02.nif
BlackreachCrystalPileS03,000CE0CF,Clutter\Blackreach\BlackreachCrystalPileS03.nif
BlackreachCrystalPileS04,000CE0D0,Clutter\Blackreach\BlackreachCrystalPileS04.nif
BlackreachCrystalS02,000CE0D1,Clutter\Blackreach\BlackreachCrystalS02.nif
BlackreachCrystalS03,000CE0D2,Clutter\Blackreach\BlackreachCrystalS03.nif
BlackreachCrystalL01,000CE0D3,Clutter\Blackreach\BlackreachCrystalL01.nif
BlackreachCrystalL02,000CE0D4,Clutter\Blackreach\BlackreachCrystalL02.nif
BlackreachCrystalL03,000CE0D5,Clutter\Blackreach\BlackreachCrystalL03.nif
BlackreachCrystalL04,000CE0D6,Clutter\Blackreach\BlackreachCrystalL04.nif
BlackreachCrystalL05,000CE0D7,Clutter\Blackreach\BlackreachCrystalL05.nif
BlackreachCrystalM01,000CE0D8,Clutter\Blackreach\BlackreachCrystalM01.nif
BlackreachVineFloor01,000CE0F9,Clutter\Blackreach\BlackreachVineFloor01.nif
ImpPillar01ice,000CE2CA,Dungeons\Imperial\ClutterKits\ImpPillar01.nif
WRJorrvaskrRugEndL01,000CE64D,Architecture\WhiteRun\WRClutter\WRJorrvaskrRugEndL01.nif
WRJorrvaskrRugEndR01,000CE64E,Architecture\WhiteRun\WRClutter\WRJorrvaskrRugEndR01.nif
WRJorrvaskrRugSquare01,000CE659,Architecture\WhiteRun\WRClutter\WRJorrvaskrRugSquare01.nif
WRDunIntWallfreeEndDoor01,000CE662,Architecture\WhiteRun\WRInteriors\WRDungeon\WRDunIntWallfreeEndDoor01.nif
MountainTrim01WetRiverbedEdge01,000CE6AC,Landscape\Mountains\MountainTrim01Wet.nif
MountainTrim02WetRiverbedEdge01,000CE6AD,Landscape\Mountains\MountainTrim02Wet.nif
CommonTableThin01,000CE783,Clutter\Common\CommonTableThin01.nif
CommonShelf03,000CE784,Clutter\Common\CommonShelf03.nif
CommonShelf04,000CE786,Clutter\Common\CommonShelf04.nif
RockCliff08RiverMud01,000CE896,Landscape\Rocks\RockCliff08.nif
MountainTrimSlabBlackreach,000CE8D3,Landscape\Mountains\MountainTrimSlab.nif
BlackreachEWallUp03Blackreach,000CE8D9,Dungeons\Caves\Blackreach\BlackreachEWallUp03.nif
BlackreachEWall03HoleBlackreach,000CE8DB,Dungeons\Caves\Blackreach\BlackreachEWall03Hole.nif
BlackreachEWall01HoleBlackreach,000CE8EA,Dungeons\Caves\Blackreach\BlackreachEWall01Hole.nif
BlackreachEWall02HoleBlackreach,000CE8EB,Dungeons\Caves\Blackreach\BlackreachEWall02Hole.nif
RockPileS02FrozenMarshDirtSlope01,000CEDF3,Landscape\Rocks\RockPileS02.nif
1stPersonForswornBow,000CEE9C,Weapons\Forsworn\ForswornBow.nif
WallMountedElkMale_Snow,000CF264,Clutter\DeadAnimals\MountedMaleElk.nif
TGWallRubbing01,000CF28A,Clutter\Quest\TGWallRubbing01.nif
TGWallRubbing02,000CF28C,Clutter\Quest\TGWallRubbing02.nif
TGWallRubbing03,000CF28E,Clutter\Quest\TGWallRubbing03.nif
TGWallRubbing04,000CF290,Clutter\Quest\TGWallRubbing04.nif
TGWallRubbing05,000CF292,Clutter\Quest\TGWallRubbing05.nif
TGWallRubbing06,000CF294,Clutter\Quest\TGWallRubbing06.nif
TGWallRubbing07,000CF296,Clutter\Quest\TGWallRubbing07.nif
TGWallRubbing08,000CF298,Clutter\Quest\TGWallRubbing08.nif
TGWallRubbing09,000CF29A,Clutter\Quest\TGWallRubbing09.nif
TGParchmentRubbingBlank,000CF2C3,Clutter\Quest\TGWallRubbingBlank.nif
MountainTrim01WetRiverMud01,000CF723,Landscape\Mountains\MountainTrim01Wet.nif
RockPileS03FrozenMarshGrass01,000CF73B,Landscape\Rocks\RockPileS03.nif
RockPileS01FrozenMarshGrass01,000CF73D,Landscape\Rocks\RockPileS01.nif
HagravenFence03_HeavySN,000CF779,Clutter\Hagraven\HagravenFence03.nif
HagravenFence04_HeavySN,000CF77A,Clutter\Hagraven\HagravenFence04.nif
HagravenFence02_HeavySN,000CF77B,Clutter\Hagraven\HagravenFence02.nif
HagravenFence05_HeavySN,000CF77C,Clutter\Hagraven\HagravenFence05.nif
HagravenFence01_HeavySN,000CF77D,Clutter\Hagraven\HagravenFence01.nif
MageStatue,000D068D,Architecture\Winterhold\MageStatue.nif
CommonBedDouble01Static,000D06AB,Furniture\Common\CommonBedDouble01.nif
WRIntCastleWallStrWin01Double,000D06CD,Architecture\WhiteRun\WRInteriors\WRCastle\WRIntCastleWallStrWin01Double.nif
WRIntCastleFloorWoodMid01Quad,000D06CF,Architecture\WhiteRun\WRInteriors\WRCastle\WRIntCastleFloorWoodMid01Quad.nif
WRIntCastleRoofBaseStr01Double,000D06DE,Architecture\WhiteRun\WRInteriors\WRCastle\WRIntCastleRoofBaseStr01Double.nif
CaveIRockPileS02_noSnow,000D0A87,Dungeons\Caves\Ice\Rocks\CaveIRockPileS02.nif
CaveIRockPileS01_noSnow,000D0A88,Dungeons\Caves\Ice\Rocks\CaveIRockPileS01.nif
CaveIBoulderL05_noSnow,000D0A9B,Dungeons\Caves\Ice\Rocks\CaveIBoulderL05.nif
CaveIBoulderL04_noSnow,000D0AD2,Dungeons\Caves\Ice\Rocks\CaveIBoulderL04.nif
CaveILRoomDoorB03_noSnow,000D0AE7,Dungeons\Caves\Ice\LargeRoom\CaveILRoomDoorB03.nif
WHIntWoodLadder01_snow,000D0B5E,Architecture\Windhelm\InteriorKits\Wood\WHIntWoodLadder01.nif
CaveILHall4Way01_Ice,000D0BB5,Dungeons\Caves\Ice\LargeHall\CaveILHall4Way01.nif
CaveILHall2Way02_Ice,000D0BB6,Dungeons\Caves\Ice\LargeHall\CaveILHall2Way02.nif
CaveILHall2Way01_Ice,000D0BB7,Dungeons\Caves\Ice\LargeHall\CaveILHall2Way01.nif
CaveILHall3Way01_Ice,000D0BB8,Dungeons\Caves\Ice\LargeHall\CaveILHall3Way01.nif
CaveILHall1Way64R01_Ice,000D0BB9,Dungeons\Caves\Ice\LargeHall\CaveILHall1Way64R01.nif
CaveILHallRamp01_Ice,000D0BBA,Dungeons\Caves\Ice\LargeHall\CaveILHallRamp01.nif
CaveILHallDoor02_Ice,000D0BBB,Dungeons\Caves\Ice\LargeHall\CaveILHallDoor02.nif
CaveILHall1Way128U01_Ice,000D0BBC,Dungeons\Caves\Ice\LargeHall\CaveILHall1Way128U01.nif
CaveILHall1Way128L01_Ice,000D0BBD,Dungeons\Caves\Ice\LargeHall\CaveILHall1Way128L01.nif
CaveILHall1Way128R01_Ice,000D0BBE,Dungeons\Caves\Ice\LargeHall\CaveILHall1Way128R01.nif
CaveIShaftDoorLB02_Ice,000D0BBF,Dungeons\Caves\Ice\Shaft\CaveIShaftDoorLB02.nif
CaveILHall1Way128D01_Ice,000D0BC1,Dungeons\Caves\Ice\LargeHall\CaveILHall1Way128D01.nif
CaveILHallDoor01_Ice,000D0BC2,Dungeons\Caves\Ice\LargeHall\CaveILHallDoor01.nif
CaveIShelf01_Ice,000D0BC3,Dungeons\Caves\Ice\Clutter\CaveIShelf01.nif
SSighPost02,000D0CCC,Architecture\Solitude\Clutter\SSighPost02.nif
SMdCDorCon02,000D0E94,Architecture\Solitude\Interiors\SMdCDorCon02.nif
SMdBDorInt03,000D0EA3,Architecture\Solitude\Interiors\SMdBDorInt03.nif
SMdADorInt02,000D0EA4,Architecture\Solitude\Interiors\SMdADorInt02.nif
SMdBColEndSpacer,000D0EAB,Architecture\Solitude\Interiors\SMdBColEndSpacer.nif
SMDAFloConSpacer01,000D0EB0,Architecture\Solitude\Interiors\SMDAFloConSpacer01.nif
SMdADorInt03,000D0EB3,Architecture\Solitude\Interiors\SMdADorInt03.nif
SMDAFloConSpacer02,000D0EB8,Architecture\Solitude\Interiors\SMDAFloConSpacer02.nif
DweFurnitureHighChair01Static,000D128C,Furniture\Dwemer\DweFurnitureHighChair01.nif
RockAnimalDenFallForestDirt,000D1608,Landscape\Rocks\RockAnimalDen01.nif
WHStatueTalos02,000D1846,Architecture\Windhelm\WHStatueTalos02.nif
WHInnDoorWayR,000D18AD,Architecture\Windhelm\WHInnDoorWayR.nif
WHInnDoorWayL,000D18AE,Architecture\Windhelm\WHInnDoorWayL.nif
BlackreachECeiling01,000D19F8,Dungeons\Caves\Blackreach\BlackreachECeiling01.nif
BlackreachECeiling01_GlowLichen,000D19F9,Dungeons\Caves\Blackreach\BlackreachECeiling01.nif
RockCliff07Dirt01,000D1A0C,Landscape\Rocks\RockCliff07.nif
BlackreachCrystalPileS04Dirt01,000D1A42,Clutter\Blackreach\BlackreachCrystalPileS04.nif
BlackreachTinyMushroom01Dirt01,000D1B0C,Clutter\Blackreach\BlackreachTinyMushroom01.nif
DirtCliffsIsland01PineForest01,000D1EC2,Landscape\DirtCliffs\DirtCliffsIsland01.nif
DirtCliffsIsland01PineForest03,000D1EC3,Landscape\DirtCliffs\DirtCliffsIsland01.nif
RockCliff08PineForest03,000D1EC4,Landscape\Rocks\RockCliff08.nif
RockCliff01PineForest03,000D1EC5,Landscape\Rocks\RockCliff01.nif
RockCliff02PineForest03,000D1EC6,Landscape\Rocks\RockCliff02.nif
RockCliff07PineForest03,000D1EC7,Landscape\Rocks\RockCliff07.nif
RockCliff05PineForest03,000D1EC8,Landscape\Rocks\RockCliff05.nif
RockPileS01PineForest03,000D1EC9,Landscape\Rocks\RockPileS01.nif
StonewallTerraceRampDown01PineForest03,000D1ECA,Architecture\Farmhouse\Stonewall\StonewallTerraceRampDown01.NIF
StonewallTerraceStairs01PineForest03,000D1ECB,Architecture\Farmhouse\Stonewall\StonewallTerraceStairs01.NIF
BurntRubbleCart01,000D204A,Clutter\Helgen\BurntRubbleCart01.nif
TrailerCam_Tree01,000D246D,Cameras\TrailerCam_Tree01.nif
CaveGLHallRamp02LtSnow,000D2A3C,Dungeons\Caves\Green\LargeHall\CaveGLHallRamp02.nif
CaveGLHallRamp02HvSnow,000D2A3D,Dungeons\Caves\Green\LargeHall\CaveGLHallRamp02.nif
BlackreachCrystalPileS02Dirt01,000D2F8E,Clutter\Blackreach\BlackreachCrystalPileS02.nif
BlackreachCrystalPileS03Dirt01,000D2F8F,Clutter\Blackreach\BlackreachCrystalPileS03.nif
RTPlaza03,000D3640,Architecture\Riften\RTPlaza03.nif
MountainCliffSlopePineForest03,000D37B6,Landscape\Mountains\MountainCliffSlope.nif
DirtCliffs05PineForest03,000D37B7,Landscape\DirtCliffs\DirtCliffs05.nif
DirtCliffs02PineForest03,000D37C0,Landscape\DirtCliffs\DirtCliffs02.nif
StockadeScaffoldTopPost01_lightSN,000D3C33,Clutter\Stockade\StockadeScaffoldTopPost01.nif
StockadeScaffoldTopRope01_lightSN,000D3C34,Clutter\Stockade\StockadeScaffoldTopRope01.nif
MineScaffoldRope03_lightSNstock,000D3C3D,Dungeons\Mines\Scaffolding\MineScaffoldRope03.nif
MineScaffoldRope06_lightSNstock,000D3C3F,Dungeons\Mines\Scaffolding\MineScaffoldRope06.nif
MineScaffoldFreeRopeEnd01_lightSNstock,000D3C41,Dungeons\Mines\Scaffolding\MineScaffoldFreeRopeEnd01.nif
MineRailTop1Sided01ice,000D43A0,Dungeons\Mines\Scaffolding\MineRailTop1Sided01.nif
NobleTableSquare01,000D4A2C,Furniture\Noble\NobleTableSquare01.nif
NobleCrate04,000D4EE0,Furniture\Noble\NobleCrate04.nif
NobleCrate03,000D4EE1,Furniture\Noble\NobleCrate03.nif
RockCliff01Snow01_LightSN,000D5558,Landscape\Rocks\RockCliff01.nif
RockPileM01Snow01_LightSN,000D5573,Landscape\Rocks\RockPileM01.nif
NorBookPedestal_Snow,000D55DB,Furniture\Nordic\RuinsBookPedestal.nif
CaveGLHall1Way128U01FalmerCustom01,000D56E1,Dungeons\Caves\Green\LargeHall\CaveGLHall1Way128U01.nif
CaveGLHall1Way128R01FalmerLight,000D56E2,Dungeons\Caves\Green\LargeHall\CaveGLHall1Way128R01.nif
CaveGRoomDoorB03FalmerLight,000D56F4,Dungeons\Caves\Green\SmallRoom\CaveGRoomDoorB03.nif
CaveGRoomCorner03FalmerLight,000D56F7,Dungeons\Caves\Green\SmallRoom\CaveGRoomCorner03.nif
CaveGRoomCorner04FalmerLight,000D56F8,Dungeons\Caves\Green\SmallRoom\CaveGRoomCorner04.nif
CaveGRoomDoor03FalmerLight,000D56FA,Dungeons\Caves\Green\SmallRoom\CaveGRoomDoor03.nif
CaveGRoomInCorner02FalmerLight,000D56FB,Dungeons\Caves\Green\SmallRoom\CaveGRoomInCorner02.nif
CaveGRoomDoorB04FalmerLight,000D56FC,Dungeons\Caves\Green\SmallRoom\CaveGRoomDoorB04.nif
CrateSmallLong03WeatheredSnow,000D5712,Clutter\Common\CrateSmallLong03.nif
CrateSmall03WeatheredSnow,000D5713,Clutter\Common\CrateSmall03.nif
CrateSmall04WeatheredSnow,000D5714,Clutter\Common\CrateSmall04.nif
CrateSmallLong01WeatheredSnow,000D5715,Clutter\Common\CrateSmallLong01.nif
dunMossMotherMound,000D572E,Dungeons\Caves\Green\DirtMound\CaveGDirtMound03.nif
NobleEndTable02,000D5ACE,Furniture\Noble\NobleEndTable02.nif
NobleEndTable01,000D5ACF,Furniture\Noble\NobleEndTable01.nif
NobleEndTable03,000D5AD0,Furniture\Noble\NobleEndTable03.nif
NobleEndTable04,000D5AD1,Furniture\Noble\NobleEndTable04.nif
SMdDWalKitchen01,000D6A1E,Architecture\Solitude\Interiors\SMdDWalKitchen01.nif
SMdEtoD02,000D6A26,Architecture\Solitude\Interiors\SMdEtoD02.nif
WRIntCastleRoofSupportBeam02NubDouble,000D6B94,Architecture\WhiteRun\WRInteriors\WRCastle\WRIntCastleRoofSupportBeam02NubDouble.nif
WRIntCastleFreePillar01MidEndNubs,000D6B9C,Architecture\WhiteRun\WRInteriors\WRCastle\WRIntCastleFreePillar01MidEndNubs.nif
WRIntCastleWtoSCapStr02,000D6BA7,Architecture\WhiteRun\WRInteriors\WRCastle\WRIntCastleWtoSCapStr02.nif
WRIntCastleWallBaseStrDouble01Ext,000D6BAE,Architecture\WhiteRun\WRInteriors\WRCastle\WRIntCastleWallBaseStrDouble01Ext.nif
WRIntCastleRoofFlatStr01Quad,000D6BB1,Architecture\WhiteRun\WRInteriors\WRCastle\WRIntCastleRoofFlatStr01Quad.nif
WRIntCastleWallStr01Double,000D6BB2,Architecture\WhiteRun\WRInteriors\WRCastle\WRIntCastleWallStr01Double.nif
WRIntCastleCeilingStoneOpen013cap,000D6BB3,Architecture\WhiteRun\WRInteriors\WRCastle\WRIntCastleCeilingStoneOpen013cap.nif
WRIntCastleCeilingStoneOpen012cap,000D6BB4,Architecture\WhiteRun\WRInteriors\WRCastle\WRIntCastleCeilingStoneOpen012cap.nif
WRIntCastleWallDoubleHighExStr01Quad,000D6BB6,Architecture\WhiteRun\WRInteriors\WRCastle\WRIntCastleWallDoubleHighExStr01Quad.nif
ImpExtHelgenWall03,000D6C21,Dungeons\Imperial\ExteriorHelgen\ImpExtHelgenWall03.nif
ImpExtHelgenWall04,000D6C22,Dungeons\Imperial\ExteriorHelgen\ImpExtHelgenWall04.nif
ImpExtHelgenWall05,000D6C23,Dungeons\Imperial\ExteriorHelgen\ImpExtHelgenWall05.nif
ImpExtHelgenWallDivider01,000D6C24,Dungeons\Imperial\ExteriorHelgen\ImpExtHelgenWallDivider01.nif
ImpExtHelgenWallGate01,000D6C25,Dungeons\Imperial\ExteriorHelgen\ImpExtHelgenWallGate01.nif
ImpExtHelgenWall01,000D6C26,Dungeons\Imperial\ExteriorHelgen\ImpExtHelgenWall01.nif
ImpExtHelgenWall02,000D6C27,Dungeons\Imperial\ExteriorHelgen\ImpExtHelgenWall02.nif
SMdEStaSol05,000D6CA5,Architecture\Solitude\Interiors\SMdEStaSol05.nif
SFirePlaceStack01,000D6D0E,Architecture\Solitude\Interiors\SFirePlaceStack01.nif
NobleDesk01,000D70EC,Furniture\Noble\NobleDesk01.nif
NobleDesk02,000D70ED,Furniture\Noble\NobleDesk02.nif
1stPersonDaedricBow,000D7533,Weapons\Daedric\DaedricBowSkinned.nif
RockAnimalDenDirt01,000D7957,Landscape\Rocks\RockAnimalDen01.nif
MiddenSummonCircle01,000D7BA1,Clutter\Midden\MiddenSummonCircle01.nif
KeyPegHolder01,000D7D50,Clutter\KeyPegHolder01.nif
ShrineBaseStatic,000D8277,Clutter\Shrines\ShrineBase.nif
BanditPole03,000D8396,Clutter\Bandit\BanditPole03.nif
BanditPole04,000D8397,Clutter\Bandit\BanditPole04.nif
BanditPole05,000D8398,Clutter\Bandit\BanditPole05.nif
BanditPole06,000D8399,Clutter\Bandit\BanditPole06.nif
BanditPole07,000D839A,Clutter\Bandit\BanditPole07.nif
BanditPole01,000D839B,Clutter\Bandit\BanditPole01.nif
BanditPole02,000D839C,Clutter\Bandit\BanditPole02.nif
NorDragonStatueMetal01Sulfur,000D85E9,Dungeons\Nordic\RuinsDragonStatueMetal01.nif
NorDragonStatueMetal02Sulfur,000D85EA,Dungeons\Nordic\RuinsDragonStatueMetal02.nif
NorTempleExteriorRibFree05Sulfur,000D85ED,Dungeons\Nordic\Exterior\NorTempleExteriorRibFree05.nif
NorDwelling04ExtBaseASulfur,000D85F0,Dungeons\Nordic\Exterior\Dwellings\NorDwelling04ExtBaseA.nif
NorExtRubblePile04Sulfur,000D85F2,Dungeons\Nordic\Exterior\Rubble\NorExtRubblePile04.nif
NorSculptureHead01Sulfur,000D85F7,Dungeons\Nordic\Clutter\NorSculptureHead01.nif
RuinsBrokenThrone01Sulfur,000D862D,Clutter\Ruins\RuinsFurnitureRubble13.nif
NorTempleExteriorRibFree06Sulfur,000D862F,Dungeons\Nordic\Exterior\NorTempleExteriorRibFree06.nif
NorExtRubblePile02Sulfur,000D8692,Dungeons\Nordic\Exterior\Rubble\NorExtRubblePile02.nif
NorTempleExteriorRibFree07Sulfur,000D8694,Dungeons\Nordic\Exterior\NorTempleExteriorRibFree07.nif
Slightpost01,000D8759,Architecture\Solitude\Clutter\Slightpost01.nif
SSmACeiCap01,000D8A19,Architecture\Solitude\Interiors\SSmACeiCap01.nif
dunMiddenDaedricReliquary01,000D8B94,Clutter\Daedric\DaedricReliquary\DaedricReliquary01.nif
ChoppingBlock01Bloody,000D8BC1,Furniture\HeadChoppingBlock.nif
EffigyofOlaf,000D8C73,Clutter\EffigyofKingOlaf\EffigyofOlaf.nif
EffigyofOlafBurnt,000D8C74,Clutter\EffigyofKingOlaf\EffigyofOlafBurnt.nif
RoadSignShorsStone01L,000D8D99,Clutter\Signage\RoadSigns\RoadSignShorsStone01L.nif
RoadSignShorsStone01R,000D8D9A,Clutter\Signage\RoadSigns\RoadSignShorsStone01R.nif
RoadSignFalkreath01L,000D8D9B,Clutter\Signage\RoadSigns\RoadSignFalkreath01L.nif
RoadSignFalkreath01R,000D8D9C,Clutter\Signage\RoadSigns\RoadSignFalkreath01R.nif
RoadSignIvarstead01L,000D8D9D,Clutter\Signage\RoadSigns\RoadSignIvarstead01L.nif
RoadSignIvarstead01R,000D8D9E,Clutter\Signage\RoadSigns\RoadSignIvarstead01R.nif
RoadSignDragonBridge01R,000D8DA0,Clutter\Signage\RoadSigns\RoadSignDragonBridge01R.nif
RoadSignDragonBridge01L,000D8DA1,Clutter\Signage\RoadSigns\RoadSignDragonBridge01L.nif
RoadSignRorikstead01R,000D8DA2,Clutter\Signage\RoadSigns\RoadSignRorikstead01R.nif
RoadSignRorikstead01L,000D8DA3,Clutter\Signage\RoadSigns\RoadSignRorikstead01L.nif
RoadSignWinterhold01R,000D8DA4,Clutter\Signage\RoadSigns\RoadSignWinterhold01R.nif
RoadSignWinterhold01L,000D8DA5,Clutter\Signage\RoadSigns\RoadSignWinterhold01L.nif
RoadSignMorthal01R,000D8DA6,Clutter\Signage\RoadSigns\RoadSignMorthal01R.nif
RoadSignMorthal01L,000D8DA7,Clutter\Signage\RoadSigns\RoadSignMorthal01L.nif
RoadSignKarthwasten01R,000D8DA8,Clutter\Signage\RoadSigns\RoadSignKarthwasten01R.nif
RoadSignKarthwasten01L,000D8DA9,Clutter\Signage\RoadSigns\RoadSignKarthwasten01L.nif
RoadSignDawnstar01R,000D8DAA,Clutter\Signage\RoadSigns\RoadSignDawnstar01R.nif
RoadSignDawnstar01L,000D8DAB,Clutter\Signage\RoadSigns\RoadSignDawnstar01L.nif
TGCrownStand,000D921E,Clutter\Quest\BarenziahsStand.nif
WallMountedGoat01,000D9276,Clutter\DeadAnimals\WallMountedGoat01.nif
WallMountedHorker01,000D927D,Clutter\DeadAnimals\WallMountedHorker01.nif
WallMountedBear03,000D927F,Clutter\DeadAnimals\WallMountedBear03.nif
WallMountedBear02,000D9281,Clutter\DeadAnimals\WallMountedBear02.nif
WallMountedBear01,000D9282,Clutter\DeadAnimals\WallMountedBear01.nif
WallMountedMudcrab01,000D9285,Clutter\DeadAnimals\WallMountedMudcrab01.nif
WallMountedSkeever01,000D9287,Clutter\DeadAnimals\WallMountedSkeever01.nif
WallMountedWolf01,000D9288,Clutter\DeadAnimals\WallMountedWolf01.nif
WallMountedWolf02,000D9289,Clutter\DeadAnimals\WallMountedWolf02.nif
WallMountedSabreCat01,000D928D,Clutter\DeadAnimals\WallMountedSabreCat01.nif
WallMountedSabreCat02,000D928F,Clutter\DeadAnimals\WallMountedSabreCat02.nif
RockPileM02FrozenMarshDirtSlope01,000D92A7,Landscape\Rocks\RockPileM02.nif
RockPileS04FrozenMarshDirtSlope01,000D92A9,Landscape\Rocks\RockPileS04.nif
BurialCairnStatic01LDirt02,000D9304,Clutter\BurialCairn\BurialCairn01.nif
BurialCairnStatic02LDirt02,000D9305,Clutter\BurialCairn\BurialCairn02.nif
BurialCairnStatic03LDirt02,000D9306,Clutter\BurialCairn\BurialCairn03.nif
DweFacadeTowerSpacer01NoStep,000D9314,Dungeons\Dwemer\Facades\DweFacadeTowerSpacer01NoStep.nif
DweFacadeTowerSpacer01NoStepSnow,000D9315,Dungeons\Dwemer\Facades\DweFacadeTowerSpacer01NoStep.nif
RockPileL01_LightMoss,000D93B4,Landscape\Rocks\RockPileL01.nif
RockCliff08TundraRocks01,000D97E9,Landscape\Rocks\RockCliff08.nif
dunMiddenRingStatic02,000DA736,Clutter\Daedric\DaedricReliquary\DaedricReliquaryBand03.nif
dunMiddenRingStatic01,000DA737,Clutter\Daedric\DaedricReliquary\DaedricReliquaryBand04.nif
dunMiddenRingStatic04,000DA738,Clutter\Daedric\DaedricReliquary\DaedricReliquaryBand01.nif
dunMiddenRingStatic03,000DA739,Clutter\Daedric\DaedricReliquary\DaedricReliquaryBand02.nif
SovCandleStick03Static,000DAB89,Clutter\Sovngarde\SovCandleStick03Static.nif
SovCandleStick02Static,000DAB8A,Clutter\Sovngarde\SovCandleStick02Static.nif
SovCandleStick01Static,000DAB8B,Clutter\Sovngarde\SovCandleStick01Static.nif
WRIntCHStr02Display01,000DAB8D,Architecture\WhiteRun\WRInteriors\WRJorvaskr\WRIntCHStr02Display01.nif
YsgramorsBladePiece04Mounted,000DAB8F,Clutter\YsgramorsBladePiece\YsgramorsBladePiece04Mounted.nif
YsgramorsBladePiece05Mounted,000DAB90,Clutter\YsgramorsBladePiece\YsgramorsBladePiece05Mounted.nif
YsgramorsBladePiece06Mounted,000DAB91,Clutter\YsgramorsBladePiece\YsgramorsBladePiece06Mounted.nif
YsgramorsBladePiece07Mounted,000DAB92,Clutter\YsgramorsBladePiece\YsgramorsBladePiece07Mounted.nif
YsgramorsBladePiece08Mounted,000DAB93,Clutter\YsgramorsBladePiece\YsgramorsBladePiece08Mounted.nif
YsgramorsBladePiece09Mounted,000DAB94,Clutter\YsgramorsBladePiece\YsgramorsBladePiece09Mounted.nif
YsgramorsBladePiece10Mounted,000DAB95,Clutter\YsgramorsBladePiece\YsgramorsBladePiece10Mounted.nif
YsgramorsBladePiece11Mounted,000DAB96,Clutter\YsgramorsBladePiece\YsgramorsBladePiece11Mounted.nif
YsgramorsBladePiece12Mounted,000DAB97,Clutter\YsgramorsBladePiece\YsgramorsBladePiece12Mounted.nif
YsgramorsBladePiece01Mounted,000DAB98,Clutter\YsgramorsBladePiece\YsgramorsBladePiece01Mounted.nif
YsgramorsBladePiece02Mounted,000DAB99,Clutter\YsgramorsBladePiece\YsgramorsBladePiece02Mounted.nif
YsgramorsBladePiece03Mounted,000DAB9A,Clutter\YsgramorsBladePiece\YsgramorsBladePiece03Mounted.nif
VolcanicSteamPool01Sulfur,000DADE2,Landscape\Volcanic\VolcanicSteamPool01.nif
CommonCrate01,000DAE80,Clutter\Common\CommonCrate01.nif
CommonCrate02,000DAE82,Clutter\Common\CommonCrate02.nif
Farmhouse06Destroyed02Snow,000DAEE0,Architecture\Farmhouse\Farmhouse06Destroyed02.nif
Farmhouse05Destroyed02Snow,000DAEE1,Architecture\Farmhouse\Farmhouse05Destroyed02.nif
Farmhouse06Destroyed01Snow,000DAEE2,Architecture\Farmhouse\Farmhouse06Destroyed01.nif
Farmhouse05Destroyed01Snow,000DAEE3,Architecture\Farmhouse\Farmhouse05Destroyed01.nif
Farmhouse02WalkwaySnow,000DAF9F,Architecture\Farmhouse\Farmhouse02Walkway.nif
Farmhouse01WalkwaySnow,000DAFA0,Architecture\Farmhouse\Farmhouse01Walkway.nif
MountainTrim03Dirt01,000DB65F,Landscape\Mountains\MountainTrim03.nif
RockPileS04Dirt01,000DB661,Landscape\Rocks\RockPileS04.nif
RockPileL04Dirt01,000DB67F,Landscape\Rocks\RockPileL04.nif
BlackreachTinyMushroom02Dirt01,000DB684,Clutter\Blackreach\BlackreachTinyMushroom02.nif
BlackreachEpicMushroom01,000DB9CE,Clutter\Blackreach\BlackreachEpicMushroom01.nif
BlackreachSun01,000DB9D6,Clutter\Blackreach\BlackreachSun01.nif
RuinsPuzzlePillarBaseSnow,000DBF44,Clutter\Ruins\RuinsPuzzlePillarBase01.nif
CaveGHall1Way01cIce,000DBFEF,Dungeons\Caves\Green\SmallHall\CaveGHall1Way01c.nif
CaveGLRoomDoorLB02Ice,000DBFF3,Dungeons\Caves\Green\LargeRoom\CaveGLRoomDoorLB02.nif
NorBridgeMid03Ice,000DBFF4,Dungeons\Nordic\Bridges\NorBridgeMid03.nif
MineScaffoldTop0Sided01iceLt,000DBFF5,Dungeons\Mines\Scaffolding\MineScaffoldTop0Sided01.nif
DweFacadeTowerRoof01SnowHeavy,000DC850,Dungeons\Dwemer\Facades\DweFacadeTowerRoof01.nif
DweFacadeTowerRoof02SnowHeavy,000DC851,Dungeons\Dwemer\Facades\DweFacadeTowerRoof02.nif
WRIntCastleWallStrChimney01,000DCB51,Architecture\WhiteRun\WRInteriors\WRCastle\WRIntCastleWallStrChimney01.nif
WRIntCastleWallCor01DoorL,000DCB99,Architecture\WhiteRun\WRInteriors\WRCastle\WRIntCastleWallCor01DoorL.nif
WRDunIntStairsDown01,000DCBB5,Architecture\WhiteRun\WRInteriors\WRDungeon\WRDunIntStairsDown01.nif
WRIntCastleFloorFirePit01,000DCC1D,Architecture\WhiteRun\WRInteriors\WRCastle\WRIntCastleFloorFirePit01.nif
WRIntCastleRoofSupportBeamWing01,000DCC3B,Architecture\WhiteRun\WRInteriors\WRCastle\WRIntCastleRoofSupportBeamWing01.nif
WRIntCastleRoofSupportBeamWing02,000DCC9D,Architecture\WhiteRun\WRInteriors\WRCastle\WRIntCastleRoofSupportBeamWing02.nif
WRIntCastleHerbRack01,000DCCA1,Architecture\WhiteRun\WRInteriors\WRCastle\WRIntCastleHerbRack01.nif
WRTempIntPromArchNub01,000DCD2E,Architecture\WhiteRun\WRInteriors\WRTemple\WRTempIntPromArchNub01.nif
WRIntCastleRoofSupportBeam02Str,000DCD43,Architecture\WhiteRun\WRInteriors\WRCastle\WRIntCastleRoofSupportBeam02Str.nif
WRIntCastleRoofSupportBeam02Nub,000DCD67,Architecture\WhiteRun\WRInteriors\WRCastle\WRIntCastleRoofSupportBeam02Nub.nif
WRWallStr01Stockades02,000DCD68,Architecture\WhiteRun\WRCityWalls\WRWallStr01Stockades02.nif
WRWallStr01Stockades03,000DCD6A,Architecture\WhiteRun\WRCityWalls\WRWallStr01Stockades03.nif
WRIntCastleFreePillar01Top,000DCDAA,Architecture\WhiteRun\WRInteriors\WRCastle\WRIntCastleFreePillar01Top.nif
WRIntCastleFreePillar01Mid,000DCDAB,Architecture\WhiteRun\WRInteriors\WRCastle\WRIntCastleFreePillar01Mid.nif
SMdERofCon04,000DD46B,Architecture\Solitude\Interiors\SMdERofCon04.nif
SMdEFireplace01,000DD47A,Architecture\Solitude\Interiors\SMdEFireplace01.nif
SMdEWalJail01,000DD4D1,Architecture\Solitude\Interiors\SMdEWalJail01.nif
WallMountedElkMale02,000DD9E0,Clutter\DeadAnimals\WallMountedElkMale02.nif
WallMountedElkFemale02,000DD9E1,Clutter\DeadAnimals\WallMountedElkFemale02.nif
SMdEWalHaf02,000DE367,Architecture\Solitude\Interiors\SMdEWalHaf02.nif
HHFurnitureTable02,000DED95,Furniture\HighHrothgar\HHFurnitureTable02.nif
WRCastleRugAEndR,000DEDCC,Architecture\WhiteRun\WRClutter\WRCastleRugAEndR.nif
WRCastleRugAEndL,000DEDCD,Architecture\WhiteRun\WRClutter\WRCastleRugAEndL.nif
WRCastleRugAMid01,000DEDCE,Architecture\WhiteRun\WRClutter\WRCastleRugAMid01.nif
WRCastleRugBMid01,000DEDD6,Architecture\WhiteRun\WRClutter\WRCastleRugBMid01.nif
WRCastleRugBEndR,000DEDD7,Architecture\WhiteRun\WRClutter\WRCastleRugBEndR.nif
WRCastleRugBEndL,000DEDD8,Architecture\WhiteRun\WRClutter\WRCastleRugBEndL.nif
WRCastleRugCMid01,000DEDDC,Architecture\WhiteRun\WRClutter\WRCastleRugCMid01.nif
WRCastleRugCEndR,000DEDDD,Architecture\WhiteRun\WRClutter\WRCastleRugCEndR.nif
WRCastleRugCEndL,000DEDDE,Architecture\WhiteRun\WRClutter\WRCastleRugCEndL.nif
WRCastleRugDEndL,000DEDF4,Architecture\WhiteRun\WRClutter\WRCastleRugDEndL.nif
WRCastleRugDMid01,000DEDF5,Architecture\WhiteRun\WRClutter\WRCastleRugDMid01.nif
WRCastleRugDEndR,000DEDF6,Architecture\WhiteRun\WRClutter\WRCastleRugDEndR.nif
WRCastleRugDFree01,000DEE0F,Architecture\WhiteRun\WRClutter\WRCastleRugDFree01.nif
WRCastleRugCFree01,000DEE11,Architecture\WhiteRun\WRClutter\WRCastleRugCFree01.nif
NobleTableLong03ClothWR01,000DEE13,Architecture\WhiteRun\WRClutter\NobleTableLong03ClothWR01.nif
NobleTableSquare01ClothWR01,000DEE3C,Architecture\WhiteRun\WRClutter\NobleTableSquare01ClothWR01.nif
CWTowerWall01,000DEEC6,Architecture\Solitude\CWTowerWall01.nif
WHlandfront3,000DEEE9,Architecture\Windhelm\WHlandfront3.nif
WHlandfront4,000DEEEA,Architecture\Windhelm\WHlandfront4.nif
WHprisonwall01,000DEF02,Architecture\Windhelm\WHprisonwall01.nif
WHprisonwall02,000DEF1F,Architecture\Windhelm\WHprisonwall02.nif
MrkCryptDouble01,000DEF3A,Dungeons\Dwemer\Clutter\MrkCryptDouble01.nif
WHprisonwall03,000DF0E0,Architecture\Windhelm\WHprisonwall03.nif
WHprisonwall04,000DF0E3,Architecture\Windhelm\WHprisonwall04.nif
WHprisonwall05,000DF0E5,Architecture\Windhelm\WHprisonwall05.nif
WHprisonwall06,000DF0EF,Architecture\Windhelm\WHprisonwall06.nif
WHprisonwall07,000DF0F0,Architecture\Windhelm\WHprisonwall07.nif
WHouterwallstatue01,000DF12E,Architecture\Windhelm\WHouterwallstatue01.nif
WHstonetops,000DF134,Architecture\Windhelm\WHstonetops.nif
PickAxeStatic,000DF1DC,Clutter\Common\PickAxe01.nif
CommonShelf04Open,000DF47B,Clutter\Common\CommonShelf04Open.nif
WHIntPartitionSecretDoor01,000DF5A1,Architecture\Windhelm\InteriorKits\WHIntPartitionSecretDoor01.nif
RockPileS02PineForest03,000DF90B,Landscape\Rocks\RockPileS02.nif
WHprisonwallcap01,000DF96A,Architecture\Windhelm\WHprisonwallcap01.nif
DirtCliffsIsland01Dirt02,000DFA3A,Landscape\DirtCliffs\DirtCliffsIsland01.nif
RTKeepFirePit01,000DFB41,Architecture\Riften\RTKeepFirePit01.nif
FarmIntWoodDoorway01,000DFC11,Architecture\Farmhouse\Interior\FarmIntWoodDoorway01.nif
FarmIntWoodEnd01,000DFC12,Architecture\Farmhouse\Interior\FarmIntWoodEnd01.nif
FarmIntWoodEnd02,000DFC13,Architecture\Farmhouse\Interior\FarmIntWoodEnd02.nif
FarmIntWoodWall01,000DFC14,Architecture\Farmhouse\Interior\FarmIntWoodWall01.nif
FarmInnDestroyed01,000E0048,Architecture\Farmhouse\InnDestroyed01.nif
RockCaveEntrance01FallForestDirt01,000E0BA5,Landscape\Rocks\RockCaveEntrance01.nif
MS06PotemaBorder,000E0DDC,Dungeons\Nordic\PotemaBorder.nif
SMdCFirePlace01,000E0E95,Architecture\Solitude\Interiors\SMdCFirePlace01.nif
SMdBWallInt02,000E0EAA,Architecture\Solitude\Interiors\SMdBWallInt02.nif
NorDwelling03ExtPylons01SnowHeavy,000E0F64,Dungeons\Nordic\Exterior\Dwellings\NorDwelling03ExtPylons01.nif
CommonTableLow01,000E25DB,Clutter\Common\CommonTableLow01.nif
CommonTableLow02,000E25DC,Clutter\Common\CommonTableLow02.nif
CommonTable02,000E2604,Clutter\Common\CommonTable02.nif
CommonShelf05,000E2626,Clutter\Common\CommonShelf05.nif
WRIntCastleWallDoubleHighExDoor04,000E27F8,Architecture\WhiteRun\WRInteriors\WRCastle\WRIntCastleWallDoubleHighExDoor04.nif
WRIntCastleWallDoubleHighExDoorTransB,000E2863,Architecture\WhiteRun\WRInteriors\WRCastle\WRIntCastleWallDoubleHighExDoorTransB.nif
WRDunIntArch768R,000E28F1,Architecture\WhiteRun\WRInteriors\WRDungeon\WRDunIntArch768R.nif
WRDunIntArch768L,000E28F2,Architecture\WhiteRun\WRInteriors\WRDungeon\WRDunIntArch768L.nif
WRDunIntArch768CapR,000E28F3,Architecture\WhiteRun\WRInteriors\WRDungeon\WRDunIntArch768CapR.nif
WRDunIntArch768CapL,000E28F4,Architecture\WhiteRun\WRInteriors\WRDungeon\WRDunIntArch768CapL.nif
NobleTableLong01ClothWR01,000E29F4,Architecture\WhiteRun\WRClutter\NobleTableLong01ClothWR01.nif
WRIntCastleWallStrWin01Drapery01,000E29F6,Architecture\WhiteRun\WRClutter\WRIntCastleWallStrWin01Drapery01.nif
WRIntCastleWallStrWin01Drapery02,000E2A1E,Architecture\WhiteRun\WRClutter\WRIntCastleWallStrWin01Drapery02.nif
WRIntCastleWallTallFreeStr01Top,000E2B00,Architecture\WhiteRun\WRInteriors\WRCastle\WRIntCastleWallTallFreeStr01Top.nif
WHstables,000E2BCC,Architecture\Windhelm\WHstables.nif
Whstables02,000E2C09,Architecture\Windhelm\Whstables02.nif
MountainTrim03Dirt02,000E2C13,Landscape\Mountains\MountainTrim03.nif
1stPersonStaffofMagnus,000E2FC9,Weapons\StaffofMagnus\1stPersonStaffofMagnus.nif
RockPileL04CoastOceanFloor01,000E36E5,Landscape\Rocks\RockPileL04.nif
RockPileM02CoastOceanFloor01,000E36EE,Landscape\Rocks\RockPileM02.nif
MountainTrim01CoastOceanFloor01,000E370D,Landscape\Mountains\MountainTrim01.nif
RockPileM03CoastBeach01,000E3734,Landscape\Rocks\RockPileM03.nif
DragonBridge01,000E37A7,Dungeons\Nordic\Exterior\DragonBridge01.nif
1stPersonAxeofYsgramor,000E37A9,Weapons\AxeofYsgramor\1stPersonAxeofYsgramor.nif
1stPersonPickAxe02,000E3C14,Weapons\PickAxe\1stPersonPickAxe02.nif
SMdERope02,000E3E22,Architecture\Solitude\Clutter\SMdERope02.nif
SMdERope01,000E3E23,Architecture\Solitude\Clutter\SMdERope01.nif
SMdERope03,000E3E28,Architecture\Solitude\Clutter\SMdERope03.nif
RockShelf01_HeavySN,000E3EB7,Landscape\Rocks\RockShelf01.nif
WRIntFloorSTMid03,000E3ECF,Architecture\WhiteRun\WRInteriors\WRIntFloorSTMid03.nif
WRCastleRugEFree01,000E3ED0,Architecture\WhiteRun\WRClutter\WRCastleRugEFree01.nif
WRCastleRugEEndL,000E3ED1,Architecture\WhiteRun\WRClutter\WRCastleRugEEndL.nif
WRCastleRugEMid01,000E3ED2,Architecture\WhiteRun\WRClutter\WRCastleRugEMid01.nif
WRCastleRugEEndR,000E3ED3,Architecture\WhiteRun\WRClutter\WRCastleRugEEndR.nif
WRIntCastleWallStrWin01Drapery01A,000E3EE6,Architecture\WhiteRun\WRClutter\WRIntCastleWallStrWin01Drapery01A.nif
WRIntCastleWallStrWin01Drapery02A,000E3EE7,Architecture\WhiteRun\WRClutter\WRIntCastleWallStrWin01Drapery02A.nif
WRIntWallHallofDeadRoof02,000E3EF7,Architecture\WhiteRun\WRInteriors\WRDungeon\WRIntWallHallofDeadRoof02.nif
WRIntWallHallofDeadRoof02Tran,000E3EF9,Architecture\WhiteRun\WRInteriors\WRDungeon\WRIntWallHallofDeadRoof02Tran.nif
WRIntWallHallofDeadRoof01Tran,000E3EFD,Architecture\WhiteRun\WRInteriors\WRDungeon\WRIntWallHallofDeadRoof01Tran.nif
WRDunIntHallofDeadColMid,000E3EFF,Architecture\WhiteRun\WRInteriors\WRDungeon\WRDunIntHallofDeadColMid.nif
StatueMara01,000E3FC7,Clutter\Statues\StatueMara01.nif
RiftenTempleofMaraBowl01,000E3FF4,Architecture\Riften\Clutter\RiftenTempleofMaraBowl01.nif
RuinsLinenSheet02Snow,000E410E,Clutter\Ruins\RuinsLinenSheet02.nif
DweRmSmWallExBgHalf01a,000E41B9,Dungeons\Dwemer\SmRooms\DweRmSmWallExBgHalf01a.nif
DwePlatBgStairMid02a,000E41BA,Dungeons\Dwemer\Platforms\DwePlatBgStairMid02a.nif
BurntRubbleNoDirt06,000E41DB,Clutter\Helgen\BurntRubbleNoDirt06.nif
BurntRubbleNoDirt07,000E41DC,Clutter\Helgen\BurntRubbleNoDirt07.nif
WRDunIntStr01DoubleHighDoorTran01,000E4245,Architecture\WhiteRun\WRInteriors\WRDungeon\WRDunIntStr01DoubleHighDoorTran01.nif
RockPileM02CoastBeachGrass01,000E45EF,Landscape\Rocks\RockPileM02.nif
RockPileS04CoastBeachGrass01,000E45F2,Landscape\Rocks\RockPileS04.nif
1stPersonKeening,000E49B8,Weapons\Keening\1stPersonKeening.nif
RockPileM01CoastBeachGrass01,000E4A95,Landscape\Rocks\RockPileM01.nif
RockPileM03CoastBeachGrass01,000E4AA1,Landscape\Rocks\RockPileM03.nif
WRIntBeam768L,000E4C7B,Architecture\WhiteRun\WRInteriors\WRIntBeam768L.nif
WRIntBeam768Mid,000E4C7C,Architecture\WhiteRun\WRInteriors\WRIntBeam768Mid.nif
WRIntBeam768R,000E4C7D,Architecture\WhiteRun\WRInteriors\WRIntBeam768R.nif
RockCliff02CoastOceanFloor01,000E4E73,Landscape\Rocks\RockCliff02.nif
RockPileS04RiverMud01,000E4EA0,Landscape\Rocks\RockPileS04.nif
RTBannerAnchor01,000E60FD,Architecture\Riften\Clutter\RTBannerAnchor01.nif
CaveIDirtMound01snow,000E6456,Dungeons\Caves\Ice\DirtMound\CaveIDirtMound01.nif
ImpExtIceRubble01_NoIce,000E6472,Dungeons\Imperial\ExteriorIce\ImpExtIceRubble01.nif
ImpExtIceTower03_NoIce,000E6473,Dungeons\Imperial\ExteriorIce\ImpExtIceTower03.nif
ImpExtIceRubble02_NoIce,000E6475,Dungeons\Imperial\ExteriorIce\ImpExtIceRubble02.nif
ImpExtIceRubble03_NoIce,000E6476,Dungeons\Imperial\ExteriorIce\ImpExtIceRubble03.nif
ImpExtIceRubble04_NoIce,000E6477,Dungeons\Imperial\ExteriorIce\ImpExtIceRubble04.nif
ImpExtIceRubble05_NoIce,000E6478,Dungeons\Imperial\ExteriorIce\ImpExtIceRubble05.nif
ImpExtIceRubble06_NoIce,000E6479,Dungeons\Imperial\ExteriorIce\ImpExtIceRubble06.nif
Strellis01nif,000E64E6,Architecture\Solitude\Clutter\Strellis01.nif
CaveIFHallEntrance01,000E6539,Dungeons\Caves\Ice\LargeHall\CaveIFHallEntrance01.nif
Walkway02Snow,000E6D7A,Architecture\Farmhouse\Walkway\Walkway02.nif
MountainTrim03Rocks01,000E6E23,Landscape\Mountains\MountainTrim03.nif
DweChandelier01SimpleOn,000E72C6,Dungeons\Dwemer\DweChandelier01SimpleOn.nif
DweChandelier02On,000E72C7,Dungeons\Dwemer\DweChandelier02On.nif
DweFloorLanternOn,000E72C8,Dungeons\Dwemer\DweFloorLanternOn.nif
DweWallSconce01On,000E72C9,Dungeons\Dwemer\DweWallSconce01On.nif
DweWallSconce02On,000E72CA,Dungeons\Dwemer\DweWallSconce02On.nif
DweWallSconceSmall01On,000E72CB,Dungeons\Dwemer\DweWallSconceSmall01On.nif
DweWallSconceSmall02On,000E72CC,Dungeons\Dwemer\DweWallSconceSmall02On.nif
NocturnalAltar01,000E72F6,Clutter\Nocturnal\NocturnalAltar01.nif
SNineDivineCourt,000E73A3,Architecture\Solitude\SNineDivineCourt.nif
SCastleWall06,000E73A5,Architecture\Solitude\SCastleWall06.nif
DweFarm02Ext,000E7417,Dungeons\Dwemer\Clutter\DweFarm02Ext.nif
ShipKatariahWoodStairs03,000E74F1,Dungeons\Ship\Katariah\ShipKatariahWoodStairs03.nif
ShipKatariahWoodStairs04,000E74F2,Dungeons\Ship\Katariah\ShipKatariahWoodStairs04.nif
ShipKatariahWoodStairs01,000E74F3,Dungeons\Ship\Katariah\ShipKatariahWoodStairs01.nif
ShipKatariahWoodStairs02,000E74F4,Dungeons\Ship\Katariah\ShipKatariahWoodStairs02.nif
WRPlainsDistrictTerrainLOD,000E751A,Architecture\WhiteRun\WRTerrain\WRPlainsDistrictTerrainLOD.nif
FrozenMarshIceFloeFrostS02,000E758B,Landscape\Ice\FrozenMarshIceFloeFrostS02.nif
FrozenMarshIceFloeFrostS03,000E758C,Landscape\Ice\FrozenMarshIceFloeFrostS03.nif
FrozenMarshIceFloeL01,000E758D,Landscape\Ice\FrozenMarshIceFloeL01.nif
FrozenMarshIceFloeM01,000E758E,Landscape\Ice\FrozenMarshIceFloeM01.nif
FrozenMarshIceFloeS01,000E758F,Landscape\Ice\FrozenMarshIceFloeS01.nif
FrozenMarshIceFloeS02,000E7590,Landscape\Ice\FrozenMarshIceFloeS02.nif
FrozenMarshIceFloeChunkS01,000E7591,Landscape\Ice\FrozenMarshIceFloeChunkS01.nif
FrozenMarshIceFloeChunkS02,000E7592,Landscape\Ice\FrozenMarshIceFloeChunkS02.nif
FrozenMarshIceFloeChunkS03,000E7593,Landscape\Ice\FrozenMarshIceFloeChunkS03.nif
FrozenMarshIceFloeFrostS01,000E7594,Landscape\Ice\FrozenMarshIceFloeFrostS01.nif
FrozenMarshIceLandBrokenL01,000E75EC,Landscape\Ice\FrozenMarshIceLandBrokenL01.nif
DweChandelier01On,000E769A,Dungeons\Dwemer\DweChandelier01On.nif
DweChandelier01BareOn,000E769B,Dungeons\Dwemer\DweChandelier01BareOn.nif
DweFarm01Ext,000E76E7,Dungeons\Dwemer\Clutter\DweFarm01Ext.nif
DweWallSconceSmall02OnSputter,000E7AFC,Dungeons\Dwemer\DweWallSconceSmall02OnSputter.nif
WRCloudDistrictTerrainLOD,000E7B04,Architecture\WhiteRun\WRTerrain\WRCloudDistrictTerrainLOD.nif
DweWallSconceSmall01OnSputter,000E7C2A,Dungeons\Dwemer\DweWallSconceSmall01OnSputter.nif
DweWallSconce02OnSputter,000E7C2B,Dungeons\Dwemer\DweWallSconce02OnSputter.nif
DweWallSconce01OnSputter,000E7C2C,Dungeons\Dwemer\DweWallSconce01OnSputter.nif
DweFloorLanternOnSputter,000E7C2D,Dungeons\Dwemer\DweFloorLanternOnSputter.nif
DweChandelier02OnSputter,000E7C2E,Dungeons\Dwemer\DweChandelier02OnSputter.nif
DweChandelier01OnSputter,000E7C2F,Dungeons\Dwemer\DweChandelier01OnSputter.nif
DweChandelier01BareOnSputter,000E7C30,Dungeons\Dwemer\DweChandelier01BareOnSputter.nif
DweChandelier01SimpleOnSputter,000E7C31,Dungeons\Dwemer\DweChandelier01SimpleOnSputter.nif
HagravenHouse01_snow,000E7C3A,Clutter\Hagraven\HagravenHouse01.nif
HagravenHouseBones01_snow,000E7C3C,Clutter\Hagraven\HagravenHouseBones01.nif
Campfire01LandOffRiverbedEdge01,000E7C9B,Clutter\WoodFires\Campfire01LandOff.nif
RTCanalLock01,000E8287,Architecture\Riften\RTCanalLock01.nif
HighPolySkyrimBook,000E894C,Clutter\Books\Book02\Character Assets\BookSkyrim01.nif
OrcChair01Static,000E8B2B,Furniture\OrcFurniture\OrcChair01.nif
BlackReachGiantFlame01,000E8C42,Clutter\Blackreach\BlackReachGiantFlame01.nif
CrateSmall03EECo,000E8E76,Clutter\Common\CrateSmall03EECo.nif
CrateSmall01EECo,000E8E79,Clutter\Common\CrateSmall01EECo.nif
CrateSmallLong04EECo,000E8E7E,Clutter\Common\CrateSmallLong04EECo.nif
CrateSmallLong01EECo,000E8E7F,Clutter\Common\CrateSmallLong01EECo.nif
WHlanddead4,000E8EB6,Architecture\Windhelm\WHlanddead4.nif
WHlanddead6,000E8EB7,Architecture\Windhelm\WHlanddead6.nif
WHlanddead7,000E8EB8,Architecture\Windhelm\WHlanddead7.nif
WHlanddead8,000E8EB9,Architecture\Windhelm\WHlanddead8.nif
WHlanddead9,000E8EBA,Architecture\Windhelm\WHlanddead9.nif
WHlanddead5,000E8EBB,Architecture\Windhelm\WHlanddead5.nif
WHDockRamp01,000E8EC4,Architecture\Windhelm\WHDockRamp01.nif
RockPileS02CoastOceanFloor01,000E8F58,Landscape\Rocks\RockPileS02.nif
RockPileS03CoastOceanFloor01,000E8FCD,Landscape\Rocks\RockPileS03.nif
RockPileS01CoastOceanFloor01,000E8FCE,Landscape\Rocks\RockPileS01.nif
RockPileL01CoastOceanFloor01,000E8FD3,Landscape\Rocks\RockPileL01.nif
MrkDocksideGallows04rock01,000E9313,Architecture\Markarth\MrkDocksideGallows04rock01.nif
MrkDocksideGallows04rock02,000E9314,Architecture\Markarth\MrkDocksideGallows04rock02.nif
MrkSignGeneralGoods,000E9319,Architecture\Markarth\MrkSignGeneralGoods.nif
MrkAlchemySign,000E9323,Architecture\Markarth\MrkAlchemySign.nif
SOVRugAEndR,000E9D1A,Architecture\Sovengarde\SovngardeInterior\SOVRugAEndR.nif
SOVRugAMid01,000E9D1B,Architecture\Sovengarde\SovngardeInterior\SOVRugAMid01.nif
SOVRugAEndL,000E9D1C,Architecture\Sovengarde\SovngardeInterior\SOVRugAEndL.nif
SOVRugDMid01,000E9D26,Architecture\Sovengarde\SovngardeInterior\SOVRugDMid01.nif
SOVRugDEndL,000E9D27,Architecture\Sovengarde\SovngardeInterior\SOVRugDEndL.nif
SOVRugDEndR,000E9D28,Architecture\Sovengarde\SovngardeInterior\SOVRugDEndR.nif
SovDrapery01,000E9D65,Architecture\Sovengarde\SovngardeInterior\SovDrapery01.nif
SovDrapery02,000E9D67,Architecture\Sovengarde\SovngardeInterior\SovDrapery02.nif
SOVTapestry01,000E9D70,Architecture\Sovengarde\SovngardeInterior\SOVTapestry01.nif
SOVRugCMid01,000E9D7C,Architecture\Sovengarde\SovngardeInterior\SOVRugCMid01.nif
SOVRugCEndL,000E9D7D,Architecture\Sovengarde\SovngardeInterior\SOVRugCEndL.nif
SOVRugCEndR,000E9D7E,Architecture\Sovengarde\SovngardeInterior\SOVRugCEndR.nif
SOVtableCloth5Wide,000E9D92,Architecture\Sovengarde\SovngardeInterior\SOVtableCloth5Wide.nif
SOVtableCloth4Wide,000E9D94,Architecture\Sovengarde\SovngardeInterior\SOVtableCloth4Wide.nif
FarmBWallTrapdoor01,000E9E06,Architecture\Farmhouse\Interior\Basement\FarmBWallTrapdoor01.nif
RockCairnEvil04Sulfur,000E9E61,Landscape\Rocks\Cairns\RockCairnEvil04.nif
ImpExtIceFloorChunk01noIce,000E9E96,Dungeons\Imperial\ExteriorIce\ImpExtIceFloorChunk01.nif
ImpExtIceTower03_NoIceSulfur,000E9E98,Dungeons\Imperial\ExteriorIce\ImpExtIceTower03.nif
ImpExtIceRubble02_NoIceSulfur,000E9E99,Dungeons\Imperial\ExteriorIce\ImpExtIceRubble02.nif
ImpExtIceRubble01_NoIceSulfur,000E9E9A,Dungeons\Imperial\ExteriorIce\ImpExtIceRubble01.nif
ImpExtIceWall05_NoIceSulfur,000E9E9B,Dungeons\Imperial\ExteriorIce\ImpExtIceWall05.nif
ImpExtIceBlocks03_NoIceSulfur,000E9E9C,Dungeons\Imperial\ExteriorIce\ImpExtIceBlocks03.nif
ImpExtIceBlocks05_NoIceSulfur,000E9E9D,Dungeons\Imperial\ExteriorIce\ImpExtIceBlocks05.nif
ImpExtIceRubble03_NoIceSulur,000E9E9E,Dungeons\Imperial\ExteriorIce\ImpExtIceRubble03.nif
ImpExtIceBridge01_NoIceSulfur,000E9E9F,Dungeons\Imperial\ExteriorIce\ImpExtIceBridge01.nif
ImpExtIceWall04_NoIceSulfur,000E9EA0,Dungeons\Imperial\ExteriorIce\ImpExtIceWall04.nif
ImpExtIceStairs03_NoIceSulfur,000E9EA1,Dungeons\Imperial\Exterior\ImpExtStairs03.nif
RockCairnEvil02Sulfur,000E9EA2,Landscape\Rocks\Cairns\RockCairnEvil02.nif
ImpExtIceBldgSecondCorner01_NoIceSulfur,000E9EA3,Dungeons\Imperial\ExteriorIce\ImpExtIceBldgSecondCorner01.nif
ImpExtIceStairs02_NoIceSulfur,000E9EA4,Dungeons\Imperial\ExteriorIce\ImpExtIceStairs02.nif
RockCairnEvil03Sulfur,000E9EA5,Landscape\Rocks\Cairns\RockCairnEvil03.nif
ImpExtIceArchSupport01_NoIceSulfur,000E9EA6,Dungeons\Imperial\ExteriorIce\ImpExtIceArchSupport01.nif
ImpExtIceBlocks06_NoIceSulfur,000E9EA7,Dungeons\Imperial\ExteriorIce\ImpExtIceBlocks06.nif
ImpExtIceRubble06_NoIceSulfur,000E9EA8,Dungeons\Imperial\ExteriorIce\ImpExtIceRubble06.nif
ImpExtIceStairs01_NoIceSulfur,000E9EA9,Dungeons\Imperial\ExteriorIce\ImpExtIceStairs01.nif
ImpExtIceWall01_NoIceSulfur,000E9EAA,Dungeons\Imperial\ExteriorIce\ImpExtIceWall01.nif
ImpExtIceRubble04_NoIceSulfur,000E9EAB,Dungeons\Imperial\ExteriorIce\ImpExtIceRubble04.nif
RockCairnEvil01Sulfur,000E9EAC,Landscape\Rocks\Cairns\RockCairnEvil01.nif
NorTentLargeSnow,000EA068,Architecture\Tents\LargeNordicTent01.nif
SignRTPost01,000EA627,Clutter\Signage\Riften\SignRTPost01.nif
FishingPoleCollection,000EA65B,Clutter\Common\FishingPoleCollection01.nif
PrisonerCarriageSTATIC,000EA687,Furniture\PrisonerCarriage\PrisonerCarriage01Static.nif
SignWHPost01,000EA697,Clutter\Signage\Windhelm\SignWHPost01.nif
Campfire01LandOffDirt01,000EA901,Clutter\WoodFires\Campfire01LandOff.nif
BurntRubble05Rocks01,000EA9D1,Clutter\Helgen\BurntRubble05.nif
BurntRubble01Rocks01,000EA9D2,Clutter\Helgen\BurntRubble01.nif
BurntRubble03Rocks01,000EA9D4,Clutter\Helgen\BurntRubble03.nif
BurntRubble02Rocks01,000EA9D5,Clutter\Helgen\BurntRubble02.nif
SLgCConSpacer02,000EAA1B,Architecture\Solitude\Interiors\SLgCConSpacer02.nif
SLgCConSpacer01,000EAA1C,Architecture\Solitude\Interiors\SLgCConSpacer01.nif
SLGCTraCon04,000EAA1E,Architecture\Solitude\Interiors\SLGCTraCon04.nif
VampireCoffinStatic01,000EAB1F,Clutter\Coffins\NordicCoffinStatic01.nif
VampireCoffinStatic02,000EAB20,Clutter\Coffins\NordicCoffinStatic02.nif
VampireCoffinStatic03,000EAB21,Clutter\Coffins\NordicCoffinStatic03.nif
VampireCoffinStatic04,000EAB22,Clutter\Coffins\NordicCoffinStatic04.nif
SOVStairsPiece01,000EAEE2,Architecture\Sovengarde\SOVStairsPiece01.nif
SOVStairsPieceStr01,000EAEE5,Architecture\Sovengarde\SOVStairsPieceStr01.nif
SOVStairsPieceStr02,000EAEE8,Architecture\Sovengarde\SOVStairsPieceStr02.nif
DweFacadeLiftXLColumn01,000EAF4A,Dungeons\Dwemer\Facades\Combined\DweFacadeLiftXLColumn01.nif
DweFacadeTower1x2,000EAF4B,Dungeons\Dwemer\Facades\Combined\DweFacadeTower1x2.nif
DweFacadeTower1x3,000EAFC1,Dungeons\Dwemer\Facades\Combined\DweFacadeTower1x3.nif
DweFacadeTower1x4,000EAFF8,Dungeons\Dwemer\Facades\Combined\DweFacadeTower1x4.nif
DweFacadeTower2x2,000EB017,Dungeons\Dwemer\Facades\Combined\DweFacadeTower2x2.nif
DweFacadeTower2x3,000EB018,Dungeons\Dwemer\Facades\Combined\DweFacadeTower2x3.nif
DweFacadeTower2x4,000EB01A,Dungeons\Dwemer\Facades\Combined\DweFacadeTower2x4.nif
DweFacadeTower3x2,000EB034,Dungeons\Dwemer\Facades\Combined\DweFacadeTower3x2.nif
DweFacadeTower3x3,000EB036,Dungeons\Dwemer\Facades\Combined\DweFacadeTower3x3.nif
DweFacadeTower3x4,000EB038,Dungeons\Dwemer\Facades\Combined\DweFacadeTower3x4.nif
DweFacadeTower4x2,000EB041,Dungeons\Dwemer\Facades\Combined\DweFacadeTower4x2.nif
DweFacadeTower4x3,000EB042,Dungeons\Dwemer\Facades\Combined\DweFacadeTower4x3.nif
DweFacadeTower4x4,000EB059,Dungeons\Dwemer\Facades\Combined\DweFacadeTower4x4.nif
DweFacadeTower5x2,000EB05A,Dungeons\Dwemer\Facades\Combined\DweFacadeTower5x2.nif
DweFacadeTower5x3,000EB05B,Dungeons\Dwemer\Facades\Combined\DweFacadeTower5x3.nif
DweFacadeTower5x4,000EB05C,Dungeons\Dwemer\Facades\Combined\DweFacadeTower5x4.nif
CommonCoffinOpen01,000EB094,Clutter\Common\CommonCoffinOpen01.nif
CommonCoffinOpen02,000EB09A,Clutter\Common\CommonCoffinOpen02.nif
SolitudeRockArch03Int,000EB09D,Landscape\Unique\SolitudeRockArch03Int.nif
DweFacadeHallSm4way01SnowLight,000EB34A,Dungeons\Dwemer\Facades\DweFacadeHallSm4way01.nif
RifRmMaraPlatform01,000EB387,Architecture\Riften\Interior\RifRmMaraPlatform01.nif
ImpExtIceStairs01_intSnow,000EB43B,Dungeons\Imperial\ExteriorIce\ImpExtIceStairs01.nif
ImpExtIceStairs02_intSnow,000EB43C,Dungeons\Imperial\ExteriorIce\ImpExtIceStairs02.nif
ImpExtBldgStraight01SnowLight_intSnow,000EB43D,Dungeons\Imperial\Exterior\ImpExtBldgStraight01.nif
ImpExtBldgMid01SnowLight_intSnow,000EB43E,Dungeons\Imperial\Exterior\ImpExtBldgMid01.nif
ImpExtBldgSecondCorner03SnowLight_inSnow,000EB43F,Dungeons\Imperial\Exterior\ImpExtBldgSecondCorner03.nif
FarmInt2BasementEnt01,000EB441,Architecture\Farmhouse\Interior\FarmInt2BasementEnt01.nif
SMdBTraCon03,000EB5A0,Architecture\Solitude\Interiors\SMdBTraCon03.nif
SLgCColCap02,000EB5B5,Architecture\Solitude\Interiors\SLgCColCap02.nif
SLgCColCap03,000EB5B7,Architecture\Solitude\Interiors\SLgCColCap03.nif
BridgeNarrow01_FallForestDirt01,000EB78F,Landscape\Bridges\BridgeNarrow01.nif
BridgeShort01FallForestDirt01,000EB7A5,Landscape\Bridges\BridgeShort01.nif
ImpStableRoofPiece02,000EB81C,Dungeons\Imperial\StableKit\ImpStableRoofPiece02.nif
SphereCenturionStatic,000EC19B,Clutter\SphereCenturionStatic.nif
SteamCenturionStatic,000EC19C,Clutter\SteamCenturionStatic.nif
SMdFWalBroken01,000EC243,Architecture\Solitude\Interiors\SMdFWalBroken01.nif
CaveIBoulderS01_noSnow,000EC312,Dungeons\Caves\Ice\Rocks\CaveIBoulderS01.nif
CaveIBoulderS02_noSnow,000EC318,Dungeons\Caves\Ice\Rocks\CaveIBoulderS02.nif
CaveIBoulderS03_noSnow,000EC319,Dungeons\Caves\Ice\Rocks\CaveIBoulderS03.nif
CaveIBoulderM04_noSnow,000EC31E,Dungeons\Caves\Ice\Rocks\CaveIBoulderM04.nif
NorExtRubblePile02_ice,000EC320,Dungeons\Nordic\Exterior\Rubble\NorExtRubblePile02.nif
NorDragonStatue01_ice,000EC321,Dungeons\Nordic\RuinsDragonStatue01.nif
NorExtRubblePile04_ice,000EC322,Dungeons\Nordic\Exterior\Rubble\NorExtRubblePile04.nif
NorTmpExtDebris06_ice,000EC323,Dungeons\Nordic\Exterior\NorTmpExtDebris06.nif
NorTmpExtDebris05_ice,000EC324,Dungeons\Nordic\Exterior\NorTmpExtDebris05.nif
NorTmpExtDebris02_ice,000EC325,Dungeons\Nordic\Exterior\NorTmpExtDebris02.nif
NorSarcophagusBottom_ice,000EC326,Clutter\Ruins\RuinsSarcophagus_Bottom01.nif
NorExtRubblePile08_ice,000EC329,Dungeons\Nordic\Exterior\Rubble\NorExtRubblePile08.nif
TreePineForestUprootedStump01_ice,000EC32A,Landscape\Trees\TreePineForestUprootedStump01.nif
TreePineForestLog02_ice,000EC34F,Landscape\Trees\TreePineForestLog02Snow.nif
TreePineForestStump01_ice,000EC350,Landscape\Trees\TreePineForestStump01Snow.nif
RockPileS01ReachMossyRocks01,000EC37A,Landscape\Rocks\RockPileS01.nif
ImpExtIceWindow01Dark_NoIce,000EC486,Dungeons\Imperial\ExteriorIce\ImpExtIceWindow01.nif
FarmIntWBasementEnt01,000EC550,Architecture\Farmhouse\Interior\FarmIntWBasementEnt01.nif
RifRmSmBaseWallCrypt01,000EC74F,Architecture\Riften\Interior\SmallRoomBasement\RifRmSmBaseWallCrypt01.nif
RifRmSmBaseCorInCrypt01A,000EC760,Architecture\Riften\Interior\SmallRoomBasement\RifRmSmBaseCorInCrypt01A.nif
RifRmSmBaseCorInCrypt01,000EC76A,Architecture\Riften\Interior\SmallRoomBasement\RifRmSmBaseCorInCrypt01.nif
RifRmSmBaseCorInCrypt01B,000EC76B,Architecture\Riften\Interior\SmallRoomBasement\RifRmSmBaseCorInCrypt01B.nif
RockAnimalDenReachDirt01_LightSN,000EC9EA,Landscape\Rocks\RockAnimalDen01.nif
RockPileM01WetRiverbedEdge01,000ECC29,Landscape\Rocks\WetRocks\RockPileM01Wet.nif
WHIntWoodBackSecWall01,000ECCE1,Architecture\Windhelm\Animated\SecretWall\WHIntWoodBackSecWall01.nif
SMdFEntSol03,000ECF91,Architecture\Solitude\Interiors\SMdFEntSol03.nif
WHHjerim2,000ED145,Architecture\Windhelm\WHHjerim2.nif
WHgrave01,000ED147,Architecture\Windhelm\WHgrave01.nif
WHgroundpiece,000ED149,Architecture\Windhelm\WHgroundpiece.nif
MrkCWextTower01,000ED154,Architecture\Markarth\CivilWar\MrkCWextTower01.nif
MrkCWextTower02,000ED157,Architecture\Markarth\CivilWar\MrkCWextTower02.nif
MrkCWextTower01Steps01,000ED158,Architecture\Markarth\CivilWar\MrkCWextTower01Steps01.nif
MrkCWextTower02Steps01,000ED15A,Architecture\Markarth\CivilWar\MrkCWextTower02Steps01.nif
RockPileS04VolcanicRocks01,000ED73A,Landscape\Rocks\RockPileS04.nif
BridgeLong01ReachDirt01,000EDBC9,Landscape\Bridges\BridgeLong01.nif
NocturnalsChamberShaftCap01,000EDF35,Clutter\BlackPool\BlackPoolChamber\NocturnalsChamberShaftCap01.nif
MrkFrontWallMain02ExtT01,000EE298,Architecture\Markarth\MrkFrontWallMain02ExtT01.nif
MrkFrontWallMain02ExtT02,000EE299,Architecture\Markarth\MrkFrontWallMain02ExtT02.nif
MrkFrontWallMain02ExtW01,000EE29E,Architecture\Markarth\MrkFrontWallMain02ExtW01.nif
MrkFrontWallMain02ExtW02,000EE29F,Architecture\Markarth\MrkFrontWallMain02ExtW02.nif
MrkFrontWallMain02ExtT03,000EE2A0,Architecture\Markarth\MrkFrontWallMain02ExtT03.nif
RockCliffMineEntrance02Dirt01Snow,000EE32A,Landscape\Rocks\RockCliffMineEntrance02.nif
MountainTrim03CoastBeach01,000EE333,Landscape\Mountains\MountainTrim03.nif
IcePileL02coastbeach01,000EE3A1,Landscape\Ice\IcePileL02.nif
IcePileM02coastbeach01,000EE3A3,Landscape\Ice\IcePileM02.nif
RockPileS03VolcanicTundraRocks01,000EE514,Landscape\Rocks\RockPileS03.nif
RockPileS04VolcanicTundraRocks01,000EE518,Landscape\Rocks\RockPileS04.nif
StockadeScaffoldBase0Sided01BADONE,000EE532,Clutter\Stockade\StockadeScaffoldBase0Sided01.nif
HHLightPedestal01,000EE643,Furniture\HighHrothgar\HHLightPedestal01.nif
HHLightPedestal02,000EE64E,Furniture\HighHrothgar\HHLightPedestal02.nif
SBluePalaceRoof_LOD,000EE66C,Architecture\Solitude\SBluePalaceRoof_LOD.nif
SBardsCollegeTower_LOD,000EE66E,Architecture\Solitude\SBardsCollegeTower_LOD.nif
HHLgBaySecondR01,000EE66F,Architecture\HighHrothgar\HHLgBaySecondR01.nif
HHLgBaySecondR02,000EE670,Architecture\HighHrothgar\HHLgBaySecondR02.nif
DweFarm02Int_Falmer,000EEC77,Dungeons\Dwemer\Clutter\DweFarm02Int.nif
StockadeScaffoldBase0Sided01,000EF0D7,Clutter\Stockade\StockadeScaffoldBase0Sided01.nif
RTCanalsL01Lower01,000EF2D9,Architecture\Riften\RTCanalsL01Lower01.nif
RTCanalsStairs01,000EF2DC,Architecture\Riften\RTCanalsStairs01.nif
RTCanalsL02Inner01,000EF2DD,Architecture\Riften\RTCanalsL02Inner01.nif
RTCanalsBridge01,000EF2DF,Architecture\Riften\RTCanalsBridge01.nif
RTCanalsPlazaL01Lower01,000EF2E1,Architecture\Riften\RTCanalsPlazaL01Lower01.nif
RTCanalsPlazaL01Inner01,000EF2E3,Architecture\Riften\RTCanalsPlazaL01Inner01.nif
RTCanalsPlazaC01Lower01,000EF2E5,Architecture\Riften\RTCanalsPlazaC01Lower01.nif
RTCanalsBridge02,000EF2E7,Architecture\Riften\RTCanalsBridge02.nif
RTCanalsPlazaC01Inner01,000EF2E9,Architecture\Riften\RTCanalsPlazaC01Inner01.nif
RTDockRamp01,000EF2EC,Architecture\Riften\Clutter\RTDockRamp01.nif
RTCanalsPlazaR01Lower01,000EF2EE,Architecture\Riften\RTCanalsPlazaR01Lower01.nif
RTCanalsPlazaR01Lower02,000EF2EF,Architecture\Riften\RTCanalsPlazaR01Lower02.nif
RTCanalsBridge03,000EF2F2,Architecture\Riften\RTCanalsBridge03.nif
RTCanalsPlazaR01Inner01,000EF2F4,Architecture\Riften\RTCanalsPlazaR01Inner01.nif
RTCanalsR01Inner01,000EF2F9,Architecture\Riften\RTCanalsR01Inner01.nif
RTCanalsL01Lower02,000EF2FA,Architecture\Riften\RTCanalsL01Lower02.nif
RTCanalsBridge04,000EF2FE,Architecture\Riften\RTCanalsBridge04.nif
RTCanalsL01Inner01,000EF2FF,Architecture\Riften\RTCanalsL01Inner01.nif
RTMercerDeckF01,000EF302,Architecture\Riften\RTMercerDeckF01.nif
FarmWell01,000EF326,Architecture\Farmhouse\FarmWell01.nif
FarmBWell01,000EF43B,Architecture\Farmhouse\Interior\Basement\FarmBWell01.nif
FarmBWellEnt01,000EF43C,Architecture\Farmhouse\Interior\Basement\FarmBWellEnt01.nif
RockPileL03WetDirt01,000EF696,Landscape\Rocks\WetRocks\RockPileL03Wet.nif
RockPileM02WetDirt01,000EF697,Landscape\Rocks\WetRocks\RockPileM02Wet.nif
HHLgBayCover01,000EFF00,Architecture\HighHrothgar\HHLgBayCover01.nif
HHLgBayWinCover01,000EFF04,Architecture\HighHrothgar\HHLgBayWinCover01.nif
HHLgBaySecondL01,000EFF0E,Architecture\HighHrothgar\HHLgBaySecondL01.nif
HHLGBayDoubleStairs01,000EFF10,Architecture\HighHrothgar\HHLGBayDoubleStairs01.nif
HHLgBaySecondL02,000EFF13,Architecture\HighHrothgar\HHLgBaySecondL02.nif
HHLgBayEnd02,000EFF15,Architecture\HighHrothgar\HHLgBayEnd02.nif
BFXOilBarrelClosed01Static,000F026C,Clutter\OilBarrel\BFXOilBarrelClosedStatic01.nif
BFXOilBarrelClosed02Static,000F026D,Clutter\OilBarrel\BFXOilBarrelClosedStatic02.nif
BFXOilBarrelOpen01Static,000F0322,Clutter\OilBarrel\BFXOilBarrelOpen01.nif
UpperBedDoubleStatic,000F03A7,Clutter\Upperclass\UpperBedDouble01.nif
RTBlackBriarDeck01,000F03D2,Architecture\Riften\RTBlackBriarDeck01.nif
RTTemplePlazaStairs01,000F03D3,Architecture\Riften\RTTemplePlazaStairs01.nif
RTMeadery02,000F03D5,Architecture\Riften\RTMeadery02.nif
RTChimney01,000F03D7,Architecture\Riften\Clutter\RTChimney01.nif
MrkCWextTower03,000F0481,Architecture\Markarth\CivilWar\MrkCWextTower03.nif
RoadMarker,000F077B,MarkerRoad01.nif
NorRunner01,000F0896,Clutter\Dwemer\DweRunner01.nif
NorRunner02,000F089A,Clutter\Dwemer\DweRunner02.nif
NorRunner03,000F089B,Clutter\Dwemer\DweRunner03.nif
NorRunner04,000F089C,Clutter\Dwemer\DweRunner04.nif
NorRunner05,000F089D,Clutter\Dwemer\DweRunner05.nif
NorRunnerEnd02,000F089E,Clutter\Dwemer\DweRunnerEnd01.nif
NorRunnerEnd01,000F089F,Clutter\Dwemer\DweRunnerEnd02.nif
MQ305DragonPriestStaffStatic,000F0A0E,Weapons\MQDragonPriest\MQ_Static.nif
RTPlazaWell01,000F0EBB,Architecture\Riften\RTPlazaWell01.nif
RTSnowShodDeck02,000F0EC1,Architecture\Riften\RTSnowShodDeck02.nif
RTSnowShodDeck01,000F0EC2,Architecture\Riften\RTSnowShodDeck01.nif
RTMjollDeck02,000F0EC8,Architecture\Riften\RTMjollDeck02.nif
RTMjollDeck01,000F0EC9,Architecture\Riften\RTMjollDeck01.nif
CaveILRoomCorner02_NoSnow,000F0EFE,Dungeons\Caves\Ice\LargeRoom\CaveILRoomCorner02.nif
CaveILRoomCorner01_NoSnow,000F0EFF,Dungeons\Caves\Ice\LargeRoom\CaveILRoomCorner01.nif
CaveILRoomWall01_NoSnow,000F0F00,Dungeons\Caves\Ice\LargeRoom\CaveILRoomWall01.nif
CaveILRoomCorner04_NoSnow,000F0F01,Dungeons\Caves\Ice\LargeRoom\CaveILRoomCorner04.nif
CaveICliffs03NS_NoSnow,000F0F02,Dungeons\Caves\Ice\Cliffs\CaveICliffs03NS.nif
CaveILRoomICorner03_NoSnow,000F0F03,Dungeons\Caves\Ice\LargeRoom\CaveILRoomICorner03.nif
CaveILRoomWall04_NoSnow,000F0F04,Dungeons\Caves\Ice\LargeRoom\CaveILRoomWall04.nif
CaveILRoomICorner01_NoSnow,000F0F05,Dungeons\Caves\Ice\LargeRoom\CaveILRoomICorner01.nif
CaveILRoomMid01_NoSnow,000F0F06,Dungeons\Caves\Ice\LargeRoom\CaveILRoomMid01.nif
CaveILRoomWall02_NoSnow,000F0F07,Dungeons\Caves\Ice\LargeRoom\CaveILRoomWall02.nif
CaveIRPillar03_NoSnow,000F0F08,Dungeons\Caves\Ice\Pillars\CaveIRPillar03.nif
CaveIRPillar04_NoSnow,000F0F09,Dungeons\Caves\Ice\Pillars\CaveIRPillar04.nif
CaveICliffs01_NoSnow,000F0F0A,Dungeons\Caves\Ice\Cliffs\CaveICliffs01.nif
CaveIRPillar01_NoSnow,000F0F0B,Dungeons\Caves\Ice\Pillars\CaveIRPillar01.nif
CaveIRPillar05_NoSnow,000F0F2B,Dungeons\Caves\Ice\Pillars\CaveIRPillar05.nif
CaveIDirtMound03IceLight,000F0F31,Dungeons\Caves\Ice\DirtMound\CaveIDirtMound03.nif
WRIntRoofStr01BackCap,000F1200,Architecture\WhiteRun\WRInteriors\WRIntRoofStr01BackCap.nif
WRIntRoofCorIn01BackCap,000F1208,Architecture\WhiteRun\WRInteriors\WRIntRoofCorIn01BackCap.nif
BlackPlane01,000F13C4,Markers\BlackPlane01.nif
EyeOfMagnusDias01,000F147E,Clutter\EyeOfMagnus\EyeOfMagnusDias01.nif
WRWallTower01CollPiece,000F1A6A,Architecture\WhiteRun\WRCityWalls\WRWallTower01CollPiece.nif
DA10RustyMaceofMolagBal,000F1AC5,Weapons\MaceOfMolagBal\RustyMaceOfMolagBal.nif
FarmLonghouse01,000F1D04,Architecture\Farmhouse\FarmLonghouse01.nif
WalkwayCWallGate02,000F1D82,Architecture\Farmhouse\Walkway\WalkwayCWallGate02.nif
SMdEEntSol02,000F1E57,Architecture\Solitude\Interiors\SMdEEntSol02.nif
RockPileS04Tundra01,000F1F7B,Landscape\Rocks\RockPileS04.nif
RockAnimalDenDirt01_LightSN,000F1FA2,Landscape\Rocks\RockAnimalDen01.nif
IcePileL01Snow01,000F1FDE,Landscape\Ice\IcePileL01.nif
NorTmpExtPlatStairMid02Heavy_SN,000F1FEA,Dungeons\Nordic\Exterior\NorTmpExtPlatStairMid02.nif
IcePileS01,000F1FEE,Landscape\Ice\IcePileS01.nif
IcePileS02,000F1FEF,Landscape\Ice\IcePileS02.nif
IcePileS03,000F1FF0,Landscape\Ice\IcePileS03.nif
IcePileS04,000F1FF1,Landscape\Ice\IcePileS04.nif
FishRack01Light_SN,000F2033,Clutter\DeadAnimals\FishRack01.nif
1stPersonSteelGreatSword1Hander,000F209E,Weapons\Steel\1stPersonSteelGreatSword1Hander.nif
1stPersonSteelBattleAxe1Hander,000F209F,Weapons\Steel\1stPersonSteelBattleAxe1Hander.nif
ChoppingBlock01_LightSN,000F23E8,Clutter\Chopping Block\ChoppingBlock01.nif
MountainTrim03CoastOceanFloor01,000F23F0,Landscape\Mountains\MountainTrim03.nif
RockPileS02RiverMud01,000F23F5,Landscape\Rocks\RockPileS02.nif
RTWarehouse01City,000F2402,Architecture\Riften\RTWarehouse01City.nif
RTFishery01City,000F2403,Architecture\Riften\RTFishery01City.nif
RTMeadery02City,000F2404,Architecture\Riften\RTMeadery02City.nif
RTOrphanage01City,000F2405,Architecture\Riften\RTOrphanage01City.nif
RTBlacksmith01City,000F2406,Architecture\Riften\RTBlacksmith01City.nif
RTPlayerHouse01City,000F2408,Architecture\Riften\RTPlayerHouse01City.nif
CrateSmall04WeatheredLight_SN,000F2458,Clutter\Common\CrateSmall04.nif
CrateSmall03WeatheredLight_SN,000F2459,Clutter\Common\CrateSmall03.nif
RockPileM02CaveDirt01,000F2D2F,Landscape\Rocks\RockPileM02.nif
LabyrinthianMaze01,000F2D4C,Dungeons\Nordic\Exterior\NorLabyrinthianMaze01.nif
RockCaveEntrance01SnowLightCustom01DirtSnowPath,000F2F42,Landscape\Rocks\RockCaveEntrance01.nif
CaveIHallRamp01Ice,000F2F58,Dungeons\Caves\Ice\SmallHall\CaveIHallRamp01.nif
SMdFArchEntranceAutoload,000F3687,Architecture\Solitude\Interiors\SMdFArchEntranceAutoload.nif
TestLightingSpheres,000F3A86,Effects\TestLightingSpheres.nif
WHMarketStall01,000F3C72,Architecture\Windhelm\WHMarketStall01.nif
WHMarketStall02,000F3C73,Architecture\Windhelm\WHMarketStall02.nif
WHHjerim1,000F3D0A,Architecture\Windhelm\WHHjerim1.nif
WHCLanshattershield,000F3D0C,Architecture\Windhelm\WHCLanshattershield.nif
MountainTrim01WetRocks01,000F3E0A,Landscape\Mountains\MountainTrim01Wet.nif
RockPileS03GrassSnow01Heavy_SN,000F3E26,Landscape\Rocks\RockPileS03.nif
RockPileS04GrassSnow01Heavy_SN,000F3E27,Landscape\Rocks\RockPileS04.nif
StockadeScaffoldBridge01,000F3E2F,Clutter\Stockade\StockadeScaffoldBridge01.nif
StockadeScaffoldBridge01_LightSN,000F3E30,Clutter\Stockade\StockadeScaffoldBridge01.nif
StockadeScaffoldBridge02,000F3E52,Clutter\Stockade\StockadeScaffoldBridge02.nif
StockadeScaffoldBridge02Light_SN,000F3E54,Clutter\Stockade\StockadeScaffoldBridge02.nif
RifRmSmFirstMidOpenCorDbl01,000F3E8B,Architecture\Riften\Interior\SmallRoomFirst\RifRmSmFirstMidOpenCorDbl01.nif
FarmIntLHBack01,000F4767,Architecture\Farmhouse\Interior\FarmIntLHBack01.nif
FarmIntLHEnd01,000F4768,Architecture\Farmhouse\Interior\FarmIntLHEnd01.nif
FarmIntLHEnd02,000F4769,Architecture\Farmhouse\Interior\FarmIntLHEnd02.nif
FarmIntLHFront01,000F476A,Architecture\Farmhouse\Interior\FarmIntLHFront01.nif
FarmIntLHMid01,000F476B,Architecture\Farmhouse\Interior\FarmIntLHMid01.nif
FarmIntLHLoft01,000F4772,Architecture\Farmhouse\Interior\FarmIntLHLoft01.nif
FarmIntLHLoft02,000F4781,Architecture\Farmhouse\Interior\FarmIntLHLoft02.nif
FarmIntLHLoftTop01,000F4782,Architecture\Farmhouse\Interior\FarmIntLHLoftTop01.nif
FarmIntLHBase01,000F484B,Architecture\Farmhouse\Interior\FarmIntLHBase01.nif
FarmIntLHBase02,000F484F,Architecture\Farmhouse\Interior\FarmIntLHBase02.nif
FarmIntLHFirePit01,000F4850,Architecture\Farmhouse\Interior\FarmIntLHFirePit01.nif
FarmIntLHFirePit02,000F4854,Architecture\Farmhouse\Interior\FarmIntLHFirePit02.nif
FarmIntLHFirePit03,000F4859,Architecture\Farmhouse\Interior\FarmIntLHFirePit03.nif
CrateSmallLong02WeatheredLight_SN,000F48CE,Clutter\Common\CrateSmallLong02.nif
StockadeScaffoldBridge03,000F48E9,Clutter\Stockade\StockadeScaffoldBridge03.nif
StockadeScaffoldBridge03Light_SN,000F48EA,Clutter\Stockade\StockadeScaffoldBridge03.nif
Campfire01LandOffRocks01,000F491C,Clutter\WoodFires\Campfire01LandOff.nif
NorTempleEntranceHall01SnowLight,000F498E,Dungeons\Nordic\Exterior\NorTempleEntranceHall01.nif
NobleLectern01,000F4B4B,Furniture\Noble\NobleLectern01.nif
RockCaveEntrance02CoastBeach01LighttSnow,000F4CEE,Landscape\Rocks\RockCaveEntrance02.nif
CaveIShaftRBottom01NoIce,000F4E1A,Dungeons\Caves\Ice\ShaftRock\CaveIShaftRBottom01.nif
CaveIBoulderL01_noSnow,000F4E4F,Dungeons\Caves\Ice\Rocks\CaveIBoulderL01.nif
CaveIRBalconyRamp01NoIce,000F4E73,Dungeons\Caves\Ice\RockBalcony\CaveIRBalconyRamp01.nif
CaveILRoomDoorFB01_NoSnow,000F4EB8,Dungeons\Caves\Ice\LargeRoom\CaveILRoomDoorFB01.nif
CaveILRoomDoor02_NoSnow,000F4EB9,Dungeons\Caves\Ice\LargeRoom\CaveILRoomDoor02.nif
CaveIRPillar02_NoSnow,000F4EC6,Dungeons\Caves\Ice\Pillars\CaveIRPillar02.nif
CaveIBoulderL02_noSnow,000F4EEF,Dungeons\Caves\Ice\Rocks\CaveIBoulderL02.nif
DweFacadeTower1x4Snow,000F5409,Dungeons\Dwemer\Facades\Combined\DweFacadeTower1x4.nif
DweFacadeTower1x3Snow,000F540A,Dungeons\Dwemer\Facades\Combined\DweFacadeTower1x3.nif
DweFacadeTower2x3Snow,000F540B,Dungeons\Dwemer\Facades\Combined\DweFacadeTower2x3.nif
DweFacadeTower2x2Snow,000F540C,Dungeons\Dwemer\Facades\Combined\DweFacadeTower2x2.nif
DweFacadeTower1x2Snow,000F540D,Dungeons\Dwemer\Facades\Combined\DweFacadeTower1x2.nif
DweFacadeTower2x4Snow,000F540E,Dungeons\Dwemer\Facades\Combined\DweFacadeTower2x4.nif
ImpWoodbeam02Light_SN,000F5721,Dungeons\Imperial\ClutterKits\ImpWoodbeam02.nif
SilverPlatter01Idle,000F5837,Clutter\Silver\SilverPlatter01Idle.nif
SFarmhouseSiloDirt01,000F58C0,Architecture\Solitude\Farms\SFarmhouseSilo.nif
MetalCageLongSingle01Snow,000F5BDD,Clutter\Common\MetalCageLongSingle01.nif
RockCliff03Ice,000F5DB0,Landscape\Rocks\RockCliff03.nif
RockCliff05Ice,000F5DB8,Landscape\Rocks\RockCliff05.nif
RiftenRWRoomBMid01Ice,000F5DBA,Dungeons\Riften\RatwayBarrel\RiftenRWRoomBMid01.nif
_testDeadGoat01,000F5E0B,Clutter\DeadAnimals\_testDeadGoat01.nif
WHstep1,000F5E7D,Architecture\Windhelm\WHstep1.nif
RockPileS03FallForestLeaves01,000F5EB6,Landscape\Rocks\RockPileS03.nif
MountainTrim03ReachDirt01,000F5EC8,Landscape\Mountains\MountainTrim03.nif
WalkwayBend01Snow,000F6050,Architecture\Farmhouse\Walkway\WalkwayBend01.nif
WalkwayBend02Snow,000F6051,Architecture\Farmhouse\Walkway\WalkwayBend02.nif
WalkwayBend03Snow,000F6052,Architecture\Farmhouse\Walkway\WalkwayBend03.nif
WalkwayEnd01Snow,000F6053,Architecture\Farmhouse\Walkway\WalkwayEnd01.nif
WalkwayFull01Snow,000F6054,Architecture\Farmhouse\Walkway\WalkwayFull01.nif
WalkwayFull02Snow,000F6055,Architecture\Farmhouse\Walkway\WalkwayFull02.nif
WalkwayFull03Snow,000F6056,Architecture\Farmhouse\Walkway\WalkwayFull03.nif
FarmLonghouse01Snow,000F605B,Architecture\Farmhouse\FarmLonghouse01.nif
WalkwayC01Snow,000F6070,Architecture\Farmhouse\Walkway\WalkwayC01.nif
WalkwayCEnd01Snow,000F6071,Architecture\Farmhouse\Walkway\WalkwayCEnd01.nif
RockCliffMineEntranceMineDirt,000F62FF,Landscape\Rocks\RockCliffMineEntrance.nif
StockadeScaffoldTop0Sided01Planks,000F6307,Dungeons\Mines\Scaffolding\MineScaffoldTop0Sided01.nif
StockadeScaffoldTop0Sided01PlanksLight_SN,000F6308,Dungeons\Mines\Scaffolding\MineScaffoldTop0Sided01.nif
StockadeWoodplanks02Light_SN,000F630B,Dungeons\Mines\Clutter\MineWoodplanks02.nif
WRCampionsTotemStand01,000F64FF,Architecture\WhiteRun\WRClutter\WRCampionsTotemStand01.nif
RTTemplePlazaWallR01,000F66FE,Architecture\Riften\RTTemplePlazaWallR01.nif
RTTemplePlazaWallL01,000F6706,Architecture\Riften\RTTemplePlazaWallL01.nif
RTTemplePlazaFloorL01,000F6718,Architecture\Riften\RTTemplePlazaFloorL01.nif
RTTemplePlazaFloorR01,000F671A,Architecture\Riften\RTTemplePlazaFloorR01.nif
FrozenMarshIceLandBrokenL01Skirt,000F693A,Landscape\Ice\FrozenMarshIceLandBrokenL01Skirt.nif
FrozenMarshIceLandBrokenL01SkirtDUPLICATE000,000F69B5,Landscape\Ice\FrozenMarshIceLandBrokenL01Skirt.nif
RifRmBgKeepWallExBg01,000F69D0,Architecture\Riften\Interior\BigRoomKeep\RifRmBgKeepWallExBg01.nif
DweShelfLargeTop01,000F6D78,Dungeons\Dwemer\Clutter\DweShelfLargeTop01.nif
DweShelfLargeMid01,000F6D79,Dungeons\Dwemer\Clutter\DweShelfLargeMid01.nif
DweShelfLargeBottom01,000F6D7A,Dungeons\Dwemer\Clutter\DweShelfLargeBottom01.nif
WHdockback,000F6F06,Architecture\Windhelm\WHdockback.nif
WHdockroof,000F6F07,Architecture\Windhelm\WHdockroof.nif
MrkCWextTowerPlatform01,000F6F39,Architecture\Markarth\CivilWar\MrkCWextTowerPlatform01.nif
DweCivWarBridgeMid01,000F6F3B,Architecture\Markarth\CivilWar\DweCivWarBridgeMid01.nif
DweCivWarBridgeRt01,000F6F3C,Architecture\Markarth\CivilWar\DweCivWarBridgeRt01.nif
DweCivWarBridgeLft01,000F6F3D,Architecture\Markarth\CivilWar\DweCivWarBridgeLft01.nif
Tombstone03Light_SN,000F71E8,Clutter\Tombstones\Tombstone03.nif
Tombstone02Light_SN,000F71E9,Clutter\Tombstones\Tombstone02.nif
CrateSmallLong01WeatheredLight_SN,000F7299,Clutter\Common\CrateSmallLong01.nif
HandCart02Heavy_SN,000F7571,Clutter\Carts\HandCart02.nif
NorExtWallBgStairsSingle01_lightSn,000F76C5,Dungeons\Nordic\Exterior\Walls\NorExtWallBgStairsSingle01.nif
RTPlayerHouseDeck01,000F795B,Architecture\Riften\RTPlayerHouseDeck01.nif
IcicleThinStrip,000F7F4F,Landscape\Ice\IcicleThinStrip.nif
RockCliff08CaveDirt,000F82C3,Landscape\Rocks\RockCliff08.nif
DwePlatBgWall01SnowLight,000F9535,Dungeons\Dwemer\Platforms\DwePlatBgWall01.nif
DwePlatBgWall02SnowLight,000F9536,Dungeons\Dwemer\Platforms\DwePlatBgWall02.nif
CommonTable01Light_SN,000F9997,Clutter\Common\CommonTable01.nif
CommonTableSquare01Light_SN,000F9998,Clutter\Common\CommonTableSquare01.nif
CommonShelf01Light_SN,000F9999,Clutter\Common\CommonShelf01.nif
NorPlatWall01Light_SN,000F999A,Dungeons\Nordic\Platforms\NorPlatWall01.nif
NorPlatCorOut01Light_SN,000F999B,Dungeons\Nordic\Platforms\NorPlatCorOut01.nif
RockPileL01PineForest03,000F99FD,Landscape\Rocks\RockPileL01.nif
SRopefestivalRing,000FA229,Architecture\Solitude\Clutter\SRopefestivalRing.nif
SRopefestivalLine01,000FA22B,Architecture\Solitude\Clutter\SRopefestivalLine01.nif
SMarketStall02,000FA23B,Architecture\Solitude\Clutter\SMarketStall02.nif
SMarketStall03,000FA23D,Architecture\Solitude\Clutter\SMarketStall03.nif
TG08b_CaveGECorner01c,000FAABC,Dungeons\Caves\Green\Epic\TG08b_CaveGECorner01c.nif
UpperShelf02,000FB41C,Clutter\Upperclass\UpperShelf02.nif
TG08CaveExit,000FB8DA,Dungeons\Caves\Green\Epic\TG08b_CaveGECorner01c.nif
CommonTable01Snow,000FBB19,Clutter\Common\CommonTable01.nif
ChestOpen,000FC597,Clutter\Containers\ChestOpen01.nif
FXWaterfallBodyTall_static,000FC85E,Effects\FXWaterfallBodyTall.nif
FXWaterfallBodySlope_static,000FC85F,Effects\FXWaterfallBodySlope.nif
WRHouseGreyMane01Destroyed,000FC8A7,Architecture\WhiteRun\WRBuildings\WRHouseGreyMane01Destroyed.nif
WRHouseShack01Destroyed,000FC8D5,Architecture\WhiteRun\WRBuildings\WRHouseShack01Destroyed.nif
WRTrellisComplete01Destroyed,000FC8F4,Architecture\WhiteRun\WRBuildings\WRTrellisComplete01Destroyed.nif
TG06RubbingDummyVersion,000FCC23,Clutter\Quest\TGCalcelmosRubbing.nif
FXChickenFeeding,000FD920,Effects\FXChickenFeeding.nif
DragonMoundBaseHeavySnow,000FDB3D,Dungeons\Nordic\Exterior\DragonMound\DragonMoundBaseAlt.nif
RuinsBrokenShelf02Snow,000FDCC5,Clutter\Ruins\RuinsFurnitureRubble06.nif
HandCartCanopy,000FE1F1,Clutter\Carts\HandCartCanopy.nif
HandCartCrate,000FE1F3,Clutter\Carts\HandCartCrate.nif
HandCartWheelL01,000FE1F5,Clutter\Carts\HandCartWheelL01.nif
WerewolfHeadSpike1,000FE6A5,Clutter\Werewolf\WerewolfHead1.nif
WerewolfHeadSpike2,000FE6A6,Clutter\Werewolf\WerewolfHead2.nif
WerewolfHeadSpike3,000FE6A7,Clutter\Werewolf\WerewolfHead3.nif
WerewolfPeltStatic,000FE6AE,Clutter\Werewolf\WerewolfPeltStatic.nif
ThalmorsBanner01,000FED43,Architecture\Solitude\Clutter\ThalmorsBanner01.nif
ThalmorsBannerRod01,000FEDEE,Architecture\Solitude\Clutter\ThalmorsBanner01Rod.nif
BoneMammothRibsIce,000FEFA5,Clutter\Bones\MammothRibcage.nif
BoneDeerSkullHornedStaticIce,000FEFA6,Clutter\Bones\DeerSkullHornsStatic.nif
BoneDeerSkullStaticIce,000FEFA7,Clutter\Bones\DeerSkullStatic.nif
BoneHumanLegLStaticIce,000FEFA9,Clutter\Bones\HumanLegLeftStatic.nif
SLowerWall01,000FF11C,Architecture\Solitude\SLowerWall01.nif
SOVintPlatformCor01,000FF4F4,Architecture\Sovengarde\SovngardeInterior\SOVintPlatformCor01.nif
SOVintStairsFree02,000FF4F7,Architecture\Sovengarde\SovngardeInterior\SOVintStairsFree02.nif
SOVintPlatformCor02,000FF503,Architecture\Sovengarde\SovngardeInterior\SOVintPlatformCor02.nif
SOVtableLong01,000FF506,Architecture\Sovengarde\SovngardeInterior\SOVtableLong01.nif
SOVtableHeadTable01,000FF518,Architecture\Sovengarde\SovngardeInterior\SOVtableHeadTable01.nif
DweFacadeTowerArch1x3Hall,000FF8E0,Dungeons\Dwemer\Facades\Combined\DweFacadeTowerArch1x3Hall.nif
DweFacadePartition2x1,000FF8E1,Dungeons\Dwemer\Facades\Combined\DweFacadePartition2x1.nif
DweFacadeTowerArchPA,000FF8E2,Dungeons\Dwemer\Facades\Combined\DweFacadeTowerArchPA.nif
DweFacadeTowerArch1x2,000FF8E3,Dungeons\Dwemer\Facades\Combined\DweFacadeTowerArch1x2.nif
DweFacadeTowerArch1x4Hall,000FF8E4,Dungeons\Dwemer\Facades\Combined\DweFacadeTowerArch1x4Hall.nif
DweFacadeTowerArchAP,000FF8E5,Dungeons\Dwemer\Facades\Combined\DweFacadeTowerArchAP.nif
DweFacadeTowerPT,000FF8E6,Dungeons\Dwemer\Facades\Combined\DweFacadeTowerPT.nif
DweFacadeTowerArch1x4,000FF8E7,Dungeons\Dwemer\Facades\Combined\DweFacadeTowerArch1x4.nif
DweFacadeTowerTP,000FF8E8,Dungeons\Dwemer\Facades\Combined\DweFacadeTowerTP.nif
DweFacadeTowerArch1x3,000FF8E9,Dungeons\Dwemer\Facades\Combined\DweFacadeTowerArch1x3.nif
DweFacadePartition2x1Snow,000FF8EA,Dungeons\Dwemer\Facades\Combined\DweFacadePartition2x1.nif
DweFacadeTowerArch1x2Snow,000FF8EB,Dungeons\Dwemer\Facades\Combined\DweFacadeTowerArch1x2.nif
DweFacadeTowerArch1x3HallSnow,000FF8EC,Dungeons\Dwemer\Facades\Combined\DweFacadeTowerArch1x3Hall.nif
DweFacadeTowerArch1x4Snow,000FF8ED,Dungeons\Dwemer\Facades\Combined\DweFacadeTowerArch1x4.nif
DweFacadeTowerArch1x4HallSnow,000FF8EE,Dungeons\Dwemer\Facades\Combined\DweFacadeTowerArch1x4Hall.nif
DweFacadeTowerArchAPSnow,000FF8EF,Dungeons\Dwemer\Facades\Combined\DweFacadeTowerArchAP.nif
DweFacadeTowerArchPASnow,000FF8F0,Dungeons\Dwemer\Facades\Combined\DweFacadeTowerArchPA.nif
DweFacadeTowerPTSnow,000FF8F1,Dungeons\Dwemer\Facades\Combined\DweFacadeTowerPT.nif
DweFacadeTowerTPSnow,000FF8F2,Dungeons\Dwemer\Facades\Combined\DweFacadeTowerTP.nif
DweRmLgWalltoLgHallCorInX2,000FF8F3,Dungeons\Dwemer\LgRooms\DweRmLgWalltoLgHallCorInX2.nif
DweRmLgWallMidWall03,000FF8F4,Dungeons\Dwemer\LgRooms\DweRmLgWallMidWall03.nif
DweRmLgWallMidWall02,000FF8F5,Dungeons\Dwemer\LgRooms\DweRmLgWallMidWall02.nif
DweRmLgWallMidWall01,000FF8F6,Dungeons\Dwemer\LgRooms\DweRmLgWallMidWall01.nif
DweRmLgWallCorInX2,000FF8F7,Dungeons\Dwemer\LgRooms\DweRmLgWallCorInX2.nif
DwePipe1wayX2way,000FF8F8,Dungeons\Dwemer\Pipes\DwePipe1wayX2way.nif
DwePipe1wayX5,000FF8F9,Dungeons\Dwemer\Pipes\DwePipe1wayX5.nif
DwePipe1wayX3,000FF8FA,Dungeons\Dwemer\Pipes\DwePipe1wayX3.nif
DwePipe1wayX2,000FF8FB,Dungeons\Dwemer\Pipes\DwePipe1wayX2.nif
DwePipe1wayX4,000FF8FC,Dungeons\Dwemer\Pipes\DwePipe1wayX4.nif
CaveIHall1Way64L01ice,000FFA7E,Dungeons\Caves\Ice\SmallHall\CaveIHall1Way64L01.nif
WHvalunstrad3,000FFEA9,Architecture\Windhelm\WHvalunstrad3.nif
WHvalunstrad31,000FFEAC,Architecture\Windhelm\WHvalunstrad31.nif
WHvalunstrad32,000FFEAD,Architecture\Windhelm\WHvalunstrad32.nif
WHvalunstrad33,000FFEAE,Architecture\Windhelm\WHvalunstrad33.nif
WHvalunstrad34,000FFEAF,Architecture\Windhelm\WHvalunstrad34.nif
WHvalunstrad35,000FFEB0,Architecture\Windhelm\WHvalunstrad35.nif
WHvalunstrad23,000FFEB1,Architecture\Windhelm\WHvalunstrad23.nif
WHvalunstrad24,000FFEB2,Architecture\Windhelm\WHvalunstrad24.nif
WHvalunstrad25,000FFEB3,Architecture\Windhelm\WHvalunstrad25.nif
WHvalunstrad26,000FFEB4,Architecture\Windhelm\WHvalunstrad26.nif
WHvalunstrad27,000FFEB5,Architecture\Windhelm\WHvalunstrad27.nif
WHvalunstrad28,000FFEB6,Architecture\Windhelm\WHvalunstrad28.nif
WHvalunstrad29,000FFEB7,Architecture\Windhelm\WHvalunstrad29.nif
WHvalunstrad30,000FFEB8,Architecture\Windhelm\WHvalunstrad30.nif
WHvalunstrad14,000FFEB9,Architecture\Windhelm\WHvalunstrad14.nif
WHvalunstrad15,000FFEBA,Architecture\Windhelm\WHvalunstrad15.nif
WHvalunstrad16,000FFEBB,Architecture\Windhelm\WHvalunstrad16.nif
WHvalunstrad17,000FFEBC,Architecture\Windhelm\WHvalunstrad17.nif
WHvalunstrad18,000FFEBD,Architecture\Windhelm\WHvalunstrad18.nif
WHvalunstrad19,000FFEBE,Architecture\Windhelm\WHvalunstrad19.nif
WHvalunstrad20,000FFEBF,Architecture\Windhelm\WHvalunstrad20.nif
WHvalunstrad21,000FFEC0,Architecture\Windhelm\WHvalunstrad21.nif
WHvalunstrad22,000FFEC1,Architecture\Windhelm\WHvalunstrad22.nif
WHvalunstrad6,000FFEC2,Architecture\Windhelm\WHvalunstrad6.nif
WHvalunstrad7,000FFEC3,Architecture\Windhelm\WHvalunstrad7.nif
WHvalunstrad8,000FFEC4,Architecture\Windhelm\WHvalunstrad8.nif
WHvalunstrad9,000FFEC5,Architecture\Windhelm\WHvalunstrad9.nif
WHvalunstrad10,000FFEC6,Architecture\Windhelm\WHvalunstrad10.nif
WHvalunstrad11,000FFEC7,Architecture\Windhelm\WHvalunstrad11.nif
WHvalunstrad12,000FFEC8,Architecture\Windhelm\WHvalunstrad12.nif
WHvalunstrad13,000FFEC9,Architecture\Windhelm\WHvalunstrad13.nif
WHvalunstrad4,000FFECA,Architecture\Windhelm\WHvalunstrad4.nif
WHvalunstrad5,000FFECB,Architecture\Windhelm\WHvalunstrad5.nif
WHvalunstrad36,000FFECC,Architecture\Windhelm\WHvalunstrad36.nif
WHvalunstrad37,000FFECD,Architecture\Windhelm\WHvalunstrad37.nif
WHheadbust1,000FFEF6,Architecture\Windhelm\WHheadbust1.nif
NocturnalStatue,000FFF4E,Clutter\Statues\NocturnalStatue.nif
NocturnalBasin,000FFF4F,Clutter\Statues\NocturnalBasin.nif
DweFacadeTowerArch1x3Snow,00100098,Dungeons\Dwemer\Facades\Combined\DweFacadeTowerArch1x3.nif
LabyrinthianMaze02,00100529,Dungeons\Nordic\Exterior\NorLabyrinthianMaze02.nif
LabyrinthianMaze04,0010052A,Dungeons\Nordic\Exterior\NorLabyrinthianMaze04.nif
LabyrinthianMaze03,0010052B,Dungeons\Nordic\Exterior\NorLabyrinthianMaze03.nif
LabyrinthianMaze02DUPLICATE000,001006F3,Dungeons\Nordic\Exterior\NorLabyrinthianMaze02.nif
LabyrinthianMaze03DUPLICATE000,001006F5,Dungeons\Nordic\Exterior\NorLabyrinthianMaze03.nif
LabyrinthianMaze04DUPLICATE000,001006F7,Dungeons\Nordic\Exterior\NorLabyrinthianMaze04.nif
WordWallHighHrothgarBroken,001007E5,Dungeons\Nordic\Chambers\WordWallHighHrothgarBroken.nif
WordWallHighHrothgarFixed,001007E6,Dungeons\Nordic\Chambers\WordWallHighHrothgarFixed.nif
MrkBrazierHanging01,00100D15,Architecture\Markarth\MrkBrazierHanging01.nif
MrkBrazierHanging02,00100D1E,Architecture\Markarth\MrkBrazierHanging02.nif
CivilWarRubble01Sol,00100D2E,Clutter\CivilWar\CivilWarRubble01Sol.nif
CivilWarRubble04Sol,00100D2F,Clutter\CivilWar\CivilWarRubble04Sol.nif
CivilWarRubble03Sol,00100D40,Clutter\CivilWar\CivilWarRubble03Sol.nif
SStyrrsHouseDestroyed,00100D93,Architecture\Solitude\SStyrrsHouseDestroyed.nif
SVittoriaViciHouseDestroyed,00100D99,Architecture\Solitude\SVittoriaViciHouseDestroyed.nif
SWellDestroyed,00100DA4,Architecture\Solitude\SWellDestroyed.nif
TundraStreamStraight01CaveG,0010103B,Landscape\Tundra\TundraStreamStraight01.nif
TundraStreamBend01CaveG,0010103C,Landscape\Tundra\TundraStreamBend01.nif
RTWall03Outer,0010105A,Architecture\Riften\Walls\RTWall03Outer.nif
RTWall04Outer,0010105B,Architecture\Riften\Walls\RTWall04Outer.nif
RTWall05Outer,0010105C,Architecture\Riften\Walls\RTWall05Outer.nif
RTWall06Outer,0010105D,Architecture\Riften\Walls\RTWall06Outer.nif
ImperialTentSmallSnowLight,001015A8,Architecture\Tents\SmallImperialTent.nif
ImperialTentLargeSnowLight,001015AA,Architecture\Tents\LargeImperialTent01.nif
RTShadowBacking01,001017EB,Architecture\Riften\RTShadowBacking01.nif
UpperBench01StaticDUPLICATE000,001018E0,Clutter\Upperclass\UpperBench01.nif
UpperBench03StaticDUPLICATE000,001018E1,Clutter\Upperclass\UpperBench03.nif
CookingStone01,001018E2,Clutter\CookingStone01.nif
CookingSpitSm01,001018E3,Clutter\CookingSpitSm01.nif
BedrollHay01STATIC,00101A36,Furniture\Bedroll\BedrollHay01.nif
BedrollHay01STATICReachDirt,00101A45,Furniture\Bedroll\BedrollHay01.nif
BedrollHay01STATICFallForestDirt,00101A4C,Furniture\Bedroll\BedrollHay01.nif
BedrollHay01STATICGrassSnow,00101A5E,Furniture\Bedroll\BedrollHay01.nif
RuinsPot04StaticIce,00101B5C,Clutter\Ruins\RuinsPot04.nif
RuinsPot05StaticIce,00101B5D,Clutter\Ruins\RuinsPot05.nif
DweRepositoryChamber01,00101CFD,Dungeons\Dwemer\Animated\DweRepository\DweRepositoryChamber01.nif
CommonCounterCorner01,00101E6F,Clutter\Common\CommonCounterCorner01.nif
CommonCounterCornerRack01,00101E8E,Clutter\Common\CommonCounterCornerHanger01.nif
CommonCounter01,00101E97,Clutter\Common\CommonCounter01.nif
CommonCounterRack0101,00101E9F,Clutter\Common\CommonCounterHanger01.nif
CivilWarRubble04Snow,00101F4B,Clutter\CivilWar\CivilWarRubble04Sol.nif
CivilWarRubble03Snow,00101F6C,Clutter\CivilWar\CivilWarRubble03Sol.nif
CivilWarRubble03WH,00101F8A,Clutter\CivilWar\CivilWarRubble03Sol.nif
CivilWarRubble04WH,00101F8B,Clutter\CivilWar\CivilWarRubble04Sol.nif
CivilWarRubble01WH,00101F8C,Clutter\CivilWar\CivilWarRubble01Sol.nif
WHmarket02Destroyed,00101FD0,Architecture\Windhelm\WHmarket02Destroyed.nif
WHtempletalos4Destroyed,00101FDB,Architecture\Windhelm\WHtempletalos4Destroyed.nif
WHclancruelseaDestroyed,00101FE4,Architecture\Windhelm\WHclancruelseaDestroyed.nif
WHtempletalos4Inside,00101FFD,Architecture\Windhelm\WHtempletalos4Inside.nif
WinterholdTowerIntFloor01,00102079,Architecture\Winterhold\WinterholdTowerIntFloor01.nif
WinterholdTowerWell01,0010207C,Architecture\Winterhold\WinterholdTowerWell01.nif
ThroatoftheWorldDragonBonesLegR01,00102086,Clutter\DeadAnimals\DragonBonesLegR01.nif
ThroatoftheWorldDragonBonesNeck01,00102087,Clutter\DeadAnimals\DragonBonesNeck01.nif
ThroatoftheWorldDragonBonesNeck02,00102088,Clutter\DeadAnimals\DragonBonesNeck02.nif
ThroatoftheWorldDragonBonesSkull01,00102089,Clutter\DeadAnimals\DragonBonesSkull01.nif
ThroatoftheWorldDragonBonesTorso01,0010208C,Clutter\DeadAnimals\DragonBonesTorso01.nif
MrkBrazierHangingDeco01,00102EA8,Architecture\Markarth\MrkBrazierHangingDeco01.nif
WinterholdTowerWell02,0010327C,Architecture\Winterhold\WinterholdTowerWell02.nif
1stPersonGlassSwordChillrend,001032D0,Weapons\Glass\1stPersonGlassSwordChillRend.nif
DweRoadStraight01_CaveG,001035D0,Dungeons\Dwemer\Roads\DweRoadStraight01.nif
DweRoad3way01_CaveG,001035D1,Dungeons\Dwemer\Roads\DweRoad3way01.nif
DweRoadCurveLong45R01_CaveG,001035D2,Dungeons\Dwemer\Roads\DweRoadCurveLong45R01.nif
HelgenGate01STATIC,00103AE5,Clutter\Helgen\HelgenGate02.nif
SpitSmall01,0010411B,Clutter\WoodFires\SpitSmall01.nif
SpitWall01,0010411D,Clutter\WoodFires\SpitWall01.nif
WRIntFloorSTMid01LargePlanter,001044A9,Architecture\WhiteRun\WRInteriors\WRIntFloorSTMid01LargePlanter.nif
WRIntFloorSTMid01Large,001044AA,Architecture\WhiteRun\WRInteriors\WRIntFloorSTMid01Large.nif
WRIntFloorSTMid03Damaged,001044BB,Architecture\WhiteRun\WRInteriors\WRIntFloorSTMid03Damaged.nif
NorTmpExtPlatFloorRaised01CutStone,001044CB,Dungeons\Nordic\Exterior\NorTmpExtPlatFloorRaised01Stone.nif
NorTmpExtPlanter01,001044D7,Dungeons\Nordic\Exterior\NorTmpExtPlanter01.nif
WRIntFloorSTMid01LargeAltar01,0010451B,Architecture\WhiteRun\WRInteriors\WRIntFloorSTMid01LargeAltar01.nif
MountainCliffCrevasse_HeavySN,00104B43,Landscape\Mountains\MountainCliffCrevasse.nif
MountainCliffCrevasse,00104B44,Landscape\Mountains\MountainCliffCrevasse.nif
BedrollHay01STATICPineForest01,00104B9B,Furniture\Bedroll\BedrollHay01.nif
RTBackyardWall03,00104BA3,Architecture\Riften\RTBackyardWall03.nif
CartFurnStatic01,00104F6F,Furniture\Cart\CartFurnStatic01.nif
MAGInvDetectLife,00104F70,Magic\MAGInvDetectLife.nif
BoundAxeEnchEffectsStatic,00104F71,Weapons\BoundWeapons\BoundAxeEnchEffects.nif
BoundSwordEnchEffectsStatic,00104F72,Weapons\BoundWeapons\BoundSwordEnchEffects.nif
BoundBowStatic,00104F73,Weapons\BoundWeapons\BoundBow.nif
NobleBench04STATIC,00104FEE,Furniture\Noble\NobleBench04.nif
StockadeScaffoldBridgeNarrowLight_SN,00105110,Clutter\Stockade\StockadeScaffoldBridgeNarrow.nif
WinterholdExtRing01,00105564,Architecture\Winterhold\WinterholdExtRing01.nif
WinterholdExtTowerRing01,00105567,Architecture\Winterhold\WinterholdExtTowerRing01.nif
WinterholdExtEntRing01,00105568,Architecture\Winterhold\WinterholdExtEntRing01.nif
WinterholdExtTower01,00105569,Architecture\Winterhold\WinterholdExtTower01.nif
NordicMetalGrateX01,001056FF,Dungeons\Nordic\Clutter\NordicMetalGrateX01.nif
DwarvenGreatSwordForDisplay,00105C15,Weapons\Dwarven\DwarvenGreatSword.nif
GlassWarHammerForDisplay,00105C17,Weapons\Glass\GlassWarHammer.nif
ElvenSwordForDisplay,00105C19,Weapons\Elven\ElvenSword.nif
EbonyGreatswordForDisplay,00105C1F,Weapons\Ebony\EbonyGreatsword.nif
FXDweObservatoryMapBeam,00105D2A,Dungeons\Dwemer\Animated\Observatory\FXDweObservatoryMapBeam.nif
FXDweCenterLightBeamObservatory,00105D2C,Dungeons\Dwemer\Animated\Observatory\FXDweCenterLightBeamObservatory.nif
WHIntCastleBloodworks,00105FB5,Architecture\Windhelm\InteriorKits\WHIntCastleBloodworks.nif
WHheadbust2,00105FC0,Architecture\Windhelm\WHheadbust1.nif
WHlooseblocks05,00105FE0,Architecture\Windhelm\WHlooseblocks04.nif
WHlooseblocks06,00105FE1,Architecture\Windhelm\WHlooseblocks02.nif
WinterholdExtCenter01,001060C9,Architecture\Winterhold\WinterholdExtCenter01.nif
ShrineBaseStaticSnow,001067EC,Clutter\Shrines\ShrineBase.nif
ImpExtIceTowerShellBase01LtSnow,0010686B,Dungeons\Imperial\ExteriorIce\ImpExtIceTowerShellBase01.nif
ImpPillar01LtSnow,0010686F,Dungeons\Imperial\ClutterKits\ImpPillar01.nif
RockPileM03Rocks_Ice,00106AB0,Landscape\Rocks\RockPileM03.nif
NorTmpExtPlatTower01Custom,00106ABC,Dungeons\Nordic\Clutter\NorTmpExtPlatTower01Custom.nif
WinterholdSpire,00106C9D,Landscape\Unique\WinterholdSpire.nif
NorCatHallBg1wayEndCapExSm02,00106D09,Dungeons\Nordic\Catacombs\BgHalls\NorCatHallBg1wayEndCapExSm02.nif
WinterholdExtBridge01,00106E5C,Architecture\Winterhold\WinterholdExtBridge01.nif
CivilWarRubble01SolDirt,00106FCE,Clutter\CivilWar\CivilWarRubble01Sol.nif
CivilWarRubble03SolDirt,00106FCF,Clutter\CivilWar\CivilWarRubble03Sol.nif
CivilWarRubble04SolDirt,00106FD0,Clutter\CivilWar\CivilWarRubble04Sol.nif
TrapBladeSwingingHub01,001070FC,Traps\SwingingBlade\TrapBladeSwingingHub01.nif
HighPolyBookDA02,001071C5,Clutter\Books\Book02\Character Assets\BookDA02.nif
Ivy01,00107A1D,Architecture\Farmhouse\Ivy01.nif
Ivy02,00107A1E,Architecture\Farmhouse\Ivy02.nif
Ivy03,00107A1F,Architecture\Farmhouse\Ivy03.nif
CaveGLRoomMid01cSnowLt,00107BE6,Dungeons\Caves\Green\LargeRoom\CaveGLRoomMid01c.nif
RTCanalsDeck01,00107D70,Architecture\Riften\RTCanalsDeck01.nif
RTCanalsDeck02,00107D77,Architecture\Riften\RTCanalsDeck02.nif
RockCaveEntrance02_LightSnow,0010802E,Landscape\Rocks\RockCaveEntrance02.nif
INTMenuFogParticles,001080E1,Interface\INTMenuFogParticles.nif
CookingStand,00108183,Clutter\WoodFires\CookingStand01.nif
FarmBannerPost01,001083D7,Architecture\Farmhouse\FarmBannerPost01.nif
ImpExtIceBridge01_NoIceNOLOD,00108A5E,Dungeons\Imperial\ExteriorIce\ImpExtIceBridge01.nif
CookingStand01WithStone,00108B4E,Clutter\WoodFires\CookingStand02.nif
WinterholdExtRing01Base,00108BC0,Architecture\Winterhold\WinterholdExtRing01Base.nif
WinterholdExtTowerRingBase,00108BC6,Architecture\Winterhold\WinterholdExtTowerRingBase.nif
FarmInnDestroyed02,00108CF2,Architecture\Farmhouse\InnDestroyed02.nif
LoadScreenGiant01,00108D67,LoadScreenArt\LoadScreenGiant01.nif
LoadScreenWRTempleTree02,00108D69,LoadScreenArt\LoadScreenWRTempleTree02.nif
LoadScreenEnchantingWorkbench,00108D6A,LoadScreenArt\LoadScreenEnchantingWorkbench.nif
LoadScreenShrineAkatosh,00108D6C,LoadScreenArt\LoadScreenShrineAkatosh.nif
LoadScreenAlchemyWorkbench,00108D6D,LoadScreenArt\LoadScreenAlchemyWorkbench.nif
1stPersonGhostblade,00108E40,Weapons\Draugr\DraugrMagicSword.nif
ImpExtHelgenWall01NOLOD,0010912E,Dungeons\Imperial\ExteriorHelgen\ImpExtHelgenWall01.nif
ImpExtHelgenWallDivider01NOLOD,0010912F,Dungeons\Imperial\ExteriorHelgen\ImpExtHelgenWallDivider01.nif
LoadScreenShrineArkay,001091D9,Clutter\Shrines\ShrineArkay.nif
LoadScreenShrineDibella,001091DA,Clutter\Shrines\ShrineDibella.nif
LoadScreenShrineJulianos,001091DB,Clutter\Shrines\ShrineJulianos.nif
LoadScreenShrineKynareth,001091DC,Clutter\Shrines\ShrineKynareth.nif
LoadScreenShrineMara,001091DD,Clutter\Shrines\ShrineMara.nif
LoadScreenShrineStendarr,001091DE,Clutter\Shrines\ShrineStendarr.nif
LoadScreenShrineTalos,001091DF,Clutter\Shrines\ShrineTalos.nif
LoadScreenShrineZenithar,001091E0,Clutter\Shrines\ShrineZenithar.nif
WordWallHighHrothgarRubble01,001091E1,Dungeons\Nordic\Chambers\WordWallHighHrothgarRubble01.nif
WordWallHighHrothgarRubble02,001091E2,Dungeons\Nordic\Chambers\WordWallHighHrothgarRubble02.nif
WordWallHighHrothgarRubble03,001091E3,Dungeons\Nordic\Chambers\WordWallHighHrothgarRubble03.nif
WordWallHighHrothgarRubble04,001091E4,Dungeons\Nordic\Chambers\WordWallHighHrothgarRubble04.nif
FXWaterfallBodyTall02_static,001091F0,Effects\FXWaterfallBodyTall02.nif
WinterholdSymbol01,001092A3,Architecture\Winterhold\WinterholdSymbol01.nif
FarmhouseSilo_FallForestDirt01,001093E3,Architecture\Solitude\Farms\SFarmhouseSilo.nif
LoadScreenPotions01,0010950F,LoadScreenArt\LoadScreenPotions01.nif
LoadScreenShrineOfAzura01,00109512,Clutter\Statues\ShrineOfAzura01.nif
LoadScreenLogo,00109515,LoadScreenArt\LoadScreenLogo.nif
LoadScreenClavicusVileMask,00109518,LoadScreenArt\LoadScreenClavicusVileMask.nif
LoadScreenSkeever,0010951B,LoadScreenArt\LoadScreenSkeever.nif
LoadScreenSphere,0010951C,LoadScreenArt\LoadScreenSphere.nif
LoadScreenSteam,0010951D,LoadScreenArt\LoadScreenSteam.nif
LoadScreenTroll,0010951E,LoadScreenArt\LoadScreenTroll.nif
LoadScreenDeer,0010951F,LoadScreenArt\LoadScreenDeer.nif
LoadScreenMammoth,00109522,LoadScreenArt\LoadScreenMammoth.nif
LoadScreenFalmer02,00109528,LoadScreenArt\LoadScreenFalmer02.nif
LoadScreenBearBrown,00109529,LoadScreenArt\LoadScreenBearBrown.nif
LoadScreenDraugrMale,0010952B,LoadScreenArt\LoadscreenMaleDraugr.nif
LoadScreenHagraven,0010952C,LoadScreenArt\LoadScreenHagraven01.nif
RockShelf01WRDirt,0010961E,Landscape\Rocks\RockShelf01.nif
WRWallStr01NoHighColl,00109621,Architecture\WhiteRun\WRCityWalls\WRWallStr01NoHighColl.nif
WRWallCap01NoHighCol,00109622,Architecture\WhiteRun\WRCityWalls\WRWallCap01NoHighCol.nif
WRWallStrUp128Shift128NoHighCol,00109623,Architecture\WhiteRun\WRCityWalls\WRWallStrUp128Shift128NoHighCol.nif
WinterholdBannerPost01,0010967C,Architecture\Winterhold\WinterholdBannerPost01.nif
WinterholdTowerIntWall10,0010967E,Architecture\Winterhold\WinterholdTowerIntWall10.nif
WinterholdTowerIntFloor02,001096C3,Architecture\Winterhold\WinterholdTowerIntFloor02.nif
MAGINVTurnUndead,001097CA,Magic\MAGINVTurnUndead.nif
MAGINVTelekinesis,001097CB,Magic\MAGINVTelekinesis.nif
MAGINVReanimate,001097CC,Magic\MAGINVReanimate.nif
MAGINVBanish,001097CD,Magic\MAGINVBanish.nif
RTLampPost01,001097E7,Architecture\Riften\RTLampPost01.nif
WinterholdPit01,00109802,Architecture\Winterhold\WinterholdPit01.nif
MAGINVAlteration,00109AC2,Magic\MAGINVAlteration.nif
MAGINVInvisibility,00109AC3,Magic\MAGINVInvisibility.nif
RockPileL02WetRiverbedEdge01,00109B3C,Landscape\Rocks\WetRocks\RockPileL02Wet.nif
StockadeBarrier01Heavy_SN,00109B48,Clutter\Stockade\StockadeBarrier01.nif
HighPolyNoteBlood,00109DDA,Clutter\Books\Note01\Note01Bloody.nif
NorEnchantedDias01,00109E57,Dungeons\Nordic\Clutter\NorEnchantedDias01.nif
ChoppingBlockBloody01,00109E7D,Clutter\Chopping Block\ChoppingBlock01.nif
MAGInvParalyze,0010A046,Magic\MAGInvParalyze.nif
LoadScreenHorse_and_Rider,0010A15E,LoadScreenArt\LoadScreenHorse_and_Rider.nif
LoadScreenDog,0010A15F,LoadScreenArt\LoadScreenDog.nif
LoadScreenWolves,0010A160,LoadScreenArt\LoadScreenWolves.nif
LoadScreenDragonPriest,0010A161,LoadScreenArt\LoadScreenDragonPriest.nif
LoadScreenDwarvenSpider,0010A162,LoadScreenArt\LoadScreenDwarvenSpider.nif
LoadScreenFrostbiteSpider,0010A163,LoadScreenArt\LoadScreenFrostbiteSpider.nif
LoadScreenSlaughterFish,0010A164,LoadScreenArt\LoadScreenSlaughterFish.nif
LoadScreenSabreCat,0010A165,LoadScreenArt\LoadScreenSabreCat.nif
LoadScreenHorseMulti,0010A166,LoadScreenArt\LoadScreenHorseMulti.nif
LoadScreenBronzeDragon,0010A169,LoadScreenArt\LoadScreenBronzeDragon.nif
LoadScreenMudcrab,0010A16F,LoadScreenArt\LoadScreenMudcrab.nif
LoadScreenChurus,0010A170,LoadScreenArt\LoadScreenChurus.nif
LoadScreenMalacathStatue,0010A177,Clutter\Statues\MalacathStatue01.nif
LoadScreenStatueofMeridia01,0010A17A,Clutter\Statues\StatueofMeridia01.nif
LoadScreenStatueNamira,0010A17B,Clutter\Statues\StatueNamira.nif
LoadScreenWerewolf,0010A17C,LoadScreenArt\LoadScreenWerewolf.nif
DirtCliffs01NOLOCAL,0010A7F5,Landscape\DirtCliffs\DirtCliffs01.nif
LoadScreenDragonAlduin,0010A963,LoadScreenArt\LoadScreenAlduinWall.nif
LoadScreenCow,0010A965,LoadScreenArt\LoadScreenCow.nif
RockCliff01RocksIce,0010AA1C,Landscape\Rocks\RockCliff01.nif
RockL04Ice,0010AA1D,Landscape\Rocks\RockL04.nif
RockL05Ice,0010AA1E,Landscape\Rocks\RockL05.nif
RockPileL01Ice,0010AA1F,Landscape\Rocks\RockPileL01.nif
RockM03Ice,0010AA20,Landscape\Rocks\RockM03.nif
RockM02Ice,0010AA21,Landscape\Rocks\RockM02.nif
RuinsLargeCeilingSconceIce,0010AA22,Clutter\Ruins\RuinCeilingSconce01.nif
RuinsSconceIce,0010AA23,Clutter\Ruins\RuinSconce01.nif
NorTempleExteriorRibFree01Ice,0010AA24,Dungeons\Nordic\Exterior\NorTempleExteriorRibFree01.nif
NorTempleExteriorRibFree03Ice,0010AA25,Dungeons\Nordic\Exterior\NorTempleExteriorRibFree03.nif
NorBridgeCage02aIce,0010AA26,Dungeons\Nordic\Bridges\NorBridgeCage02a.nif
NorExSmFree01Ice,0010AA27,Dungeons\Nordic\SmRooms\NorExSmFree01.nif
NorCatHallBg1wayEndCapExSm01Ice,0010AA28,Dungeons\Nordic\Catacombs\BgHalls\NorCatHallBg1wayEndCapExSm01.nif
NorCatHallBg1wayRamp256Ice,0010AA29,Dungeons\Nordic\Catacombs\BgHalls\NorCatHallBg1wayRamp256.nif
NorHallExSmExtension01Ice,0010AA2A,Dungeons\Nordic\BgHalls\NorHallExSmExtension01.nif
NorRubblePile03Ice,0010AA2B,Dungeons\Nordic\Rubble\NorRubblePile03.nif
NorRubblePile01LightIce,0010AA2C,Dungeons\Nordic\Rubble\NorRubblePile01.nif
NorTmpExtPlatFloorRaised01Ice,0010AA2D,Dungeons\Nordic\Exterior\NorTmpExtPlatFloorRaised01.nif
NorTmpExtPlatCorOut01Ice,0010AA2E,Dungeons\Nordic\Exterior\NorTmpExtPlatCorOut01.nif
NorTmpExtPlatStairCapR01Ice,0010AA2F,Dungeons\Nordic\Exterior\NorTmpExtPlatStairCapR01.nif
NorTmpExtPlatStairCapL01Ice,0010AA30,Dungeons\Nordic\Exterior\NorTmpExtPlatStairCapL01.nif
NorExtRubblePile07_Ice,0010AA31,Dungeons\Nordic\Exterior\Rubble\NorExtRubblePile07.nif
NorExtRubblePile06_Ice,0010AA32,Dungeons\Nordic\Exterior\Rubble\NorExtRubblePile06.nif
NorTempleExteriorRibFree05Ice,0010AA33,Dungeons\Nordic\Exterior\NorTempleExteriorRibFree05.nif
NorTempleExteriorRibFree04Ice,0010AA34,Dungeons\Nordic\Exterior\NorTempleExteriorRibFree04.nif
NorTmpExtPlatFloorRaised01HeavyIce,0010AA35,Dungeons\Nordic\Exterior\NorTmpExtPlatFloorRaised01.nif
NorTmpExtPlatTowerBridge01Ice,0010AA36,Dungeons\Nordic\Exterior\NorTmpExtPlatTowerBridge01.nif
NorTempleExteriorRibFree07Ice,0010AA38,Dungeons\Nordic\Exterior\NorTempleExteriorRibFree07.nif
NorTmpExtPlatWall02Ice,0010AA39,Dungeons\Nordic\Exterior\NorTmpExtPlatWall02.nif
RockCliff02HeavyIce,0010AA3B,Landscape\Rocks\RockCliff02.nif
ImpRubblePileSmall01LPineForest01,0010AA95,Dungeons\Imperial\ClutterKits\ImpRubblePileSmall01.nif
NorCatHallBg1wayEndCapExSm01LightIce,0010AADA,Dungeons\Nordic\Catacombs\BgHalls\NorCatHallBg1wayEndCapExSm01.nif
NorCatHallBg1wayRamp256LightIce,0010AADB,Dungeons\Nordic\Catacombs\BgHalls\NorCatHallBg1wayRamp256.nif
NorCatHallSm1wayEndCapExSm01LightIce,0010AADC,Dungeons\Nordic\Catacombs\SmHalls\NorCatHallSm1wayEndCapExSm01.nif
NorCatHallSm2way01LightIce,0010AADD,Dungeons\Nordic\Catacombs\SmHalls\NorCatHallSm2way01.nif
NorTmpExtPlatStairCapL01LightIce,0010AADE,Dungeons\Nordic\Exterior\NorTmpExtPlatStairCapL01.nif
NorTmpExtPlatStairCapR01LightIce,0010AADF,Dungeons\Nordic\Exterior\NorTmpExtPlatStairCapR01.nif
NorTmpExtPlatCorOut01LightIce,0010AAE0,Dungeons\Nordic\Exterior\NorTmpExtPlatCorOut01.nif
NorExtRubblePile07_LightIce,0010AAE1,Dungeons\Nordic\Exterior\Rubble\NorExtRubblePile07.nif
NorExtRubblePile04_LightIce,0010AAE2,Dungeons\Nordic\Exterior\Rubble\NorExtRubblePile04.nif
NorExtRubblePile06_LightIce,0010AAE3,Dungeons\Nordic\Exterior\Rubble\NorExtRubblePile06.nif
NorRmSmFloorRaised02LightIce,0010AAE4,Dungeons\Nordic\SmRooms\NorRmSmFloorRaised02.nif
NorRmSmFloorRaised01LightIce,0010AAE5,Dungeons\Nordic\SmRooms\NorRmSmFloorRaised01.nif
NorRubblePile04LightIce,0010AAE6,Dungeons\Nordic\Rubble\NorRubblePile04.nif
NorRubblePile06LightIce,0010AAE7,Dungeons\Nordic\Rubble\NorRubblePile06.nif
NorRubblePile05LightIce,0010AAE8,Dungeons\Nordic\Rubble\NorRubblePile05.nif
CaveIRockPileS02LightIce,0010AAE9,Dungeons\Caves\Ice\Rocks\CaveIRockPileS02.nif
NorTmpExtPlatTowerBridge01LightIce,0010AAEA,Dungeons\Nordic\Exterior\NorTmpExtPlatTowerBridge01.nif
NorExtRubblePile01_LightIce,0010AAEB,Dungeons\Nordic\Exterior\Rubble\NorExtRubblePile01.nif
NorExtRubblePile01_Ice,0010AAEC,Dungeons\Nordic\Exterior\Rubble\NorExtRubblePile01.nif
LoadScreenTrollCave,0010AB3A,LoadScreenArt\LoadScreenTrollCave.nif
LoadScreenHagraven02,0010AB3D,LoadScreenArt\LoadScreenHagraven02.nif
MAGINVBoundWeapon,0010AB43,Magic\MAGINVBoundWeapon.nif
FirewoodPileHuge1,0010ACC2,Clutter\Firewood\FirewoodPileHuge01.nif
RockCliff01FallForestDirt01,0010B138,Landscape\Rocks\RockCliff01.nif
PowShrine01,0010B165,Clutter\PowerShrines\PowerShrine01\PowShrine01.nif
LoadScreenThiefStone,0010B16A,Clutter\PowerShrines\PowerShrine01\ThiefStone.nif
LoadScreenNMCoffin,0010B174,Clutter\NightMother\NMCoffin01.nif
LoadScreenNordPlateCuirass,0010B177,Armor\NordPlate\Cuirass_GO.nif
SMDDFloSol02,0010B1A5,Architecture\Solitude\Interiors\SMDDFloSol02.nif
LoadScreenNocStatue,0010B2CE,Clothes\Nocturnal\Statue.nif
LoadScreenGreybeard,0010BEA6,Actors\Male\GreyBeardStatic.nif
LoadScreenNMCoffin01,0010BFB6,LoadScreenArt\LoadScreenNMCoffin01.nif
LoadScreenInstruments,0010BFB7,LoadScreenArt\LoadScreenInstruments.nif
LoadScreenGreyBeardStatic,0010BFB8,Actors\Male\GreyBeardStatic.nif
LoadScreenBlackBriar01,0010BFBB,LoadScreenArt\LoadScreenBlackBriar01.nif
LoadScreenArgonian,0010BFBC,LoadScreenArt\LoadScreenArgonian.nif
LoadScreenDraugrFemale,0010BFC2,LoadScreenArt\LoadScreenDraugrFemale.nif
LoadscreenSpriggan,0010BFC3,LoadScreenArt\LoadscreenSpriggan.nif
Barrel02Static,0010C0E3,Clutter\Barrel02.nif
DweSpecStand01,0010C1DC,Dungeons\Dwemer\Animated\DweRepository\DweSpecStand01.nif
INV_SkyrimCloudShape06_O_25,0010C48B,Sky\INV_CloudShape06_O_25.nif
INV_SkyrimCloudShape06_O,0010C48C,Sky\INV_CloudShape06_O.nif
INV_SkyrimCloudShape06_50,0010C48D,Sky\INV_CloudShape06_50.nif
INV_SkyrimCloudShape06_25,0010C48E,Sky\INV_CloudShape06_25.nif
INV_SkyrimCloudShape06,0010C48F,Sky\INV_CloudShape06.nif
INV_SkyrimCloudShape05_O_50,0010C490,Sky\INV_CloudShape05_O_50.nif
INV_SkyrimCloudShape05_O_25,0010C491,Sky\INV_CloudShape05_O_25.nif
INV_SkyrimCloudShape05_O,0010C492,Sky\INV_CloudShape05_O.nif
INV_SkyrimCloudShape05_50,0010C493,Sky\INV_CloudShape05_50.nif
INV_SkyrimCloudShape05_25,0010C494,Sky\INV_CloudShape05_25.nif
INV_SkyrimCloudShape05,0010C495,Sky\INV_CloudShape05.nif
INV_SkyrimCloudShape04_O_50,0010C496,Sky\INV_CloudShape04_O_50.nif
INV_SkyrimCloudShape04_O_25,0010C497,Sky\INV_CloudShape04_O_25.nif
INV_SkyrimCloudShape04_O,0010C498,Sky\INV_CloudShape04_O.nif
INV_SkyrimCloudShape04_50,0010C499,Sky\INV_CloudShape04_50.nif
INV_SkyrimCloudShape04_25,0010C49A,Sky\INV_CloudShape04_25.nif
INV_SkyrimCloudShape04,0010C49B,Sky\INV_CloudShape04.nif
INV_SkyrimCloudShape03_O_50,0010C49C,Sky\INV_CloudShape03_O_50.nif
INV_SkyrimCloudShape03_O_25,0010C49D,Sky\INV_CloudShape03_O_25.nif
INV_SkyrimCloudShape03_O,0010C49E,Sky\INV_CloudShape03_O.nif
INV_SkyrimCloudShape03_50,0010C49F,Sky\INV_CloudShape03_50.nif
INV_SkyrimCloudShape03_25,0010C4A0,Sky\INV_CloudShape03_25.nif
INV_SkyrimCloudShape03,0010C4A1,Sky\INV_CloudShape03.nif
INV_SkyrimCloudShape02_O_50,0010C4A2,Sky\INV_CloudShape02_O_50.nif
INV_SkyrimCloudShape02_O_25,0010C4A3,Sky\INV_CloudShape02_O_25.nif
INV_SkyrimCloudShape02_O,0010C4A4,Sky\INV_CloudShape02_O.nif
INV_SkyrimCloudShape02_50,0010C4A5,Sky\INV_CloudShape02_50.nif
INV_SkyrimCloudShape02_25,0010C4A6,Sky\INV_CloudShape02_25.nif
INV_SkyrimCloudShape02,0010C4A7,Sky\INV_CloudShape02.nif
INV_SkyrimCloudShape01_O_50,0010C4A8,Sky\INV_CloudShape01_O_50.nif
INV_SkyrimCloudShape01_O_25,0010C4A9,Sky\INV_CloudShape01_O_25.nif
INV_SkyrimCloudShape01_O,0010C4AA,Sky\INV_CloudShape01_O.nif
INV_SkyrimCloudShape01_50,0010C4AB,Sky\INV_CloudShape01_50.nif
INV_SkyrimCloudShape01_25,0010C4AC,Sky\INV_CloudShape01_25.nif
INV_SkyrimCloudShape01,0010C4AD,Sky\INV_CloudShape01.nif
INV_SkyrimCloudDistant06_O_50,0010C4AE,Sky\INV_CloudDistant06_O_50.nif
INV_SkyrimCloudDistant06_O_25,0010C4AF,Sky\INV_CloudDistant06_O_25.nif
INV_SkyrimCloudDistant06_O,0010C4B0,Sky\INV_CloudDistant06_O.nif
INV_SkyrimCloudDistant06_50,0010C4B1,Sky\INV_CloudDistant06_50.nif
INV_SkyrimCloudDistant06_25,0010C4B2,Sky\INV_CloudDistant06_25.nif
INV_SkyrimCloudDistant06,0010C4B3,Sky\INV_CloudDistant06.nif
INV_SkyrimCloudDistant05_O_50,0010C4B4,Sky\INV_CloudDistant05_O_50.nif
INV_SkyrimCloudDistant05_O_25,0010C4B5,Sky\INV_CloudDistant05_O_25.nif
INV_SkyrimCloudDistant05_O,0010C4B6,Sky\INV_CloudDistant05_O.nif
INV_SkyrimCloudDistant05_50,0010C4B7,Sky\INV_CloudDistant05_50.nif
INV_SkyrimCloudDistant05_25,0010C4B8,Sky\INV_CloudDistant05_25.nif
INV_SkyrimCloudDistant05,0010C4B9,Sky\INV_CloudDistant05.nif
INV_SkyrimCloudDistant04_O_50,0010C4BA,Sky\INV_CloudDistant04_O_50.nif
INV_SkyrimCloudDistant04_O_25,0010C4BB,Sky\INV_CloudDistant04_O_25.nif
INV_SkyrimCloudDistant04_O,0010C4BC,Sky\INV_CloudDistant04_O.nif
INV_SkyrimCloudDistant04_50,0010C4BD,Sky\INV_CloudDistant04_50.nif
INV_SkyrimCloudDistant04_25,0010C4BE,Sky\INV_CloudDistant04_25.nif
INV_SkyrimCloudDistant04,0010C4BF,Sky\INV_CloudDistant04.nif
INV_SkyrimCloudDistant03_O_50,0010C4C0,Sky\INV_CloudDistant03_O_50.nif
INV_SkyrimCloudDistant03_O_25,0010C4C1,Sky\INV_CloudDistant03_O_25.nif
INV_SkyrimCloudDistant03_O,0010C4C2,Sky\INV_CloudDistant03_O.nif
INV_SkyrimCloudDistant03_50,0010C4C3,Sky\INV_CloudDistant03_50.nif
INV_SkyrimCloudDistant03_25,0010C4C4,Sky\INV_CloudDistant03_25.nif
INV_SkyrimCloudDistant03,0010C4C5,Sky\INV_CloudDistant03.nif
INV_SkyrimCloudDistant02_O_50,0010C4C6,Sky\INV_CloudDistant02_O_50.nif
INV_SkyrimCloudDistant02_O_25,0010C4C7,Sky\INV_CloudDistant02_O_25.nif
INV_SkyrimCloudDistant02_O,0010C4C8,Sky\INV_CloudDistant02_O.nif
INV_SkyrimCloudDistant02_50,0010C4C9,Sky\INV_CloudDistant02_50.nif
INV_SkyrimCloudDistant02_25,0010C4CA,Sky\INV_CloudDistant02_25.nif
INV_SkyrimCloudDistant02,0010C4CB,Sky\INV_CloudDistant02.nif
INV_SkyrimCloudDistant01_O_50,0010C4CC,Sky\INV_CloudDistant01_O_50.nif
INV_SkyrimCloudDistant01_O_25,0010C4CD,Sky\INV_CloudDistant01_O_25.nif
INV_SkyrimCloudDistant01_O,0010C4CE,Sky\INV_CloudDistant01_O.nif
INV_SkyrimCloudDistant01_50,0010C4CF,Sky\INV_CloudDistant01_50.nif
INV_SkyrimCloudDistant01_25,0010C4D0,Sky\INV_CloudDistant01_25.nif
INV_SkyrimCloudDistant01,0010C4D1,Sky\INV_CloudDistant01.nif
INV_SkyrimCloudShape06_O_50,0010C4D2,Sky\INV_CloudShape06_O_50.nif
LoadScreenWindCallerTomb01,0010C618,LoadScreenArt\LoadScreenWCTomb01.nif
LoadscreenSwampDragon1,0010C61C,LoadScreenArt\LoadscreenSwampDragon1.nif
LoadscreenFrostDragon1,0010C61D,LoadScreenArt\LoadscreenFrostDragon1.nif
LoadScreenDwarvenArmor,0010C620,LoadScreenArt\LoadScreenDwarvenArmor.nif
LoadScreenMaskAltar01,0010C622,LoadScreenArt\LoadScreenMaskAltar01.nif
LoadScreenRunedStand01,0010C623,LoadScreenArt\LoadScreenRunedStand01.nif
LoadScreenStatueYsgramor,0010C629,LoadScreenArt\LoadScreenStatueYsgramor.nif
LoadScreenDragonscaleShield,0010C6CA,Armor\Dragonscale\DragonscaleShield.nif
LoadScreenDaedricShield,0010C6CC,Armor\Daedric\1stPersonDaedricShield.nif
LoadScreenElvenShield,0010C6CD,Armor\Elven\ElvenShield.nif
LoadScreenDragonscaleCuirass,0010C6CE,Armor\Dragonscale\DragonscaleCuirassGO.nif
LoadScreenBoneCrown,0010C6D9,Armor\BoneCrown\BoneCrownGO.nif
LoadscreenOdahviing,0010C6DC,LoadScreenArt\LoadscreenOdahviing.nif
LoadscreenSkeleton,0010C6DD,LoadScreenArt\LoadscreenSkeleton.nif
1stPersonSilverSword,0010C6FC,Weapons\Silver\1stPersonSilverSword.nif
1stPersonSilverGreatSword,0010C6FD,Weapons\Silver\1stPersonSilverGreatSword.nif
CookingSpitFarmhouse01,0010C73A,Clutter\CookingSpitFarmhouse01.nif
LoadScreenBretonMage,0010CC2D,LoadScreenArt\LoadScreenBretonMage.nif
LoadScreenRiftenShield,0010CC2E,Armor\StormCloaks\shield.nif
LoadScreenSpellbreaker,0010CC31,Armor\Spellbreaker\Spellbreaker.nif
LoadScreenSolitudeShield,0010CC32,LoadScreenArt\LoadScreenSolitudeShield.nif
LoadScreenMarkarthShield,0010CC33,LoadScreenArt\LoadScreenMarkarthShield.nif
LoadScreenHjaalmarchShield,0010CC34,LoadScreenArt\LoadScreenHjaalmarchShield.nif
LoadScreenFalkreathShield,0010CC35,LoadScreenArt\LoadScreenFalkreathShield.nif
LoadScreenDawnStarShield,0010CC36,LoadScreenArt\LoadScreenDawnStarShield.nif
LoadScreenWinterholdShield,0010CC37,LoadScreenArt\LoadScreenWinterholdShield.nif
LoadScreenWindhelmShield,0010CC38,LoadScreenArt\LoadScreenWindhelmShield.nif
LoadScreenWhiterunShield,0010CC39,LoadScreenArt\LoadScreenWhiterunShield.nif
LoadScreenDragonSkull,0010CC3C,Clutter\DeadAnimals\DragonBonesSkull01.nif
LoadScreenCompanionsHelm,0010CC3D,Armor\Wolf\Hat_GO.nif
LoadscreenHorker1,0010CC3F,LoadScreenArt\LoadscreenHorker1.nif
LoadScreenHelmetBlades,0010CC42,Armor\Blades\HelmetBladesGO.nif
LoadScreenGlassShield,0010CC50,Armor\Glass\GlassShield.nif
FirewoodPileHuge1_LightSN,0010CD8F,Clutter\Firewood\FirewoodPileHuge01.nif
LoadScreenMaleOrc_1,0010CDC0,LoadScreenArt\LoadScreenMaleOrc_1.nif
WRIntDragonRoomBalconyCap01,0010CDC2,Architecture\WhiteRun\WRInteriors\WRCastle\WRIntDragonRoomBalconyCap01.nif
LoadScreenRedguardMale,0010CDD3,LoadScreenArt\LoadScreenMaleRedguard_1.nif
DweRoadStraightLongRamp01_CaveG,0010D09E,Dungeons\Dwemer\Roads\DweRoadStraightLongRamp01.nif
LoadScreenGrayFoxBust,0010D180,Clutter\GrayFox\GrayFox.nif
LoadScreenPotemasSkull,0010D181,Clutter\Potema\PotemasSkull.nif
LoadScreenImperialHelmet,0010D182,Armor\Imperial\HelmetFullFaceGND.nif
LoadscreenStormcloakHelmet,0010D183,Armor\StormCloaks\HelmetGO.nif
LoadScreenSpellTomeRestoration,0010D185,LoadScreenArt\LoadScreenSpellTomeRestoration.nif
LoadScreenSpellTomeIllusion,0010D186,LoadScreenArt\LoadScreenSpellTomeIllusion.nif
LoadScreenSpellTomeDestruction,0010D187,LoadScreenArt\LoadScreenSpellTomeDestruction.nif
LoadScreenSpellTomeConjuration,0010D188,LoadScreenArt\LoadScreenSpellTomeConjuration.nif
LoadScreenSpellTomeAlteration,0010D189,LoadScreenArt\LoadScreenSpellTomeAlteration.nif
LoadScreenDBDoor01,0010D18A,Clutter\DBhood\DBDoor01.nif
LoadScreenSoulGemGrand01,0010D18B,Clutter\SoulGem\SoulGemGrand01.nif
DweClutterPedestal02_Snow,0010D2CE,Dungeons\Dwemer\Clutter\DweClutterPedestal02.nif
LoadScreenFemaleWoodElf,0010D3BC,LoadScreenArt\LoadScreenFemaleWoodElf.nif
CookingSpitRiften01,0010D3DB,Clutter\CookingSpitRiften01.nif
RockPileL04SnowRocks01_LightSN,0010D4A1,Landscape\Rocks\RockPileL04.nif
RockCaveEntrance01SnowCustom03IceFrozen02,0010D822,Landscape\Rocks\RockCaveEntrance01.nif
LoadScreenArgonianBarkeep,0010D9B0,LoadScreenArt\LoadScreenArgonianBarkeep.nif
LoadScreenThalmorBoots,0010D9B1,Clothes\Thalmor\ThalmorBootsGO.nif
LoadScreenMetalCage,0010DDCC,LoadScreenArt\LoadScreenMetalCage.nif
DBStainglass03,0010DE0D,Clutter\DBhood\DBStainglass03.nif
TG00FalmerbloodStatic,0010DE3D,Clutter\Potions\PotionHealthExtreme.nif
LoadScreenFalmer01,0010DE97,LoadScreenArt\LoadScreenFalmer01.nif
LoadScreenKhajiitThief,0010DE98,LoadScreenArt\LoadScreenKhajiitThief.nif
LoadScreenBookSkyrim,0010DEA5,LoadScreenArt\LoadScreenBookSkyrim.nif
SignWHCandlehearthInn02,0010E3B7,Clutter\Signage\Windhelm\SignWHCandlehearthInn02.nif
LoadScreenMaleHighElf,0010E43A,LoadScreenArt\LoadScreenMaleHighElf.nif
MrkCityIntCWwall01,0010E453,Dungeons\Dwemer\Clutter\MrkCityIntCWwall01.nif
MrkCityIntCWwall02,0010E454,Dungeons\Dwemer\Clutter\MrkCityIntCWwall02.nif
MrkCityIntCWwall03,0010E455,Dungeons\Dwemer\Clutter\MrkCityIntCWwall03.nif
LoadscreenTrollClean,0010E70B,LoadScreenArt\LoadscreenTrollClean.nif
LoadScreenFemaleImperial,0010E70C,LoadScreenArt\LoadScreenFemaleImperial.nif
1stPersonDraugrMagicBow,0010E734,Weapons\Draugr\DraugrMagicBowSkinned.nif
1stPersonDraugrMagicBattleAxe,0010E735,Weapons\Draugr\DraugrMagicBattleAxe.nif
1stPersonDraugrMagicSword,0010E736,Weapons\Draugr\DraugrMagicSword.nif
LoadScreenShopsMagic01,0010E858,LoadScreenArt\LoadScreenShopsMagic01.nif
LoadScreenSinister01,0010E859,LoadScreenArt\LoadScreenSinister01.nif
LoadScreenThief01,0010E85A,LoadScreenArt\LoadScreenThief01.nif
LoadScreenMoney01,0010E85B,LoadScreenArt\LoadScreenMoney01.nif
LoadScreenReagent01,0010E85C,LoadScreenArt\LoadScreenReagent01.nif
LoadScreenWar01,0010E85D,LoadScreenArt\LoadScreenWar01.nif
LoadScreenAdventure01,0010E85E,LoadScreenArt\LoadScreenAdventure01.nif
LoadScreenSmith01,0010E85F,LoadScreenArt\LoadScreenSmith01.nif
LoadScreenMarket01,0010E860,LoadScreenArt\LoadScreenMarket01.nif
LoadScreenTown01,0010E861,LoadScreenArt\LoadScreenTown01.nif
NorExtRubblePiece04,0010E9E5,Dungeons\Nordic\Rubble\NorRubblePiece04.nif
NorExtRubblePiece02,0010E9E6,Dungeons\Nordic\Rubble\NorRubblePiece02.nif
NorExtRubblePiece03,0010E9E7,Dungeons\Nordic\Rubble\NorRubblePiece03.nif
NorExtRubblePiece01,0010E9E8,Dungeons\Nordic\Rubble\NorRubblePiece01.nif
NorExtRubblePiece05,0010E9E9,Dungeons\Nordic\Rubble\NorRubblePiece05.nif
NorExtRubblePiece03_HeavySN,0010E9EB,Dungeons\Nordic\Rubble\NorRubblePiece03.nif
MarkarthBanner01,0010EA43,Architecture\WhiteRun\WRClutter\WRJovaskrBanner01.nif
MAGINVShoutFire,0010EA46,Magic\MAGINVShoutFire.nif
MAGINVShoutPinkMagic,0010EA47,Magic\MAGINVShoutPinkMagic.nif
MAGINVShoutSelfWhite,0010EA48,Magic\MAGINVShoutSelfWhite.nif
MAGINVShoutEtherial,0010EA49,Magic\MAGINVEtherial.nif
Barrel02Static_HeavySN,0010EAF1,Clutter\Barrel02.nif
LoadScreenDarkElf,0010EB01,LoadScreenArt\LoadScreenMaleDarkElf.nif
MrkDocksidePlatforms03stairs,0010EC69,Architecture\Markarth\MrkDocksidePlatforms03stairs.nif
MAGINVShoutPurple,0010F0FA,Magic\MAGINVShoutPurple.nif
MAGINVShoutBlueMagic,0010F0FB,Magic\MAGINVShoutBlueMagic.nif
MAGINVShoutFrost,0010F0FC,Magic\MAGINVShoutFrost.nif
MAGINVShoutSlowTime,0010F0FD,Magic\MAGINVShoutSlowTime.nif
MAGINVShoutIce,0010F0FE,Magic\MAGINVShoutIce.nif
MAGINVShoutKynes,0010F0FF,Magic\MAGINVShoutKynes.nif
LoadScreenOrcishShield,0010F12D,Armor\Orcish\OrcishShield.nif
LoadScreenSteelShield,0010F12E,Armor\Steel\Shield.nif
LoadScreenIronShieldHeavy,0010F12F,Armor\Iron\ShieldHeavy.nif
LoadScreenImperialShield,0010F130,Armor\Imperial\ImperialShield.nif
ICLOD,0010F167,LOD\ICLOD.nif
LoadScreenNord,0010F18C,LoadScreenArt\LoadScreenMaleNord.nif
FXAlduinExplosionPreLoader,0010F1ED,Effects\FXAlduinExplosion.nif
AtrFrgSigilStoneStatic,0010F738,Clutter\Quest\SigilStoneStatic.nif
LoadScreenHelmetDaedric,0010FCCE,Armor\Daedric\DaedricHelmetGO.nif
LoadScreenHelmetDragonscale,0010FCCF,Armor\Dragonscale\DragonscaleHelmetGO.nif
LoadScreenHelmetDraugr,0010FCD0,Armor\Draugr\DraugrHelmetMale_GO.nif
LoadScreenHelmetElbony,0010FCD1,Armor\Ebony\M\HelmetGND.nif
LoadScreenHelmetElven,0010FCD2,Armor\Elven\M\HelmetGND.nif
LoadScreenHelmetGlass,0010FCD3,Armor\Glass\M\HelmetGlassGO.nif
LoadScreenHelmetNordPlate,0010FCD4,Armor\NordPlate\Helmet_GO.nif
LoadScreenHelmetSteel,0010FCD5,Armor\Steel\HelmetSteelGO.nif
LoadscreenHelmetStudded,0010FCD6,Armor\Studded\Male\helmet_GO.nif
MAGINVAbsorb,0010FEF4,Magic\MAGINVAbsorb.nif
TundraStreamBend01ReachMoss01,01002F5B,Landscape\Tundra\TundraStreamBend01.nif
TundraStreamBend01ReachMoss01ReachDirt01,01002F5C,Landscape\Tundra\TundraStreamBend01.nif
ccBGS_RootHall3way,01003070,CreationClub\_Shared\Dungeons\Root\RootHall3way.nif
ccBGS_RootHall4way,01003071,CreationClub\_Shared\Dungeons\Root\RootHall4way.nif
ccBGS_RootHallEndcap,01003072,CreationClub\_Shared\Dungeons\Root\RootHallEndcap.nif
ccBGS_RootHallRamp01,01003073,CreationClub\_Shared\Dungeons\Root\RootHallRamp01.nif
ccBGS_RootHallTurn,01003074,CreationClub\_Shared\Dungeons\Root\RootHallTurn.nif
ccBGS_RootHall2way,01003075,CreationClub\_Shared\Dungeons\Root\RootHall2way.nif
ccBGS_FireStalkBud,01003076,CreationClub\_Shared\Dungeons\Root\Clutter\FireStalkBud.nif
ccBGS_RootMoundRound01,01003077,CreationClub\_Shared\Dungeons\Root\Clutter\RootMoundRound01.nif
ccBGS_RootWeeds01,01003078,CreationClub\_Shared\Dungeons\Root\Clutter\RootWeeds01.nif
ccBGS_ThinMushroomTree02,0100307A,CreationClub\_Shared\Landscape\Trees\Mania\ThinMushroomTree02.nif
ccBGS_ThinMushroomTree03,0100307B,CreationClub\_Shared\Landscape\Trees\Mania\ThinMushroomTree03.nif
ccBGS_ThinMushroomTree04,0100307C,CreationClub\_Shared\Landscape\Trees\Mania\ThinMushroomTree04.nif
ccBGS_ThinMushroomTree05,0100307D,CreationClub\_Shared\Landscape\Trees\Mania\ThinMushroomTree05.nif
ccBGS_ThinMushroomTree06,0100307E,CreationClub\_Shared\Landscape\Trees\Mania\ThinMushroomTree06.nif
ccBGS_ThinMushroomTreeCluster01,0100307F,CreationClub\_Shared\Landscape\Trees\Mania\ThinMushroomTreeCluster01.nif
ccBGS_ThinMushroomTreeCluster02,01003080,CreationClub\_Shared\Landscape\Trees\Mania\ThinMushroomTreeCluster02.nif
ccBGS_ThinMushroomTreeCluster03,01003081,CreationClub\_Shared\Landscape\Trees\Mania\ThinMushroomTreeCluster03.nif
ccBGS_ThinMushroomTree01,01003082,CreationClub\_Shared\Landscape\Trees\Mania\ThinMushroomTree01.nif
ccBGS_RootHallShift01,01003083,CreationClub\_Shared\Dungeons\Root\RootHallShift01.nif
ccBGS_RootHallShift02,01003084,CreationClub\_Shared\Dungeons\Root\RootHallShift02.nif
ccBGS_GiantRoot01,01003085,CreationClub\_Shared\Dungeons\Root\Clutter\GiantRoot01.nif
ccBGS_GiantRoot02,01003086,CreationClub\_Shared\Dungeons\Root\Clutter\GiantRoot02.nif
ccBGS_GiantRoot03,01003087,CreationClub\_Shared\Dungeons\Root\Clutter\GiantRoot03.nif
ccBGS_GiantRoot04,01003088,CreationClub\_Shared\Dungeons\Root\Clutter\GiantRoot04.nif
ccBGS_RootCluster01,01003091,CreationClub\_Shared\Dungeons\Root\Clutter\RootCluster01.nif
ccBGS_RootCluster02,01003092,CreationClub\_Shared\Dungeons\Root\Clutter\RootCluster02.nif
ccBGS_RootClusterLarge01,010030A4,CreationClub\_Shared\Dungeons\Root\Clutter\RootClusterLarge01.nif
ccBGS_RootClusterLarge02,010030A5,CreationClub\_Shared\Dungeons\Root\Clutter\RootClusterLarge02.nif
CaveGRockS01MineDirt,01003164,Dungeons\Caves\Green\Rocks\CaveGRockS01.nif
ccBGS_ARAltar01,01003166,CreationClub\_Shared\Dungeons\AyleidRuins\Interior\ARAltar01.NIF
ccBGS_ARBridgeGateFrame01,01003167,CreationClub\_Shared\Dungeons\AyleidRuins\Interior\ARBridgeGateFrame01.NIF
ccBGS_ARBrokenBrickRough02a,01003168,CreationClub\_Shared\Dungeons\AyleidRuins\Interior\ARBrokenBrickRough02a.NIF
ccBGS_ARBrokenBrickRough02b,01003169,CreationClub\_Shared\Dungeons\AyleidRuins\Interior\ARBrokenBrickRough02b.NIF
ccBGS_ARBrokenBrickRough03a,0100316A,CreationClub\_Shared\Dungeons\AyleidRuins\Interior\ARBrokenBrickRough03a.nif
ccBGS_ARBrokenBrickRough03b,0100316B,CreationClub\_Shared\Dungeons\AyleidRuins\Interior\ARBrokenBrickRough03b.nif
ccBGS_ARBrokenBrickRough03c,0100316C,CreationClub\_Shared\Dungeons\AyleidRuins\Interior\ARBrokenBrickRough03c.nif
ccBGS_ARCandlePlate01,0100316D,CreationClub\_Shared\Dungeons\AyleidRuins\interior\ARCandlePlate01.nif
ccBGS_ARCandlePlate02,0100316E,CreationClub\_Shared\Dungeons\AyleidRuins\interior\ARCandlePlate02.nif
ccBGS_ARCeiling02,0100316F,CreationClub\_Shared\Dungeons\AyleidRuins\Interior\ARCeiling02.NIF
ccBGS_ARCeilingWelkyndGreen01,01003170,CreationClub\_Shared\Dungeons\AyleidRuins\Interior\ARCeilingWelkydGreen01.NIF
ccBGS_ARDoor01bStatic,01003171,CreationClub\_Shared\Dungeons\AyleidRuins\interior\ARDoor01Ext.nif
ccBGS_ARDoorPlug01,01003172,CreationClub\_Shared\Dungeons\AyleidRuins\Interior\ARDoorPlug01.nif
ccBGS_ARExtRubble01,01003173,CreationClub\_Shared\Dungeons\AyleidRuins\Exterior\ARExtRubble01.nif
ccBGS_ARExtRubble02,01003174,CreationClub\_Shared\Dungeons\AyleidRuins\Exterior\ARExtRubble02.nif
ccBGS_ARExtRubble03,01003175,CreationClub\_Shared\Dungeons\AyleidRuins\Exterior\ARExtRubble03.nif
ccBGS_ARExtRubble04,01003176,CreationClub\_Shared\Dungeons\AyleidRuins\Exterior\ARExtRubble04.nif
ccBGS_ARExtRubble05,01003177,CreationClub\_Shared\Dungeons\AyleidRuins\Exterior\ARExtRubble05.nif
ccBGS_ARExtRubble06,01003178,CreationClub\_Shared\Dungeons\AyleidRuins\Exterior\ARExtRubble06.nif
ccBGS_ARFloor03Broken,01003179,CreationClub\_Shared\Dungeons\AyleidRuins\Interior\ARFloor03Broken.NIF
ccBGS_ARGreatWelkyndStoneBase01,0100317A,CreationClub\_Shared\Dungeons\AyleidRuins\Interior\ARGreatWelkyndStoneBase01.nif
ccBGS_ARGreatWelkyndStoneStatic01,0100317B,CreationClub\_Shared\Dungeons\AyleidRuins\Interior\ARGreatWelkyndStoneStatic01.nif
ccBGS_ARHillsideEntrance01,0100317C,CreationClub\_Shared\Dungeons\AyleidRuins\Exterior\ARHillsideEntrance01.nif
ccBGS_ARLightFixture01,0100317D,CreationClub\_Shared\Dungeons\AyleidRuins\Interior\ARLightFixture01.NIF
ccBGS_ARLightFixture02,0100317E,CreationClub\_Shared\Dungeons\AyleidRuins\Interior\ARLightFixture02.NIF
ccBGS_ARNHall01,0100317F,CreationClub\_Shared\Dungeons\AyleidRuins\Interior\ARNHall01.NIF
ccBGS_ARNHall02,01003180,CreationClub\_Shared\Dungeons\AyleidRuins\Interior\ARNHall02.nif
ccBGS_ARNHall3way01,01003181,CreationClub\_Shared\Dungeons\AyleidRuins\Interior\ARNHall3way01.NIF
ccBGS_ARNHall3way02,01003182,CreationClub\_Shared\Dungeons\AyleidRuins\Interior\ARNHall3way02.NIF
ccBGS_ARNHallDoorFrame01,01003183,CreationClub\_Shared\Dungeons\AyleidRuins\Interior\ARNHallDoorFrame01.NIF
ccBGS_ARNHallStairs01,01003184,CreationClub\_Shared\Dungeons\AyleidRuins\Interior\ARNHallStairs01.NIF
ccBGS_ARNHallStairsEntrance01,01003185,CreationClub\_Shared\Dungeons\AyleidRuins\Interior\ARNHallStairsEntrance01.NIF
ccBGS_ARNHallTurn01,01003186,CreationClub\_Shared\Dungeons\AyleidRuins\Interior\ARNHallTurn01.NIF
ccBGS_ARNHallTurn02,01003187,CreationClub\_Shared\Dungeons\AyleidRuins\Interior\ARNHallTurn02.NIF
ccBGS_ARPedestal02,01003188,CreationClub\_Shared\Dungeons\AyleidRuins\Interior\ARPedestal02.NIF
ccBGS_ARPedestal03,01003189,CreationClub\_Shared\Dungeons\AyleidRuins\Interior\ARPedestal03.NIF
ccBGS_ARPedestal04,0100318A,CreationClub\_Shared\Dungeons\AyleidRuins\Interior\ARPedestal04.NIF
ccBGS_ARPitBridge4way02,0100318B,CreationClub\_Shared\Dungeons\AyleidRuins\Interior\ARPitBridge4way02.NIF
ccBGS_ARPitBridgeArchBroken01,0100318C,CreationClub\_Shared\Dungeons\AyleidRuins\Interior\ARPitBridgeArchBroken01.NIF
ccBGS_ARPitBridgeEndCap01,0100318D,CreationClub\_Shared\Dungeons\AyleidRuins\Interior\ARPitBridgeEndCap01.NIF
ccBGS_ARPitBridgeEndTall01,0100318E,CreationClub\_Shared\Dungeons\AyleidRuins\Interior\ARPitBridgeEndTall01.NIF
ccBGS_ARPitBridgeSolid01,0100318F,CreationClub\_Shared\Dungeons\AyleidRuins\Interior\ARPitBridgeSolid01.NIF
ccBGS_ARPitCornerColumn01,01003190,CreationClub\_Shared\Dungeons\AyleidRuins\Interior\ARPitCornerColumn01.NIF
ccBGS_ARPitFloor01,01003191,CreationClub\_Shared\Dungeons\AyleidRuins\Interior\ARPitFloor01.NIF
ccBGS_ARPitStairs02,01003192,CreationClub\_Shared\Dungeons\AyleidRuins\Interior\ARPitStairs02.NIF
ccBGS_ARPitWall01,01003193,CreationClub\_Shared\Dungeons\AyleidRuins\Interior\ARPitWall01.NIF
ccBGS_ARPitWallColumn01,01003194,CreationClub\_Shared\Dungeons\AyleidRuins\Interior\ARPitWallColumn01.NIF
ccBGS_ARPitWallExitNarrow01,01003195,CreationClub\_Shared\Dungeons\AyleidRuins\Interior\ARPitWallExitNarrow01.NIF
ccBGS_ARPitWallTall01,01003196,CreationClub\_Shared\Dungeons\AyleidRuins\Interior\ARPitWallTall01.NIF
ccBGS_ARPitWallTall02,01003197,CreationClub\_Shared\Dungeons\AyleidRuins\interior\ARPitWallTall02.nif
ccBGS_ARPitWallTallCorner01,01003198,CreationClub\_Shared\Dungeons\AyleidRuins\Interior\ARPitWallTallCorner01.NIF
ccBGS_ARPitWallTallExitNarrow01,01003199,CreationClub\_Shared\Dungeons\AyleidRuins\Interior\ARPitWallTallExitNarrow01.NIF
ccBGS_ARPitWallTransTallLeft01,0100319A,CreationClub\_Shared\Dungeons\AyleidRuins\Interior\ARPitWallTransTallLeft01.NIF
ccBGS_ARPitWallTransTallRight01,0100319B,CreationClub\_Shared\Dungeons\AyleidRuins\Interior\ARPitWallTransTallRight01.NIF
ccBGS_ARRm3Corners01,0100319C,CreationClub\_Shared\Dungeons\AyleidRuins\Interior\ARRm3Corners01.NIF
ccBGS_ARRmColumn01,0100319D,CreationClub\_Shared\Dungeons\AyleidRuins\Interior\ARRmColumn01.NIF
ccBGS_ARRmColumn02,0100319E,CreationClub\_Shared\Dungeons\AyleidRuins\Interior\ARRmColumn02.NIF
ccBGS_ARRmColumnBaseFree01,0100319F,CreationClub\_Shared\Dungeons\AyleidRuins\Interior\ARRmColumnBaseFree01.NIF
ccBGS_ARRmCorner01,010031A0,CreationClub\_Shared\Dungeons\AyleidRuins\Interior\ARRmCorner01.NIF
ccBGS_ARRmCorner01Broken,010031A1,CreationClub\_Shared\Dungeons\AyleidRuins\Interior\ARRmCorner01Broken.nif
ccBGS_ARRmCorner02,010031A2,CreationClub\_Shared\Dungeons\AyleidRuins\Interior\ARRmCorner02.NIF
ccBGS_ARRmCornerExitLeftNarrow01,010031A3,CreationClub\_Shared\Dungeons\AyleidRuins\Interior\ARRmCornerExitLeftNarrow01.NIF
ccBGS_ARRmCornerOutside01,010031A4,CreationClub\_Shared\Dungeons\AyleidRuins\Interior\ARRmCornerOutside01.NIF
ccBGS_ARRmCornerSecret01,010031A5,CreationClub\_Shared\Dungeons\AyleidRuins\Interior\ARRmCornerSecret01.NIF
ccBGS_ARRmDivider01,010031A6,CreationClub\_Shared\Dungeons\AyleidRuins\Interior\ARRmDivider01.NIF
ccBGS_ARRmFloor01,010031A7,CreationClub\_Shared\Dungeons\AyleidRuins\Interior\ARRmFloor01.NIF
ccBGS_ARRmFloorColumnSunken01,010031A8,CreationClub\_Shared\Dungeons\AyleidRuins\Interior\ARRmFloorColumnSunken01.NIF
ccBGS_ARRmFloorDirt01,010031A9,CreationClub\_Shared\Dungeons\AyleidRuins\Interior\ARRmFloorDirt01.nif
ccBGS_ARRmLedge01,010031AA,CreationClub\_Shared\Dungeons\AyleidRuins\Interior\ARRmLedge01.NIF
ccBGS_ARRmLedge02,010031AB,CreationClub\_Shared\Dungeons\AyleidRuins\Interior\ARRmLedge02.NIF
ccBGS_ARRmLedge03,010031AC,CreationClub\_Shared\Dungeons\AyleidRuins\Interior\ARRmLedge03.NIF
ccBGS_ARRmLedge03Dirt,010031AD,CreationClub\_Shared\Dungeons\AyleidRuins\interior\ARRmLedge03Dirt.nif
ccBGS_ARRmLedgeCornerExitNarrowLeft01,010031AE,CreationClub\_Shared\Dungeons\AyleidRuins\Interior\ARRmLedgeCornerExitNarrowLeft01.NIF
ccBGS_ARRmLedgeCornerExitNarrowLeft01Dirt,010031AF,CreationClub\_Shared\Dungeons\AyleidRuins\interior\ARRmLedgeCornerExitNarrowLeft01Dirt.nif
ccBGS_ARRmLedgeCornerExitNarrowRight01,010031B0,CreationClub\_Shared\Dungeons\AyleidRuins\Interior\ARRmLedgeCornerExitNarrowRight01.NIF
ccBGS_ARRmLedgeCornerStairsLeft01,010031B1,CreationClub\_Shared\Dungeons\AyleidRuins\Interior\ARRmLedgeCornerLeftStairs01.nif
ccBGS_ARRmLedgeCornerStairsRight01,010031B2,CreationClub\_Shared\Dungeons\AyleidRuins\Interior\ARRmLedgeCornerRightStairs01.nif
ccBGS_ARRmWall01,010031B3,CreationClub\_Shared\Dungeons\AyleidRuins\Interior\ARRmWall01.NIF
ccBGS_ARRmWall02,010031B4,CreationClub\_Shared\Dungeons\AyleidRuins\Interior\ARRmWall02.NIF
ccBGS_ARRmWallCornerLeft01,010031B5,CreationClub\_Shared\Dungeons\AyleidRuins\interior\ARRmWallCornerLeft01.nif
ccBGS_ARRmWallExitNarrow01,010031B6,CreationClub\_Shared\Dungeons\AyleidRuins\Interior\ARRmWallExitNarrow01.NIF
ccBGS_ARRmWallExitWide01,010031B7,CreationClub\_Shared\Dungeons\AyleidRuins\Interior\ARRmWallExitWide01.NIF
ccBGS_ARRmWallExitWide02,010031B8,CreationClub\_Shared\Dungeons\AyleidRuins\Interior\ARRmWallExitWide02.NIF
ccBGS_ARRmWallSecret01,010031B9,CreationClub\_Shared\Dungeons\AyleidRuins\Interior\ARRmWallSecret01.nif
ccBGS_ARRubble02,010031BA,CreationClub\_Shared\Dungeons\AyleidRuins\Interior\ARRubble02.NIF
ccBGS_ARRubble03,010031BB,CreationClub\_Shared\Dungeons\AyleidRuins\Interior\ARRubble03.NIF
ccBGS_ARRubbleCrystalFragment01,010031BC,CreationClub\_Shared\Dungeons\AyleidRuins\Interior\ARRubbleCrystalFragment01.nif
ccBGS_ARRubbleCrystalFragment02,010031BD,CreationClub\_Shared\Dungeons\AyleidRuins\Interior\ARRubbleCrystalFragment02.nif
ccBGS_ARRubbleCrystalFragment03,010031BE,CreationClub\_Shared\Dungeons\AyleidRuins\Interior\ARRubbleCrystalFragment03.nif
ccBGS_ARRubbleCrystalFragment04,010031BF,CreationClub\_Shared\Dungeons\AyleidRuins\Interior\ARRubbleCrystalFragment04.nif
ccBGS_ARRubbleCrystalFragment05,010031C0,CreationClub\_Shared\Dungeons\AyleidRuins\Interior\ARRubbleCrystalFragment05.nif
ccBGS_ARRubbleCrystalFragment06,010031C1,CreationClub\_Shared\Dungeons\AyleidRuins\Interior\ARRubbleCrystalFragment06.nif
ccBGS_ARRubbleCrystals01,010031C2,CreationClub\_Shared\Dungeons\AyleidRuins\Interior\ARRubbleCrystals01.nif
ccBGS_ARRubbleCrystals02,010031C3,CreationClub\_Shared\Dungeons\AyleidRuins\Interior\ARRubbleCrystals02.nif
ccBGS_ARRubbleCrystals03,010031C4,CreationClub\_Shared\Dungeons\AyleidRuins\Interior\ARRubbleCrystals03.nif
ccBGS_ARRubbleDirt01,010031C5,CreationClub\_Shared\Dungeons\AyleidRuins\Interior\ARRubbleDirt01.nif
ccBGS_ARRubbleDirt02,010031C6,CreationClub\_Shared\Dungeons\AyleidRuins\Interior\ARRubbleDirt01.nif
ccBGS_ARRubblePile01,010031C7,CreationClub\_Shared\Dungeons\AyleidRuins\Exterior\ARRubble01.nif
ccBGS_ARRubblePile02,010031C8,CreationClub\_Shared\Dungeons\AyleidRuins\Interior\ARRubblePile02.NIF
ccBGS_ARRubblePile03,010031C9,CreationClub\_Shared\Dungeons\AyleidRuins\Interior\ARRubblePile03.NIF
ccBGS_ARRubblePile05,010031CA,CreationClub\_Shared\Dungeons\AyleidRuins\Interior\ARRubblePile05.NIF
ccBGS_ARRubbleTilePile01,010031CB,CreationClub\_Shared\Dungeons\AyleidRuins\Interior\ARRubbleTilePile01.nif
ccBGS_ARRubbleTilePile02,010031CC,CreationClub\_Shared\Dungeons\AyleidRuins\Interior\ARRubbleTilePile02.nif
ccBGS_ARRubbleTilePile03,010031CD,CreationClub\_Shared\Dungeons\AyleidRuins\Interior\ARRubbleTilePile02.nif
ccBGS_ARRubbleTiles01,010031CE,CreationClub\_Shared\Dungeons\AyleidRuins\Interior\ARRubbleTiles01.nif
ccBGS_ARRubbleTileSingle01,010031CF,CreationClub\_Shared\Dungeons\AyleidRuins\Interior\ARRubbleTileSingle01.nif
ccBGS_ARRubbleTileSingle02,010031D0,CreationClub\_Shared\Dungeons\AyleidRuins\Interior\ARRubbleTileSingle02.nif
ccBGS_ARRubbleTileSingle03,010031D1,CreationClub\_Shared\Dungeons\AyleidRuins\Interior\ARRubbleTileSingle03.nif
ccBGS_ARRubbleTileSingle04,010031D2,CreationClub\_Shared\Dungeons\AyleidRuins\Interior\ARRubbleTileSingle04.nif
ccBGS_ARRubbleTileSingle05,010031D3,CreationClub\_Shared\Dungeons\AyleidRuins\Interior\ARRubbleTileSingle05.nif
ccBGS_ARRubbleTileSingle06,010031D4,CreationClub\_Shared\Dungeons\AyleidRuins\Interior\ARRubbleTileSingle06.nif
ccBGS_ARRubbleTileSingle07,010031D5,CreationClub\_Shared\Dungeons\AyleidRuins\Interior\ARRubbleTileSingle07.nif
ccBGS_ARRubbleTileSingle08,010031D6,CreationClub\_Shared\Dungeons\AyleidRuins\Interior\ARRubbleTileSingle08.nif
ccBGS_ARRubbleTileSingle09,010031D7,CreationClub\_Shared\Dungeons\AyleidRuins\Interior\ARRubbleTileSingle09.nif
ccBGS_ARRubbleTileSingle10,010031D8,CreationClub\_Shared\Dungeons\AyleidRuins\Interior\ARRubbleTileSingle10.nif
ccBGS_ARRubbleTileSingle11,010031D9,CreationClub\_Shared\Dungeons\AyleidRuins\Interior\ARRubbleTileSingle11.nif
ccBGS_ARSarcophagus01,010031DA,CreationClub\_Shared\Dungeons\AyleidRuins\interior\ARSarcophagus01.nif
ccBGS_ARSarcophagus02,010031DB,CreationClub\_Shared\Dungeons\AyleidRuins\interior\ARSarcophagus02.nif
ccBGS_ARSarcophagusAmbush01,010031DC,CreationClub\_Shared\Dungeons\AyleidRuins\Interior\ARSarcophagusAmbush01.nif
ccBGS_ARSarcophagusBrokenOpen01,010031DD,CreationClub\_Shared\Dungeons\AyleidRuins\interior\ARSarcophagusBrokenOpen01.nif
ccBGS_ARSarcophagusLichBase01,010031DE,CreationClub\_Shared\Dungeons\AyleidRuins\interior\ARSarcophagusLichBase01.nif
ccBGS_ARSarcophagusPlatform01,010031DF,CreationClub\_Shared\Dungeons\AyleidRuins\Interior\ARSarcophagusPlatform01.nif
ccBGS_ARScreen01,010031E0,CreationClub\_Shared\Dungeons\AyleidRuins\Interior\ARScreen01.NIF
ccBGS_ARSecretTunnel01,010031E1,CreationClub\_Shared\Dungeons\AyleidRuins\Interior\ARSecretTunnel01.nif
ccBGS_ARSecretTunnelHalf01,010031E2,CreationClub\_Shared\Dungeons\AyleidRuins\Interior\ARSecretTunnelHalf01.nif
ccBGS_ARSmallColBase01,010031E3,CreationClub\_Shared\Dungeons\AyleidRuins\interior\ARSmallColBase01.nif
ccBGS_ARSmallColBroken01,010031E4,CreationClub\_Shared\Dungeons\AyleidRuins\Interior\ARSmallColBroken01.NIF
ccBGS_ARSmallColBroken02,010031E5,CreationClub\_Shared\Dungeons\AyleidRuins\Interior\ARSmallColBroken02.NIF
ccBGS_ARSmallColumn01,010031E6,CreationClub\_Shared\Dungeons\AyleidRuins\Interior\ARSmallColumn01.NIF
ccBGS_ARSmallColumn02,010031E7,CreationClub\_Shared\Dungeons\AyleidRuins\Interior\ARSmallColumn02.NIF
ccBGS_ARWallBrokenWallHoleCap01,010031E8,CreationClub\_Shared\Dungeons\AyleidRuins\Interior\ARWallBrokenWallHoleCap01.nif
ccBGS_ARWallExteriorBroken01,010031E9,CreationClub\_Shared\Dungeons\AyleidRuins\Interior\ARWallExteriorBroken01.nif
ccBGS_ARWallShelf01,010031EA,CreationClub\_Shared\Dungeons\AyleidRuins\Interior\ARWallShelf01.NIF
ccBGS_ARWelkyndChain01,010031EB,CreationClub\_Shared\Dungeons\AyleidRuins\Interior\ARWelkydChain01.NIF
ccBGS_ARWelkyndChainBase01,010031EC,CreationClub\_Shared\Dungeons\AyleidRuins\Interior\ARWelkydChainBase01.NIF
ccBGS_ARWelkyndChainBroken01,010031ED,CreationClub\_Shared\Dungeons\AyleidRuins\Interior\ARWelkydChainBroken01.nif
ccBGS_ARWelkyndClusterFX01,010031EE,CreationClub\_Shared\Dungeons\AyleidRuins\Interior\ARWelkydClusterFX01.NIF
ccBGS_ARWelkyndHolder01,010031EF,CreationClub\_Shared\Dungeons\AyleidRuins\Interior\ARWelkydIHolder01.NIF
ccBGS_ARWelkyndPlanter01,010031F0,CreationClub\_Shared\Dungeons\AyleidRuins\Interior\ARWelkydPlanter01.NIF
ccBGS_ARWelkyndStoneWhite01,010031F1,CreationClub\_Shared\Dungeons\AyleidRuins\Interior\ARWelkydStoneWhite01.NIF
ccBGS_ARWelkyndStoneWhite02,010031F2,CreationClub\_Shared\Dungeons\AyleidRuins\Interior\ARWelkydStoneWhite02.NIF
ccBGS_ARWHall01,010031F3,CreationClub\_Shared\Dungeons\AyleidRuins\Interior\ARWHall01.NIF
ccBGS_ARWHall02,010031F4,CreationClub\_Shared\Dungeons\AyleidRuins\Interior\ARWHall02.NIF
ccBGS_ARWHall4way01,010031F5,CreationClub\_Shared\Dungeons\AyleidRuins\Interior\ARWHall4way01.NIF
ccBGS_ARWHallCatacombWall01,010031F6,CreationClub\_Shared\Dungeons\AyleidRuins\Interior\ARWHallCatacombWall01.NIF
ccBGS_ARWHallCorner01,010031F7,CreationClub\_Shared\Dungeons\AyleidRuins\Interior\ARWHallCorner01.NIF
ccBGS_ARWHallCorner02,010031F8,CreationClub\_Shared\Dungeons\AyleidRuins\Interior\ARWHallCorner02.NIF
ccBGS_ARWHallDeadEnd01,010031F9,CreationClub\_Shared\Dungeons\AyleidRuins\Interior\ARWHallDeadEnd01.NIF
ccBGS_ARWHallDeadEnd02,010031FA,CreationClub\_Shared\Dungeons\AyleidRuins\Interior\ARWHallDeadEnd02.NIF
ccBGS_ARWHallGateFrame01,010031FB,CreationClub\_Shared\Dungeons\AyleidRuins\Interior\ARWHallGateFrame01.NIF
ccBGS_ARWHallIronWork01,010031FC,CreationClub\_Shared\Dungeons\AyleidRuins\Interior\ARWHallIronWork01.NIF
ccBGS_ARWHallSecret01,010031FD,CreationClub\_Shared\Dungeons\AyleidRuins\Interior\ARWHallSecret01.NIF
ccBGS_ARWHallStairs01,010031FE,CreationClub\_Shared\Dungeons\AyleidRuins\Interior\ARWHallStairs01.NIF
ccBGS_ARWHallStairsBridge01,010031FF,CreationClub\_Shared\Dungeons\AyleidRuins\Interior\ARWHallStairsBridge01.NIF
ccBGS_ARWHallTransNarrow01,01003200,CreationClub\_Shared\Dungeons\AyleidRuins\Interior\ARWHallTransNarrow01.NIF
ccBGS_ARWHallTransNarrow02,01003201,CreationClub\_Shared\Dungeons\AyleidRuins\Interior\ARWHallTransNarrow02.NIF
ccBGS_ARStepSingle01,01003220,CreationClub\_Shared\Dungeons\AyleidRuins\Interior\ARStepSingle01.nif
1stPersonCrossbow,02000802,DLC01\Weapons\Crossbow\Crossbow.nif
CasExFreeLg01,02000805,DLC01\Dungeons\Castle\LgHalls\CasExFreeLg01.nif
CasExFreeSm01,02000806,DLC01\Dungeons\Castle\LgHalls\CasExFreeSm01.nif
CasLgHall1way01,02000807,DLC01\Dungeons\Castle\LgHalls\CasLgHall1way01.nif
CasLgHall2way01,02000808,DLC01\Dungeons\Castle\LgHalls\CasLgHall2way01.nif
CasLgHall3way01,02000809,DLC01\Dungeons\Castle\LgHalls\CasLgHall3way01.nif
CasLgHall4way01,0200080A,DLC01\Dungeons\Castle\LgHalls\CasLgHall4way01.nif
CasLgHallStair01,0200080B,DLC01\Dungeons\Castle\LgHalls\CasLgHallStair01.nif
CasSmHall1way01,0200080C,DLC01\Dungeons\Castle\SmHalls\CasSmHall1way01.nif
CasSmHall2way01,0200080D,DLC01\Dungeons\Castle\SmHalls\CasSmHall2way01.nif
CasSmHall3way01,0200080E,DLC01\Dungeons\Castle\SmHalls\CasSmHall3way01.nif
CasSmHall4way01,0200080F,DLC01\Dungeons\Castle\SmHalls\CasSmHall4way01.nif
CasSmHallStair01,02000810,DLC01\Dungeons\Castle\SmHalls\CasSmHallStair01.nif
CasPlatMid01,020008BD,DLC01\Dungeons\Castle\Platforms\CasPlatMid01.nif
CasSmRmWall01,020008BE,DLC01\Dungeons\Castle\SmRooms\CasSmRmWall01.nif
CasLgRmWall01,020008BF,DLC01\Dungeons\Castle\LgRooms\CasLgRmWall01.nif
CasLgHallFreeWall01,020008C0,DLC01\Dungeons\Castle\LgHalls\CasLgHallFreeWall01.nif
CasSmHallFreeWall01,020008C1,DLC01\Dungeons\Castle\SmHalls\CasSmHallFreeWall01.nif
CasLgHall1EndCap01,020008C2,DLC01\Dungeons\Castle\LgHalls\CasLgHall1EndCap01.nif
CasSmHallEndCap01,020008C3,DLC01\Dungeons\Castle\SmHalls\CasSmHallEndCap01.nif
CasLgRmCorIn01,020008C4,DLC01\Dungeons\Castle\LgRooms\CasLgRmCorIn01.nif
CasLgRmCorOut01,020008C5,DLC01\Dungeons\Castle\LgRooms\CasLgRmCorOut01.nif
CasLgRmFreePillar01,020008C6,DLC01\Dungeons\Castle\LgRooms\CasLgRmFreePillar01.nif
CasLgRmFreeWall01,020008C7,DLC01\Dungeons\Castle\LgRooms\CasLgRmFreeWall01.nif
CasLgRmMid01,020008C8,DLC01\Dungeons\Castle\LgRooms\CasLgRmMid01.nif
CasPlatCorIn01,020008C9,DLC01\Dungeons\Castle\Platforms\CasPlatCorIn01.nif
CasPlatCorOut01,020008CA,DLC01\Dungeons\Castle\Platforms\CasPlatCorOut01.nif
CasPlatFront01,020008CB,DLC01\Dungeons\Castle\Platforms\CasPlatFront01.nif
CasSmRmCorIn01,020008CC,DLC01\Dungeons\Castle\SmRooms\CasSmRmCorIn01.nif
CasSmRmCorOut01,020008CD,DLC01\Dungeons\Castle\SmRooms\CasSmRmCorOut01.nif
CasSmRmMid01,020008CE,DLC01\Dungeons\Castle\SmRooms\CasSmRmMid01.nif
CasLgRmToLgHallCorInL01,020008D6,DLC01\Dungeons\Castle\LgRooms\CasLgRmToLgHallCorInL01.nif
CasLgRmToLgHallCorInR01,020008D7,DLC01\Dungeons\Castle\LgRooms\CasLgRmToLgHallCorInR01.nif
CasLgRmToLgHallWall01,020008D8,DLC01\Dungeons\Castle\LgRooms\CasLgRmToLgHallWall01.nif
CasLgRmToLgHallWallDbl01,020008D9,DLC01\Dungeons\Castle\LgRooms\CasLgRmToLgHallWallDbl01.nif
CasSmRmToSmHallCorInL01,020008DA,DLC01\Dungeons\Castle\SmRooms\CasSmRmToSmHallCorInL01.nif
CasSmRmToSmHallCorInR01,020008DB,DLC01\Dungeons\Castle\SmRooms\CasSmRmToSmHallCorInR01.nif
CasSmRmToSmHallWall01,020008DC,DLC01\Dungeons\Castle\SmRooms\CasSmRmToSmHallWall01.nif
CasSmRmToSmHallWallDbl01,020008DD,DLC01\Dungeons\Castle\SmRooms\CasSmRmToSmHallWallDbl01.nif
CasExtMainTower01,0200098F,DLC01\Dungeons\Castle\Exterior\CasExtMainTower01.nif
GlacierEndLg01INTERIOR,02001C11,Landscape\Ice\GlacierEndLg01.nif
GlacierStraightLg01INTERIOR,02001C12,Landscape\Ice\GlacierStraightLg01.nif
GlacierSlab01INTERIOR,02001C13,Landscape\Ice\GlacierSlab01.nif
FrozenMarshIceFloeL01INTERIOR,02001C1B,Landscape\Ice\FrozenMarshIceFloeL01.nif
IcePileL01Snow01INTERIOR,02001C21,Landscape\Ice\IcePileL01.nif
IcebergLedge01_HeavySNINTERIOR,02001C27,Landscape\Ice\IcebergLedge01.nif
IcebergLarge_LightSNINTERIOR,02001C3E,Landscape\Ice\IcebergLarge.nif
IcebergSmall01_HeavySNINTERIOR,02001CA3,Landscape\Ice\IcebergSmall01.nif
CaveIFBalconyShaftBridge01ICE,02001CA6,Dungeons\Caves\Ice\FrozenBalcony\CaveIFBalconyShaftBridge01.nif
CaveIShaftWall01NOICE,02001D84,Dungeons\Caves\Ice\Shaft\CaveIShaftWall01.nif
CaveIShaftWall04NOICE,02001D85,Dungeons\Caves\Ice\Shaft\CaveIShaftWall04.nif
CaveIShaftWall03NOICE,02001D86,Dungeons\Caves\Ice\Shaft\CaveIShaftWall03.nif
CaveIShaftWall02NOICE,02001D87,Dungeons\Caves\Ice\Shaft\CaveIShaftWall02.nif
1stPersonFalmerStaff,020023E7,DLC01\Weapons\FalmerStaff\Staff1stPerson.nif
sc_gravestone02,0200280C,DLC01\SoulCairn\L1_sc_gravestone02.nif
sc_gravestone03,0200280D,DLC01\SoulCairn\L1_sc_gravestone03.nif
sc_gravestone04,0200280E,DLC01\SoulCairn\L1_sc_gravestone04.nif
sc_spire01,0200280F,DLC01\SoulCairn\sc_spire01.nif
sc_crater01,02002813,DLC01\SoulCairn\sc_crater01.nif
sc_gravestone01,02002814,DLC01\SoulCairn\L1_sc_gravestone01.nif
1stPersonAurielsBow,02002855,DLC01\Weapons\Auriel\aurielsbow.nif
DLC1_TempleSupportUNIQUE,02002897,DLC01\Landscape\DLC1_TempleSupportUNIQUE.nif
CasExFreeSm02,020028A4,DLC01\Dungeons\Castle\LgHalls\CasExFreeSm02.nif
CasPlatFree01,020028A5,DLC01\Dungeons\Castle\Platforms\CasPlatFree01.nif
CasPlatFree02,020028A6,DLC01\Dungeons\Castle\Platforms\CasPlatFree02.nif
CasPlatFrontToSmHall01,020028A7,DLC01\Dungeons\Castle\Platforms\CasPlatFrontToSmHall01.nif
CasPlatStair01,020028A8,DLC01\Dungeons\Castle\Platforms\CasPlatStair01.nif
IcebergLarge_LightSNINTERIORDUPLICATE000,02002958,Landscape\Ice\IcebergLarge.nif
CaveIFBalconyShaftBridge01ICEDUPLICATE000,020029C0,Dungeons\Caves\Ice\FrozenBalcony\CaveIFBalconyShaftBridge01.nif
CaveIShaftWall01NOICEDUPLICATE000,02002A9F,Dungeons\Caves\Ice\Shaft\CaveIShaftWall01.nif
CaveIShaftWall04NOICEDUPLICATE000,02002AA0,Dungeons\Caves\Ice\Shaft\CaveIShaftWall04.nif
CaveIShaftWall03NOICEDUPLICATE000,02002AA1,Dungeons\Caves\Ice\Shaft\CaveIShaftWall03.nif
CaveIShaftWall02NOICEDUPLICATE000,02002AA2,Dungeons\Caves\Ice\Shaft\CaveIShaftWall02.nif
CaveGLHallDoor01_DarkFalmer,02002BCD,DLC01\Dungeons\DarkFalmerCaveG\CaveGLHallDoor01_DarkFalmer.nif
CaveGLHallDoor02_DarkFalmer,02002BCE,DLC01\Dungeons\DarkFalmerCaveG\CaveGLHallDoor02_DarkFalmer.nif
CaveGLRoomCorner03_DarkFalmer,02002BCF,DLC01\Dungeons\DarkFalmerCaveG\CaveGLRoomCorner03_DarkFalmer.nif
CaveGLRoomCorner04_DarkFalmer,02002BD0,DLC01\Dungeons\DarkFalmerCaveG\CaveGLRoomCorner04_DarkFalmer.nif
CaveGLHallRamp02_DarkFalmer,02002BD1,DLC01\Dungeons\DarkFalmerCaveG\CaveGLHallRamp02_DarkFalmer.nif
CaveGLPillar01_DarkFalmer,02002BD2,DLC01\Dungeons\DarkFalmerCaveG\CaveGLPillar01_DarkFalmer.nif
CaveGLPillar02_DarkFalmer,02002BD3,DLC01\Dungeons\DarkFalmerCaveG\CaveGLPillar02_DarkFalmer.nif
CaveGCliffs03NS_DarkFalmer,02002BD4,DLC01\Dungeons\DarkFalmerCaveG\CaveGCliffs03NS_DarkFalmer.nif
CaveGHall1Way01_DarkFalmer,02002BD5,DLC01\Dungeons\DarkFalmerCaveG\CaveGHall1Way01_DarkFalmer.nif
CaveGHall2Way02_DarkFalmer,02002BD6,DLC01\Dungeons\DarkFalmerCaveG\CaveGHall2Way02_DarkFalmer.nif
CaveGLHall1Way02_DarkFalmer,02002BD7,DLC01\Dungeons\DarkFalmerCaveG\CaveGLHall1Way02_DarkFalmer.nif
CaveGLHallDeadEnd02_DarkFalmer,02002BD8,DLC01\Dungeons\DarkFalmerCaveG\CaveGLHallDeadEnd02_DarkFalmer.nif
CaveGCeiling01_DarkFalmer,02002BD9,DLC01\Dungeons\DarkFalmerCaveG\CaveGCeiling01_DarkFalmer.nif
CaveGCliffs01_DarkFalmer,02002BDA,DLC01\Dungeons\DarkFalmerCaveG\CaveGCliffs01_DarkFalmer.nif
CaveGCliffs02_DarkFalmer,02002BDB,DLC01\Dungeons\DarkFalmerCaveG\CaveGCliffs02_DarkFalmer.nif
CaveGRoomInCorner04_DarkFalmer,02002BDD,DLC01\Dungeons\DarkFalmerCaveG\CaveGRoomInCorner04_DarkFalmer.nif
CaveGRoomMid01_DarkFalmer,02002BDE,DLC01\Dungeons\DarkFalmerCaveG\CaveGRoomMid01_DarkFalmer.nif
CaveGRoomCorner03_DarkFalmer,02002BDF,DLC01\Dungeons\DarkFalmerCaveG\CaveGRoomCorner03_DarkFalmer.nif
CaveGRoomCorner04_DarkFalmer,02002BE0,DLC01\Dungeons\DarkFalmerCaveG\CaveGRoomCorner04_DarkFalmer.nif
CaveGRoomDoor01_DarkFalmer,02002BE1,DLC01\Dungeons\DarkFalmerCaveG\CaveGRoomDoor01_DarkFalmer.nif
CaveGRoomDoor03_DarkFalmer,02002BE2,DLC01\Dungeons\DarkFalmerCaveG\CaveGRoomDoor03_DarkFalmer.nif
CaveGRoomDoor04_DarkFalmer,02002BE3,DLC01\Dungeons\DarkFalmerCaveG\CaveGRoomDoor04_DarkFalmer.nif
CaveGRoomInCorner02_DarkFalmer,02002BE4,DLC01\Dungeons\DarkFalmerCaveG\CaveGRoomInCorner02_DarkFalmer.nif
CaveGLWallDoorLB01_DarkFalmer,02002BE5,DLC01\Dungeons\DarkFalmerCaveG\CaveGLWallDoorLB01_DarkFalmer.nif
CaveGLWallStraight01_DarkFalmer,02002BE6,DLC01\Dungeons\DarkFalmerCaveG\CaveGLWallStraight01_DarkFalmer.nif
CaveGLWallStraight02_DarkFalmer,02002BE7,DLC01\Dungeons\DarkFalmerCaveG\CaveGLWallStraight02_DarkFalmer.nif
CaveGPillar02_DarkFalmer,02002BE8,DLC01\Dungeons\DarkFalmerCaveG\CaveGPillar02_DarkFalmer.nif
CaveGRoomCorner01_DarkFalmer,02002BE9,DLC01\Dungeons\DarkFalmerCaveG\CaveGRoomCorner01_DarkFalmer.nif
CaveGRoomCorner02_DarkFalmer,02002BEA,DLC01\Dungeons\DarkFalmerCaveG\CaveGRoomCorner02_DarkFalmer.nif
CaveGLRoomWall02_DarkFalmer,02002BEB,DLC01\Dungeons\DarkFalmerCaveG\CaveGLRoomWall02_DarkFalmer.nif
CaveGLRoomWall03_DarkFalmer,02002BEC,DLC01\Dungeons\DarkFalmerCaveG\CaveGLRoomWall03_DarkFalmer.nif
CaveGLRoomWall03c_DarkFalmer,02002BED,DLC01\Dungeons\DarkFalmerCaveG\CaveGLRoomWall03c_DarkFalmer.nif
CaveGLRoomWall04_DarkFalmer,02002BEE,DLC01\Dungeons\DarkFalmerCaveG\CaveGLRoomWall04_DarkFalmer.nif
CaveGLWallDoorL01_DarkFalmer,02002BEF,DLC01\Dungeons\DarkFalmerCaveG\CaveGLWallDoorL01_DarkFalmer.nif
CaveGLRoomDoorL01_DarkFalmer,02002BF0,DLC01\Dungeons\DarkFalmerCaveG\CaveGLRoomDoorL01_DarkFalmer.nif
CaveGLRoomDoorL03_DarkFalmer,02002BF1,DLC01\Dungeons\DarkFalmerCaveG\CaveGLRoomDoorL03_DarkFalmer.nif
CaveGLRoomInCorner01_DarkFalmer,02002BF2,DLC01\Dungeons\DarkFalmerCaveG\CaveGLRoomInCorner01_DarkFalmer.nif
CaveGLRoomMid01_DarkFalmer,02002BF3,DLC01\Dungeons\DarkFalmerCaveG\CaveGLRoomMid01_DarkFalmer.nif
CaveGLRoomWall01_DarkFalmer,02002BF4,DLC01\Dungeons\DarkFalmerCaveG\CaveGLRoomWall01_DarkFalmer.nif
CaveGLPillar03_DarkFalmer,02002BF5,DLC01\Dungeons\DarkFalmerCaveG\CaveGLPillar03_DarkFalmer.nif
CaveGLPillar04_DarkFalmer,02002BF6,DLC01\Dungeons\DarkFalmerCaveG\CaveGLPillar04_DarkFalmer.nif
CaveGLPillar05_DarkFalmer,02002BF7,DLC01\Dungeons\DarkFalmerCaveG\CaveGLPillar05_DarkFalmer.nif
CaveGLRoomCorner02_DarkFalmer,02002BF8,DLC01\Dungeons\DarkFalmerCaveG\CaveGLRoomCorner02_DarkFalmer.nif
FXTestRefractIce,02002BFA,DLC01\Effects\FXTestRefractIce.nif
TempProtoBlock256x256x8,02002BFE,DLC01\Prototype\TempProtoBlock256x256x8.nif
TempProtoBlock256x256x32,02002BFF,DLC01\Prototype\TempProtoBlock256x256x32.nif
DLC01FrozenLake01,02002D4A,DLC01\Landscape\DLC01FrozenLake01.nif
CaveGEBalconyStraight01ice,02002F74,Dungeons\Caves\Green\EpicBalcony\CaveGEBalconyStraight01.nif
CaveGEBalconyCorner01ice,02002F75,Dungeons\Caves\Green\EpicBalcony\CaveGEBalconyCorner01.nif
CaveGEBalconyStraight02ice,02002F76,Dungeons\Caves\Green\EpicBalcony\CaveGEBalconyStraight02.nif
CaveGEBalconyMid01ice,02002F77,Dungeons\Caves\Green\EpicBalcony\CaveGEBalconyMid01.nif
CaveGEBalconyStraight04ice,02002F78,Dungeons\Caves\Green\EpicBalcony\CaveGEBalconyStraight04.nif
CaveGEBalconyCorner04ice,02002F79,Dungeons\Caves\Green\EpicBalcony\CaveGEBalconyCorner04.nif
NorTempleEntranceHall01ice,02002F7A,Dungeons\Nordic\Exterior\NorTempleEntranceHall01.nif
NorTmpExtPlanter01ice,02002F7B,Dungeons\Nordic\Exterior\NorTmpExtPlanter01.nif
NorExtWallBgStairsSingle01ice,02002F7C,Dungeons\Nordic\Exterior\Walls\NorExtWallBgStairsSingle01.nif
NorTowerRuins01ice,02002F7D,Dungeons\Nordic\Exterior\Towers\NorTowerRuins01.nif
DIntTowerDome01,02003266,DLC01\Architecture\Dawnguard\DIntTowerDome01.nif
TempProtoBlock256x256x256,0200332E,DLC01\Prototype\TempProtoBlock256x256x256.nif
DLC1LinkTargetMarkerSandbox512,020033E8,DLC01\Markers\LinkTargets\SandboxMarker512.nif
DLC1LinkTargetMarkerEat512,020033E9,DLC01\Markers\LinkTargets\EatMarker512.nif
DLC1LinkTargetMarkerSleep512,020033EA,DLC01\Markers\LinkTargets\SleepMarker512.nif
DLC1LinkTargetMarkerServices512,020033EB,DLC01\Markers\LinkTargets\ServiceMarker512.nif
DLC1LinkTargetMarkerKeepEyeOn512,020033EC,DLC01\Markers\LinkTargets\KeepEyeMarker512.nif
DLC1LinkTargetMarkerGuard512,020033ED,DLC01\Markers\LinkTargets\GuardMarker512.nif
DLC1LinkTargetMarkerEat128,0200340C,DLC01\Markers\LinkTargets\EatMarker128.nif
DLC1LinkTargetMarkerEat256,0200340D,DLC01\Markers\LinkTargets\EatMarker256.nif
DLC1LinkTargetMarkerEat768,0200340E,DLC01\Markers\LinkTargets\EatMarker768.nif
DLC1LinkTargetMarkerEat1024,0200340F,DLC01\Markers\LinkTargets\EatMarker1024.nif
DLC1LinkTargetMarkerGuard128,02003410,DLC01\Markers\LinkTargets\GuardMarker128.nif
DLC1LinkTargetMarkerGuard256,02003411,DLC01\Markers\LinkTargets\GuardMarker256.nif
DLC1LinkTargetMarkerGuard768,02003412,DLC01\Markers\LinkTargets\GuardMarker768.nif
DLC1LinkTargetMarkerGuard1024,02003413,DLC01\Markers\LinkTargets\GuardMarker1024.nif
DLC1LinkTargetMarkerKeepEyeOn128,02003414,DLC01\Markers\LinkTargets\KeepEyeMarker128.nif
DLC1LinkTargetMarkerKeepEyeOn256,02003415,DLC01\Markers\LinkTargets\KeepEyeMarker256.nif
DLC1LinkTargetMarkerKeepEyeOn768,02003416,DLC01\Markers\LinkTargets\KeepEyeMarker768.nif
DLC1LinkTargetMarkerKeepEyeOn1024,02003417,DLC01\Markers\LinkTargets\KeepEyeMarker1024.nif
DLC1LinkTargetMarkerSandbox128,02003418,DLC01\Markers\LinkTargets\SandboxMarker128.nif
DLC1LinkTargetMarkerSandbox256,02003419,DLC01\Markers\LinkTargets\SandboxMarker256.nif
DLC1LinkTargetMarkerSandbox768,0200341A,DLC01\Markers\LinkTargets\SandboxMarker768.nif
DLC1LinkTargetMarkerSandbox1024,0200341B,DLC01\Markers\LinkTargets\SandboxMarker1024.nif
DLC1LinkTargetMarkerServices128,0200341C,DLC01\Markers\LinkTargets\ServiceMarker128.nif
DLC1LinkTargetMarkerServices256,0200341D,DLC01\Markers\LinkTargets\ServiceMarker256.nif
DLC1LinkTargetMarkerServices768,0200341E,DLC01\Markers\LinkTargets\ServiceMarker768.nif
DLC1LinkTargetMarkerServices1024,0200341F,DLC01\Markers\LinkTargets\ServiceMarker1024.nif
DLC1LinkTargetMarkerSleep128,02003420,DLC01\Markers\LinkTargets\SleepMarker128.nif
DLC1LinkTargetMarkerSleep256,02003421,DLC01\Markers\LinkTargets\SleepMarker256.nif
DLC1LinkTargetMarkerSleep768,02003422,DLC01\Markers\LinkTargets\SleepMarker768.nif
DLC1LinkTargetMarkerSleep1024,02003423,DLC01\Markers\LinkTargets\SleepMarker1024.nif
FalmerChiefTentCharus,020037DE,DLC01\Architecture\FalmerHuts\FalmerChiefTentCharus.nif
FalmerChiefTentScorp,020037DF,DLC01\Architecture\FalmerHuts\FalmerChiefTentScorp.nif
TrapSpotLightMount,020037FA,DLC01\Traps\LightTrap\LightTrapFrame01.nif
SERuinsHallBg4Way01,02003836,DLC01\Architecture\SnowElfRuins\Interior\SERuinsHallBg4Way01.nif
SERuinsHallBg1Way01,02003837,DLC01\Architecture\SnowElfRuins\Interior\SERuinsHallBg1Way01.nif
SERuinsHallBg2Way01,02003838,DLC01\Architecture\SnowElfRuins\Interior\SERuinsHallBg2Way01.nif
SERuinsHallBg3Way01,02003839,DLC01\Architecture\SnowElfRuins\Interior\SERuinsHallBg3Way01.nif
sc_TargetMote,02003913,Effects\MoteEffect01.nif
HighPolyDLC01FalmerBook,02003A25,Clutter\Books\Book02\Character Assets\DLC01FalmerBook.nif
sc_spire04,02003AD3,DLC01\SoulCairn\sc_spire04.nif
sc_spire03,02003AD4,DLC01\SoulCairn\sc_spire03.nif
sc_spire02,02003AD5,DLC01\SoulCairn\sc_spire02.nif
CasExtArchSupport01,02003D1C,DLC01\Dungeons\Castle\CasVariant\CasExtArchSupport01.nif
CasExtBldgCorner01,02003D1D,DLC01\Dungeons\Castle\CasVariant\CasExtBldgCorner01.nif
CasExtBldgCorner02,02003D1E,DLC01\Dungeons\Castle\CasVariant\CasExtBldgCorner02.nif
CasExtBldgCorner03,02003D1F,DLC01\Dungeons\Castle\CasVariant\CasExtBldgCorner03.nif
CasExtBldgCorner04,02003D20,DLC01\Dungeons\Castle\CasVariant\CasExtBldgCorner04.nif
CasExtBldgICorner01,02003D21,DLC01\Dungeons\Castle\CasVariant\CasExtBldgICorner01.nif
CasExtBldgICorner02,02003D22,DLC01\Dungeons\Castle\CasVariant\CasExtBldgICorner02.nif
CasExtBldgICorner03,02003D23,DLC01\Dungeons\Castle\CasVariant\CasExtBldgICorner03.nif
CasExtBldgICorner04,02003D24,DLC01\Dungeons\Castle\CasVariant\CasExtBldgICorner04.nif
CasExtBldgMid01,02003D25,DLC01\Dungeons\Castle\CasVariant\CasExtBldgMid01.nif
CasExtBldgMid02,02003D26,DLC01\Dungeons\Castle\CasVariant\CasExtBldgMid02.nif
CasExtBldgMid03,02003D27,DLC01\Dungeons\Castle\CasVariant\CasExtBldgMid03.nif
CasExtBldgSecondCorner01,02003D28,DLC01\Dungeons\Castle\CasVariant\CasExtBldgSecondCorner01.nif
CasExtBldgSecondCorner02,02003D2A,DLC01\Dungeons\Castle\CasVariant\CasExtBldgSecondCorner02.nif
CasExtBldgSecondCorner03,02003D2B,DLC01\Dungeons\Castle\CasVariant\CasExtBldgSecondCorner03.nif
CasExtBldgSecondCorner04,02003D2C,DLC01\Dungeons\Castle\CasVariant\CasExtBldgSecondCorner04.nif
CasExtBldgSecondICorner01,02003D2D,DLC01\Dungeons\Castle\CasVariant\CasExtBldgSecondICorner01.nif
CasExtBldgSecondICorner02,02003D2E,DLC01\Dungeons\Castle\CasVariant\CasExtBldgSecondICorner02.nif
CasExtBldgSecondICorner03,02003D2F,DLC01\Dungeons\Castle\CasVariant\CasExtBldgSecondICorner03.nif
CasExtBldgSecondICorner04,02003D30,DLC01\Dungeons\Castle\CasVariant\CasExtBldgSecondICorner04.nif
CasExtBldgSecondStraight01,02003D31,DLC01\Dungeons\Castle\CasVariant\CasExtBldgSecondStraight01.nif
CasExtBldgSecondStraight02,02003D32,DLC01\Dungeons\Castle\CasVariant\CasExtBldgSecondStraight02.nif
CasExtBldgSecondStraight03,02003D33,DLC01\Dungeons\Castle\CasVariant\CasExtBldgSecondStraight03.nif
CasExtBldgSecondStraight04,02003D34,DLC01\Dungeons\Castle\CasVariant\CasExtBldgSecondStraight04.nif
CasExtBldgStraight01,02003D35,DLC01\Dungeons\Castle\CasVariant\CasExtBldgStraight01.nif
CasExtBldgStraight02,02003D36,DLC01\Dungeons\Castle\CasVariant\CasExtBldgStraight02.nif
CasExtBldgStraight03,02003D37,DLC01\Dungeons\Castle\CasVariant\CasExtBldgStraight03.nif
CasExtBldgStraight04,02003D38,DLC01\Dungeons\Castle\CasVariant\CasExtBldgStraight04.nif
CasExtBlocks01,02003D39,DLC01\Dungeons\Castle\CasVariant\CasExtBlocks01.nif
CasExtBlocks02,02003D3A,DLC01\Dungeons\Castle\CasVariant\CasExtBlocks02.nif
CasExtBlocks03,02003D3B,DLC01\Dungeons\Castle\CasVariant\CasExtBlocks03.nif
CasExtBlocks04,02003D3C,DLC01\Dungeons\Castle\CasVariant\CasExtBlocks04.nif
CasExtBlocks05,02003D3D,DLC01\Dungeons\Castle\CasVariant\CasExtBlocks05.nif
CasExtBlocks06,02003D3E,DLC01\Dungeons\Castle\CasVariant\CasExtBlocks06.nif
CasExtBridge01,02003D3F,DLC01\Dungeons\Castle\CasVariant\CasExtBridge01.nif
CasExtDoorhole01,02003D40,DLC01\Dungeons\Castle\CasVariant\CasExtDoorhole01.nif
CasExtFloorChunk01,02003D41,DLC01\Dungeons\Castle\CasVariant\CasExtFloorChunk01.nif
CasExtFloorChunk02,02003D42,DLC01\Dungeons\Castle\CasVariant\CasExtFloorChunk02.nif
CasExtRubble01,02003D43,DLC01\Dungeons\Castle\CasVariant\CasExtRubble01.nif
CasExtRubble02,02003D44,DLC01\Dungeons\Castle\CasVariant\CasExtRubble02.nif
CasExtRubble03,02003D45,DLC01\Dungeons\Castle\CasVariant\CasExtRubble03.nif
CasExtRubble04,02003D46,DLC01\Dungeons\Castle\CasVariant\CasExtRubble04.nif
CasExtRubble05,02003D47,DLC01\Dungeons\Castle\CasVariant\CasExtRubble05.nif
CasExtRubble06,02003D48,DLC01\Dungeons\Castle\CasVariant\CasExtRubble06.nif
CasExtStairs01,02003D49,DLC01\Dungeons\Castle\CasVariant\CasExtStairs01.nif
CasExtStairs02,02003D4B,DLC01\Dungeons\Castle\CasVariant\CasExtStairs02.nif
CasExtStairs03,02003D4C,DLC01\Dungeons\Castle\CasVariant\CasExtStairs03.nif
CasExtSupport01,02003D4D,DLC01\Dungeons\Castle\CasVariant\CasExtSupport01.nif
CasExtTower01,02003D4E,DLC01\Dungeons\Castle\CasVariant\CasExtTower01.nif
CasExtTower01Dark,02003D4F,DLC01\Dungeons\Castle\CasVariant\CasExtTower01Dark.nif
CasExtTower02,02003D50,DLC01\Dungeons\Castle\CasVariant\CasExtTower02.nif
CasExtTower03,02003D51,DLC01\Dungeons\Castle\CasVariant\CasExtTower03.nif
CasExtTowerShellBase01,02003D52,DLC01\Dungeons\Castle\CasVariant\CasExtTowerShellBase01.nif
CasExtTowerShellDoor01,02003D53,DLC01\Dungeons\Castle\CasVariant\CasExtTowerShellDoor01.nif
CasExtTowerShellDoor02,02003D54,DLC01\Dungeons\Castle\CasVariant\CasExtTowerShellDoor02.nif
CasExtTowerShellDoor03,02003D55,DLC01\Dungeons\Castle\CasVariant\CasExtTowerShellDoor03.nif
CasExtTowerShellDoor04,02003D56,DLC01\Dungeons\Castle\CasVariant\CasExtTowerShellDoor04.nif
CasExtTowerShellFloor2nd01,02003D57,DLC01\Dungeons\Castle\CasVariant\CasExtTowerShellFloor2nd01.nif
CasExtTowerShellStairs01,02003D58,DLC01\Dungeons\Castle\CasVariant\CasExtTowerShellStairs01.nif
CasExtTowerShellTop01,02003D59,DLC01\Dungeons\Castle\CasVariant\CasExtTowerShellTop01.nif
CasExtTowerShellWall01,02003D5A,DLC01\Dungeons\Castle\CasVariant\CasExtTowerShellWall01.nif
CasExtTowerShellWall02,02003D5B,DLC01\Dungeons\Castle\CasVariant\CasExtTowerShellWall02.nif
CasExtTowerShellWall03,02003D5C,DLC01\Dungeons\Castle\CasVariant\CasExtTowerShellWall03.nif
CasExtTowerShellWall04,02003D5D,DLC01\Dungeons\Castle\CasVariant\CasExtTowerShellWall04.nif
CasExtTowerShort01,02003D5E,DLC01\Dungeons\Castle\CasVariant\CasExtTowerShort01.nif
CasExtWall01,02003D5F,DLC01\Dungeons\Castle\CasVariant\CasExtWall01.nif
CasExtWall02,02003D60,DLC01\Dungeons\Castle\CasVariant\CasExtWall02.nif
CasExtWall03,02003D61,DLC01\Dungeons\Castle\CasVariant\CasExtWall03.nif
CasExtWall04,02003D62,DLC01\Dungeons\Castle\CasVariant\CasExtWall04.nif
CasExtWall05,02003D63,DLC01\Dungeons\Castle\CasVariant\CasExtWall05.nif
CasExtWallDivider01,02003D64,DLC01\Dungeons\Castle\CasVariant\CasExtWallDivider01.nif
CasExtWallGate01,02003D65,DLC01\Dungeons\Castle\CasVariant\CasExtWallGate01.nif
CasExtWindow01,02003D66,DLC01\Dungeons\Castle\CasVariant\CasExtWindow01.nif
CasExtWindow01Dark,02003D67,DLC01\Dungeons\Castle\CasVariant\CasExtWindow01Dark.nif
DweRmSmCounter01Half,02003F0D,DLC01\Dungeons\DwemerRuinsDLC1\DweRmSmCounterHalf01DLC1.nif
DLC1AncestorMothStaticCloud,02003F4B,DLC01\Critters\AncestorMothStaticCloud.nif
CasCoffinPuzzleBase01,02003F76,DLC01\Dungeons\Castle\Animated\CasCoffinPuzzle\CasCoffinPuzzleBase01.nif
CasStoneBarrierBase01,0200411B,DLC01\Dungeons\Castle\Animated\StoneBarrierSocket\CasStoneBarrierBase01.nif
sc_mausoleumcolumn01_Gray,020041E0,DLC01\SoulCairn\sc_mausoleumcolumn01.nif
sc_mausoleumcolumn02_Gray,020041E1,DLC01\SoulCairn\sc_mausoleumcolumn02.nif
sc_mausoleumCornerL_Gray,020041E2,DLC01\SoulCairn\sc_mausoleumCornerL.nif
sc_mausoleumCornerR_Gray,020041E3,DLC01\SoulCairn\sc_mausoleumCornerR.nif
sc_mausoleumDoorway01_Gray,020041E4,DLC01\SoulCairn\sc_mausoleumDoorway01.nif
sc_mausoleumEND_Gray,020041E5,DLC01\SoulCairn\sc_mausoleumEND.nif
sc_mausoleumEND02_Gray,020041E6,DLC01\SoulCairn\sc_mausoleumEND02.nif
sc_mausoleumEND03_Gray,020041E7,DLC01\SoulCairn\sc_mausoleumEND03.nif
sc_mausoleumPlatform01_Gray,020041E8,DLC01\SoulCairn\sc_mausoleumPlatform01.nif
sc_mausoleumplatformarch01_Gray,020041E9,DLC01\SoulCairn\sc_mausoleumplatformarch01.nif
sc_mausoleumplatformarch02_Gray,020041EA,DLC01\SoulCairn\sc_mausoleumplatformarch02.nif
sc_mausoleumplatformarch03_Gray,020041EB,DLC01\SoulCairn\sc_mausoleumplatformarch03.nif
sc_mausoleumplatformarch04_Gray,020041EC,DLC01\SoulCairn\sc_mausoleumplatformarch04.nif
sc_mausoleumplatformcap01_Gray,020041ED,DLC01\SoulCairn\sc_mausoleumplatformcap01.nif
sc_mausoleumplatformcapCL_Gray,020041EE,DLC01\SoulCairn\sc_mausoleumplatformcapCL.nif
sc_mausoleumplatformcapCR_Gray,020041EF,DLC01\SoulCairn\sc_mausoleumplatformcapCR.nif
sc_mausoleumStairs01_Gray,020041F0,DLC01\SoulCairn\sc_mausoleumStairs01.nif
sc_mausoleumStairs02_Gray,020041F1,DLC01\SoulCairn\sc_mausoleumStairs02.nif
sc_mausoleumTowerCap01_Gray,020041F2,DLC01\SoulCairn\sc_mausoleumTowerCap01.nif
sc_mausoleumWall01_Gray,020041F3,DLC01\SoulCairn\sc_mausoleumWall01.nif
sc_mausoleumWall02_Gray,020041F4,DLC01\SoulCairn\sc_mausoleumWall02.nif
sc_mausoleumWall03_Gray,020041F5,DLC01\SoulCairn\sc_mausoleumWall03.nif
sc_mausoleumWall04_Gray,020041F6,DLC01\SoulCairn\sc_mausoleumWall04.nif
sc_stonepile01_Gray,020041F7,DLC01\SoulCairn\sc_stonepile01.nif
sc_stonepile02_Gray,020041F8,DLC01\SoulCairn\sc_stonepile02.nif
sc_stonepile03_Gray,020041F9,DLC01\SoulCairn\sc_stonepile03.nif
sc_stonepile04_Gray,020041FA,DLC01\SoulCairn\sc_stonepile04.nif
sc_stonepile05_Gray,020041FB,DLC01\SoulCairn\sc_stonepile05.nif
sc_mausoleumCopen,020041FC,DLC01\SoulCairn\sc_mausoleumCopen.nif
sc_mausoleumPlatform01open,020041FD,DLC01\SoulCairn\sc_mausoleumPlatform01open.nif
LargeRainBarrel_Blood01,020042BC,DLC01\Clutter\LargeRainBarrel_Blood01.nif
CasExtTowerShellStairs01_Snow,0200438D,DLC01\Dungeons\Castle\CasVariant\CasExtTowerShellStairs01.nif
CasExtTowerShellWall03_Snow,0200439B,DLC01\Dungeons\Castle\CasVariant\CasExtTowerShellWall03.nif
FalmerHut02,020047DC,DLC01\Architecture\FalmerHuts\FalmerHut02.nif
testPuddle01,020047E2,Effects\testPuddle01.nif
DLC1AncestorsGroveTop01c,02004956,Dungeons\Caves\Green\Shafts\CaveGShaftTop01c.nif
TundraStreamBend01VolcanicTundra01,02004A8C,Landscape\Tundra\TundraStreamBend01.nif
TundraStreamStraight01VolcanicTundra01,02004A8E,Landscape\Tundra\TundraStreamStraight01.nif
DLC1AncestorsGladeWallDoorL01,02004AFA,Dungeons\Caves\Green\LargeWall\CaveGLEWallDoorL01.nif
DLC1AncestorsGladeHall1Way02,02004AFB,Dungeons\Caves\Green\LargeHall\CaveGLHall1Way02.nif
DLC1AncestorsGladeHall2Way02c,02004AFC,Dungeons\Caves\Green\LargeHall\CaveGLHall2Way02c.nif
DLC1AncestorsGladeHallEntrance02,02004AFD,Dungeons\Caves\Green\LargeHall\CaveGLHallEntrance02.nif
DLC1AncestorsGladeCeiling01,02004AFE,Dungeons\Caves\Green\LargeWall\CaveGCeiling01.nif
SERuinsHallBGDoorFrame01,02004BAC,DLC01\Architecture\SnowElfRuins\Interior\SERuinsHallBGDoorFrame01.nif
SERuinsRmWallEx01,02004BB2,DLC01\Architecture\SnowElfRuins\Interior\SERuinsRmWallEx01.nif
SERuinsRmCorIn01,02004BB3,DLC01\Architecture\SnowElfRuins\Interior\SERuinsRmCorIn01.nif
SERuinsRmWall01,02004BB4,DLC01\Architecture\SnowElfRuins\Interior\SERuinsRmWall01.nif
SERuinsRmMid01,02004BB5,DLC01\Architecture\SnowElfRuins\Interior\SERuinsRmMid01.nif
SERuinsRmMid02,02004BC9,DLC01\Architecture\SnowElfRuins\Interior\SERuinsRmMid02.nif
DLC1LakeSnow01,02004BE2,DLC01\Landscape\LakeSnow01.nif
SERuinsRmCorOut01,02004C3E,DLC01\Architecture\SnowElfRuins\Interior\SERuinsRmCorOut01.nif
ProtoFPGBridgeHalfShFlat01,02004CBC,DLC01\Prototype\ProtoFPGBridgeHalfShFlat01.nif
ProtoFPGColumn01,02004CBD,DLC01\Prototype\ProtoFPGColumn01.nif
ProtoFPGColumnRamp01,02004CBE,DLC01\Prototype\ProtoFPGColumnRamp01.nif
ProtoFPGColumnRampRoom01,02004CBF,DLC01\Prototype\ProtoFPGColumnRampRoom01.nif
ProtoFPGBridgeHalfLng01,02004CC0,DLC01\Prototype\ProtoFPGBridgeHalfLng01.nif
ProtoFPGBridgeHalfLngFlat01,02004CC1,DLC01\Prototype\ProtoFPGBridgeHalfLngFlat01.nif
ProtoFPGBridgeHalfSh01,02004CC2,DLC01\Prototype\ProtoFPGBridgeHalfSh01.nif
ProtoFPGLedgeSh01,02004CCE,DLC01\Prototype\ProtoFPGLedgeSh01.nif
DLC01CoffinPuzzleBase01,02004D92,DLC01\Clutter\CoffinPuzzleBase\DLC01CoffinPuzzleBase01.nif
SERuinsRmPillarFree01,02004D9D,DLC01\Architecture\SnowElfRuins\Interior\SERuinsRmPillarFree01.nif
SERuinsRmPillarFreeBroken01,02004DA2,DLC01\Architecture\SnowElfRuins\Interior\SERuinsRmPillarFreeBroken01.nif
SERuinsRmPillarFreeBroken02,02004DA4,DLC01\Architecture\SnowElfRuins\Interior\SERuinsRmPillarFreeBroken02.nif
FalmerCityHutDoorWindRags01,02005029,DLC01\Architecture\FalmerHuts\FalmerCityHutDoorWindRags01.nif
FalmerCityHutWindRagSingle,0200502A,DLC01\Architecture\FalmerHuts\FalmerCityHutWindRagSingle.nif
FalmerCityRingWindRags,0200502B,DLC01\Architecture\FalmerHuts\FalmerCityRingWindRags.nif
LoadScreenCrossbow01,02005055,DLC01\LoadScreenArt\LoadScreenCrossbow01.nif
LoadScreenDBWeapons01,02005056,DLC01\LoadScreenArt\LoadScreenDBWeapons01.nif
LoadScreenVampireLord01,02005057,DLC01\LoadScreenArt\LoadScreenVampireLord01.nif
LoadScreenGargoyle01,02005058,DLC01\LoadScreenArt\LoadScreenGargoyle01.nif
LoadScreenCharHunter01,02005059,DLC01\LoadScreenArt\LoadScreenCharHunter01.nif
LoadScreenDeathHound01,0200505A,DLC01\LoadScreenArt\LoadScreenDeathHound01.nif
LoadScreenLegDragon01,0200505B,DLC01\LoadScreenArt\LoadScreenLegDragon01.nif
sc_alter,0200505C,DLC01\SoulCairn\sc_alter.nif
DLC1LakeSnowSmall01,02005069,DLC01\Landscape\LakeSnowSmall01.nif
DLC1LakeSnowSmall02,02005074,DLC01\Landscape\LakeSnowSmall02.nif
DLC1_GlacierCaveEntrance02_INTERIOR,0200541E,Landscape\Ice\GlacierCaveEntrance02.nif
SERuinsHallBg1Way01Win01,020056D9,DLC01\Architecture\SnowElfRuins\Interior\SERuinsHallBg1Way01Win01.nif
SERuinsHallBg1Way01Win02,020056E1,DLC01\Architecture\SnowElfRuins\Interior\SERuinsHallBg1Way01Win02.nif
SERuinsRmCeiling01,020056EA,DLC01\Architecture\SnowElfRuins\Interior\SERuinsRmCeiling01.nif
SERuinsRmFloor01,020056EB,DLC01\Architecture\SnowElfRuins\Interior\SERuinsRmFloor01.nif
SERuinsHallBg2Way01WinL01,020056EC,DLC01\Architecture\SnowElfRuins\Interior\SERuinsHallBg2Way01WinL01.nif
SERuinsHallBg2Way01WinLR01,020056ED,DLC01\Architecture\SnowElfRuins\Interior\SERuinsHallBg2Way01WinLR01.nif
SERuinsHallBg2Way01WinR01,020056EE,DLC01\Architecture\SnowElfRuins\Interior\SERuinsHallBg2Way01WinR01.nif
SERuinsRmWall01Win01,020056EF,DLC01\Architecture\SnowElfRuins\Interior\SERuinsRmWall01Win01.nif
SERuinsRmCorIn01WinR01,020056F0,DLC01\Architecture\SnowElfRuins\Interior\SERuinsRmCorIn01WinR01.nif
SERuinsRmCorIn01WinL01,020056F1,DLC01\Architecture\SnowElfRuins\Interior\SERuinsRmCorIn01WinL01.nif
SERuinsRmCorIn01WinLR01,020056F2,DLC01\Architecture\SnowElfRuins\Interior\SERuinsRmCorIn01WinLR01.nif
SERuinsHallBg3Way01Win01,020056F3,DLC01\Architecture\SnowElfRuins\Interior\SERuinsHallBg3Way01Win01.nif
DLC01Fissure01SoulCairnDirt01,02005837,Landscape\Volcanic\VolcanicFissure01.nif
DLC01Plateau01SoulCairnDirt01,0200588E,Landscape\Volcanic\VolcanicPlateau01.nif
DLC01Plateau02SoulCairnDirt01,0200588F,Landscape\Volcanic\VolcanicPlateau02.nif
DLC01Plateau03SoulCairnDirt01,02005890,Landscape\Volcanic\VolcanicPlateauC.nif
DLC01RockPileL02SoulCairnDirt01,02005892,Landscape\Rocks\RockPileL02.nif
DLC01RockPileL02SoulCairnDirt02,02005894,Landscape\Rocks\RockPileL02.nif
DLC01RockPileL02SoulCairnDirt03,02005896,Landscape\Rocks\RockPileL02.nif
DLC01RockPileL04SoulCairnDirt01,02005899,Landscape\Rocks\RockPileL04.nif
DLC01RockPileL04SoulCairnDirt02,0200589B,Landscape\Rocks\RockPileL04.nif
DLC01RockPileL04SoulCairnDirt03,0200589C,Landscape\Rocks\RockPileL04.nif
DLC01Plateau01SoulCairnDirt02,0200589D,Landscape\Volcanic\VolcanicPlateau01.nif
DLC01Plateau02SoulCairnDirt02,0200589F,Landscape\Volcanic\VolcanicPlateau02.nif
DLC01Plateau03SoulCairnDirt02,020058A1,Landscape\Volcanic\VolcanicPlateauC.nif
DLC01Fissure01SoulCairnDirt02,020058A9,Landscape\Volcanic\VolcanicFissure01.nif
DLC01Fissure01SoulCairnDirt03,020058AA,Landscape\Volcanic\VolcanicFissure01.nif
DLC01FrozenLakeCracks2,02005952,DLC01\Landscape\DLC01FrozenLakeCracks2.nif
DLC01FrozenLakeCracks1,02005953,DLC01\Landscape\DLC01FrozenLakeCracks1.nif
DLC01FrozenLakeCracks3,02005954,DLC01\Landscape\DLC01FrozenLakeCracks3.nif
DLC01AshDriftL01,020059B2,Landscape\SnowDrifts\SnowDriftL01.nif
DLC01AshDriftL02,020059B3,Landscape\SnowDrifts\SnowDriftL02.nif
DLC01AshDriftL03,020059B4,Landscape\SnowDrifts\SnowDriftL03.nif
DLC01AshDriftL04,020059B5,Landscape\SnowDrifts\SnowDriftL04.nif
DLC01AshDriftSm01,020059B9,Landscape\SnowDrifts\SnowDriftSm01.nif
sc_gravestone05,020059C9,DLC01\SoulCairn\L1_sc_gravestone05.nif
sc_gravestone06,020059CA,DLC01\SoulCairn\L1_sc_gravestone06.nif
sc_gravestone_short01,020059CB,DLC01\SoulCairn\L1_sc_gravestone_short01.nif
sc_gravestone_short02,020059CC,DLC01\SoulCairn\L1_sc_gravestone_short02.nif
sc_gravestone_short03,020059CD,DLC01\SoulCairn\L1_sc_gravestone_short03.nif
sc_gravestone_short04,020059CE,DLC01\SoulCairn\L1_sc_gravestone_short04.nif
SERuinsRmWallFree01,02005E64,DLC01\Architecture\SnowElfRuins\Interior\SERuinsRmWallFree01.nif
SERuinsRmWallFree01Win01,02005E75,DLC01\Architecture\SnowElfRuins\Interior\SERuinsRmWallFree01Win01.nif
SERuinsRmPartition01Endcap01,02005E76,DLC01\Architecture\SnowElfRuins\Interior\SERuinsRmPartition01Endcap01.nif
SERuinsRmPartition01,02005E77,DLC01\Architecture\SnowElfRuins\Interior\SERuinsRmPartition01.nif
SERuinsRmPartition02,02005E7E,DLC01\Architecture\SnowElfRuins\Interior\SERuinsRmPartition02.nif
FalmerPGEBalconyBridge01,02005E86,DLC01\Dungeons\FalmerPlayground\FalmerPGEBalconyBridge01.nif
FalmerPGEBalconyBridge01Wide,02005E89,DLC01\Dungeons\FalmerPlayground\FalmerPGEBalconyBridge01Wide.nif
FalmerPGEBalconyCurve01,02005E8A,DLC01\Dungeons\FalmerPlayground\FalmerPGEBalconyCurve01.nif
FalmerPGEBalconyCurve02,02005E8B,DLC01\Dungeons\FalmerPlayground\FalmerPGEBalconyCurve02.nif
FalmerPGEBalconyCurve03,02005E8C,DLC01\Dungeons\FalmerPlayground\FalmerPGEBalconyCurve03.nif
FalmerPGEBalconyCurve04,02005E8D,DLC01\Dungeons\FalmerPlayground\FalmerPGEBalconyCurve04.nif
FalmerPGEBalconyRamp01,02005E8E,DLC01\Dungeons\FalmerPlayground\FalmerPGEBalconyRamp01.nif
FalmerPGEBalconyRamp02,02005E8F,DLC01\Dungeons\FalmerPlayground\FalmerPGEBalconyRamp02.nif
FalmerPGEBalconyShaftBridge01,02005E90,DLC01\Dungeons\FalmerPlayground\FalmerPGEBalconyShaftBridge01.nif
FalmerPGEBalconyShelf01,02005E91,DLC01\Dungeons\FalmerPlayground\FalmerPGEBalconyShelf01.nif
FalmerPGEBalconyShelf02,02005E92,DLC01\Dungeons\FalmerPlayground\FalmerPGEBalconyShelf02.nif
FalmerPGEPillar01,02005E93,DLC01\Dungeons\FalmerPlayground\FalmerPGEPillar01.nif
FalmerPGEPillar06,02005E94,DLC01\Dungeons\FalmerPlayground\FalmerPGEPillar06.nif
FalmerPGEPillar02,02005E95,DLC01\Dungeons\FalmerPlayground\FalmerPGEPillar02.nif
FalmerPGEPillar03,02005E96,DLC01\Dungeons\FalmerPlayground\FalmerPGEPillar03.nif
FalmerPGEPillar04,02005E97,DLC01\Dungeons\FalmerPlayground\FalmerPGEPillar04.nif
FalmerPGEPillar05,02005E98,DLC01\Dungeons\FalmerPlayground\FalmerPGEPillar05.nif
DLC1NorHallBg1wayToMine,0200609B,Dungeons\Nordic\BgHalls\NorHallBg1wayToCaveG01.nif
FalmerPGEBalconyCurve04SnowLight,02006691,DLC01\Dungeons\FalmerPlayground\FalmerPGEBalconyCurve04.nif
FalmerPGEBalconyCurve02SnowLight,02006692,DLC01\Dungeons\FalmerPlayground\FalmerPGEBalconyCurve02.nif
DLC01SoulGemReaperFragment02,020066E6,Clutter\SoulGem\SoulGemPiece02.nif
DLC01SoulGemReaperFragment03,020066E7,Clutter\SoulGem\SoulGemPiece03.nif
DLC01SoulGemReaperFragment01,020066E8,Clutter\SoulGem\SoulGemPiece01.nif
INTVampirePerkSkydome,02006783,DLC01\Interface\INTVampirePerkSkydome.nif
1stPersonVampireSword,020067CE,DLC01\Weapons\Vampire\1stpersonSword.nif
SERuinsRubbles02SnowInterior,02006859,DLC01\Architecture\SnowElfRuins\SERuinsRubbles02.nif
SERuinsArchRubbles03SnowInterior,0200685A,DLC01\Architecture\SnowElfRuins\SERuinsArchRubbles03.nif
SERuinsRubblePile01SnowInterior,0200685B,DLC01\Architecture\SnowElfRuins\SERuinsRubblePile01.nif
LoadScreenVampire,0200686E,DLC01\LoadScreenArt\LoadScreenVampire.nif
LoadScreenArmoredTroll01,02006870,DLC01\LoadScreenArt\LoadScreenArmoredTroll01.nif
FalmerBridgeBase,0200695E,DLC01\Architecture\FalmerBridge\FalmerBridgeBase.nif
FalmerBridgeSegment,0200695F,DLC01\Architecture\FalmerBridge\FalmerBridgeSegment.nif
DLC01SoulCairnDragonBonesTorso01,02006AA3,Clutter\DeadAnimals\DragonBonesTorso01.nif
DLC01SoulCairnDragonBonesNeck02,02006AA4,Clutter\DeadAnimals\DragonBonesNeck02.nif
DLC01SoulCairnDragonBonesLegR01,02006AA5,Clutter\DeadAnimals\DragonBonesLegR01.nif
DLC01SoulCairnDragonBonesSkull01,02006AA6,Clutter\DeadAnimals\DragonBonesSkull01.nif
DLC01CoffinPuzzleFaceNoBlood01,02006AE3,DLC01\Clutter\DLC01CoffinPuzzleFaceNoBlood01.nif
LargeRainBarrel_Blood02,02006B08,DLC01\Clutter\LargeRainBarrel_Blood02.nif
FalmerPGEBalconyBridge01SnowLight,02006F10,DLC01\Dungeons\FalmerPlayground\FalmerPGEBalconyBridge01.nif
FalmerPGEBalconyCurve03SnowLight,02006F11,DLC01\Dungeons\FalmerPlayground\FalmerPGEBalconyCurve03.nif
FalmerPGEBalconyShaftBridge01SnowLight,02006F12,DLC01\Dungeons\FalmerPlayground\FalmerPGEBalconyShaftBridge01.nif
FalmerPGEBalconyShelf01SnowLight,02006F1D,DLC01\Dungeons\FalmerPlayground\FalmerPGEBalconyShelf01.nif
FalmerBridgeThin,020071E3,DLC01\Architecture\FalmerBridge\FalmerBridgeThin.nif
sc_mausoleumC,02007AD8,DLC01\SoulCairn\sc_mausoleumC.nif
sc_mausoleumWall01,02007AD9,DLC01\SoulCairn\sc_mausoleumWall01.nif
sc_mausoleumEND,02007ADA,DLC01\SoulCairn\sc_mausoleumEND.nif
DExtEnt01,02007BF3,DLC01\Architecture\Dawnguard\DExtEnt01.nif
DExtWall01,02007BF4,DLC01\Architecture\Dawnguard\DExtWall01.nif
DExtCorner01,02007BF5,DLC01\Architecture\Dawnguard\DExtCorner01.nif
DExtTower01,02007BF6,DLC01\Architecture\Dawnguard\DExtTower01.nif
DExtTower02,02007C05,DLC01\Architecture\Dawnguard\DExtTower02.nif
CasSmHall1wayHalf01,02007C57,DLC01\Dungeons\Castle\SmHalls\CasSmHall1wayHalf01.nif
CasPlatMid512x384,02007C58,DLC01\Dungeons\Castle\Platforms\CasPlatMid512x384.nif
CasPlatRail64,02007C59,DLC01\Dungeons\Castle\Platforms\CasPlatRail64.nif
CasPlatRail128,02007C5A,DLC01\Dungeons\Castle\Platforms\CasPlatRail128.nif
CasPlatRail256,02007C5B,DLC01\Dungeons\Castle\Platforms\CasPlatRail256.nif
CasPlatRail512,02007C5C,DLC01\Dungeons\Castle\Platforms\CasPlatRail512.nif
CasExFreeLgWide01,02007C5D,DLC01\Dungeons\Castle\LgHalls\CasExFreeLgWide01.nif
CasPlatRailPost01,02007CAD,DLC01\Dungeons\Castle\Platforms\CasPlatRailPost01.nif
DLC1IcicleStripCap,02007CC7,DLC01\Landscape\DLC1IcicleStripCap01.nif
DLC1IcicleColumn01,02007CC9,DLC01\Landscape\DLC1IcicleColumn01.nif
CasExFreeLg02,02007D4C,DLC01\Dungeons\Castle\LgHalls\CasExFreeLg02.nif
CasPlatStairSm01,02007F5E,DLC01\Dungeons\Castle\Platforms\CasPlatStairSm01.nif
CasPlatFreeShelf01,02007F5F,DLC01\Dungeons\Castle\Platforms\CasPlatFreeShelf01.nif
DLC01_INV_SCairnCloudShape02_50,02008409,Sky\DLC01_INV_SCairnCloudShape02_50.nif
DLC01_INV_SCairnCloudShape03,0200840A,Sky\DLC01_INV_SCairnCloudShape03.nif
DLC01_INV_SCairnCloudShape03_50,0200840B,Sky\DLC01_INV_SCairnCloudShape03_50.nif
DLC01_INV_SCairnCloudShape04,0200840C,Sky\DLC01_INV_SCairnCloudShape04.nif
DLC01_INV_SCairnCloudShape04_50,0200840D,Sky\DLC01_INV_SCairnCloudShape04_50.nif
DLC01_INV_SCairnCloudShape05,0200840E,Sky\DLC01_INV_SCairnCloudShape05.nif
DLC01_INV_SCairnCloudShape05_50,0200840F,Sky\DLC01_INV_SCairnCloudShape05_50.nif
DLC01_INV_SCairnCloudShape06,02008410,Sky\DLC01_INV_SCairnCloudShape06.nif
DLC01_INV_SCairnCloudShape06_50,02008411,Sky\DLC01_INV_SCairnCloudShape06_50.nif
DLC01_INV_SCairnCloudDistant05,02008412,Sky\DLC01_INV_SCairnCloudDistant05.nif
DLC01_INV_SCairnCloudDistant05_50,02008413,Sky\DLC01_INV_SCairnCloudDistant05_50.nif
DLC01_INV_SCairnCloudDistant06,02008414,Sky\DLC01_INV_SCairnCloudDistant06.nif
DLC01_INV_SCairnCloudDistant06_50,02008415,Sky\DLC01_INV_SCairnCloudDistant06_50.nif
DLC01_INV_SCairnCloudShape01,02008416,Sky\DLC01_INV_SCairnCloudShape01.nif
DLC01_INV_SCairnCloudShape01_50,02008417,Sky\DLC01_INV_SCairnCloudShape01_50.nif
DLC01_INV_SCairnCloudShape02,02008418,Sky\DLC01_INV_SCairnCloudShape02.nif
CaveGECeiling01Falmer,020085F1,Dungeons\Caves\Green\EpicWall\CaveGECeiling01.nif
FalmerBridgeThinSnow,02008753,DLC01\Architecture\FalmerBridge\FalmerBridgeThin.nif
DLC01TorturePole,0200893A,DLC01\Clutter\TorturePole01.nif
DLC01BucketBlood,02008E48,DLC01\Clutter\DLC01BucketBloody.nif
sc_mausoleumCornerR,0200933A,DLC01\SoulCairn\sc_mausoleumCornerR.nif
sc_mausoleumCornerL,0200933B,DLC01\SoulCairn\sc_mausoleumCornerL.nif
sc_mausoleumcolumn02,0200933C,DLC01\SoulCairn\sc_mausoleumcolumn02.nif
sc_mausoleumWall04,0200933D,DLC01\SoulCairn\sc_mausoleumWall04.nif
sc_mausoleumEND03,0200933E,DLC01\SoulCairn\sc_mausoleumEND03.nif
sc_mausoleumWall03,0200933F,DLC01\SoulCairn\sc_mausoleumWall03.nif
sc_mausoleumDoorway01,02009340,DLC01\SoulCairn\sc_mausoleumDoorway01.nif
sc_mausoleumWall02,02009341,DLC01\SoulCairn\sc_mausoleumWall02.nif
sc_mausoleumEND02,02009342,DLC01\SoulCairn\sc_mausoleumEND02.nif
sc_mausoleumcolumn01,02009343,DLC01\SoulCairn\sc_mausoleumcolumn01.nif
DLC01CoffinPuzzleCoffinStatic,02009668,DLC01\Clutter\DLC01CoffinPuzzleCoffinTopStatic.nif
CasExtMainTowerCourtyard01,02009669,DLC01\Dungeons\Castle\Exterior\CasExtMainTowerCourtyard01.nif
DLC1IceWallBig01,02009676,DLC01\Landscape\DLC1IceWallBig01.nif
DLC1IcicleClumpCap,02009679,DLC01\Landscape\DLC1IcicleClumpCap01.nif
DLC1IceWallBig02,0200967C,DLC01\Landscape\DLC1IceWallBig02.nif
DLC1IceWallColumnBig,0200967E,DLC01\Landscape\DLC1IceWallColumnBig.nif
NorPlatBgStairSingle01ice,020097D5,Dungeons\Nordic\Platforms\NorPlatBgStairSingle01.nif
CasLgWinFree01,02009B7F,DLC01\Dungeons\Castle\LgRooms\CasLgWinFree01.nif
FalmerBridgeEnd,02009D3E,DLC01\Architecture\FalmerBridge\FalmerBridgeEnd.nif
FalmerBridgeThinBase,02009EEB,DLC01\Architecture\FalmerBridge\FalmerBridgeThinBase.nif
CasExtMainTowerBridge01,0200A37A,DLC01\Dungeons\Castle\Exterior\CasExtMainTowerBridge01.nif
CasLgHall2way01_Snow,0200AC05,DLC01\Dungeons\Castle\LgHalls\CasLgHall2way01.nif
DLC1IceWallChunk01,0200B5BF,DLC01\Landscape\DLC1IceWallChunk01.nif
DLC1IcicleBigSingle01,0200B5C7,DLC01\Landscape\DLC1IcicleSingleCap01.nif
DLC01FrozenLakeEdgeNE,0200B5D7,DLC01\Landscape\DLC01FrozenLakeEdgeNE.nif
DLC01FrozenLakeCracks3EdgeNE,0200B5DA,DLC01\Landscape\DLC01FrozenLakeCracks3EdgeNE.nif
1stPersonDwarvenCrossbow,0200B646,DLC01\Weapons\Dwarven Crossbow\DwarvenCrossbow.nif
CasPlatMid01_Snow,0200BA44,DLC01\Dungeons\Castle\Platforms\CasPlatMid01.nif
CasPlatFront01_Snow,0200BA45,DLC01\Dungeons\Castle\Platforms\CasPlatFront01.nif
CasPlatCorOut01_Snow,0200BA46,DLC01\Dungeons\Castle\Platforms\CasPlatCorOut01.nif
CasPlatStair01_Snow,0200BA47,DLC01\Dungeons\Castle\Platforms\CasPlatStair01.nif
CasPlatCorIn01_Snow,0200BA48,DLC01\Dungeons\Castle\Platforms\CasPlatCorIn01.nif
CasPlatFrontToSmHall01_Snow,0200BA49,DLC01\Dungeons\Castle\Platforms\CasPlatFrontToSmHall01.nif
CasPlatFree01_Snow,0200BA4A,DLC01\Dungeons\Castle\Platforms\CasPlatFree01.nif
CasPlatRailPost01_Snow,0200BA4B,DLC01\Dungeons\Castle\Platforms\CasPlatRailPost01.nif
DExtCorner02,0200BB61,DLC01\Architecture\Dawnguard\DExtCorner02.nif
DExtInnerCorner01,0200BB6A,DLC01\Architecture\Dawnguard\DExtInnerCorner01.nif
DLC01IdealMasterCrystal,0200BF4B,DLC01\Clutter\DLC01IdealMasterCrystal.nif
DLC01CrystalPillars,0200BF4E,DLC01\Clutter\DLc01CrystalPillars.nif
DLC01CrystalCrater,0200BF50,DLC01\Clutter\DLC01CrystalCrater.nif
DLC01FrozenLakeCracks1EdgeNE,0200C0EE,DLC01\Landscape\DLC01FrozenLakeCracks1EdgeNE.nif
DLC1IceFloeChunkS01,0200C116,DLC01\Landscape\DLC1IceFloeChunkS01.nif
DLC1IceFloeChunkS02,0200C117,DLC01\Landscape\DLC1IceFloeChunkS02.nif
DLC1IceFloeChunkS03,0200C118,DLC01\Landscape\DLC1IceFloeChunkS03.nif
DLC1IceFloeFrostS01,0200C119,DLC01\Landscape\DLC1IceFloeFrostS01.nif
DLC1IceFloeFrostS02,0200C11A,DLC01\Landscape\DLC1IceFloeFrostS02.nif
DLC1IceFloeFrostS03,0200C11B,DLC01\Landscape\DLC1IceFloeFrostS03.nif
DLC1IceFloeM01,0200C11C,DLC01\Landscape\DLC1IceFloeM01.nif
DLC1IceLandBroken01Skirt,0200C11D,DLC01\Landscape\DLC1IceLandBroken01Skirt.nif
DLC1IceLandBroken01,0200C11E,DLC01\Landscape\DLC1IceLandBroken01.nif
DLC1IceLandBroken02,0200C11F,DLC01\Landscape\DLC1IceLandBroken02.nif
DLC1IceFloeL01,0200C120,DLC01\Landscape\DLC1IceFloeL01.nif
DLC1IceFloeS02,0200C121,DLC01\Landscape\DLC1IceFloeS02.nif
DLC1IceFloeS01,0200C122,DLC01\Landscape\DLC1IceFloeS01.nif
FalmerBridgeBaseSnowLight,0200C1C9,DLC01\Architecture\FalmerBridge\FalmerBridgeBase.nif
FalmerBridgeEndSnowLight,0200C1CA,DLC01\Architecture\FalmerBridge\FalmerBridgeEnd.nif
FalmerBridgeThinBaseSnowLight,0200C1CB,DLC01\Architecture\FalmerBridge\FalmerBridgeThinBase.nif
FalmerBridgeThinSnowLight,0200C1CC,DLC01\Architecture\FalmerBridge\FalmerBridgeThin.nif
FalmerHut02SnowLight,0200C1CD,DLC01\Architecture\FalmerHuts\FalmerHut02.nif
FalmerBridgeSegmentSnowLight,0200C1CE,DLC01\Architecture\FalmerBridge\FalmerBridgeSegment.nif
CasSCPortalBase01,0200C1DB,DLC01\Dungeons\Castle\Animated\SCPortal\CasSCPortalBase01.nif
TestVampireBrute,0200C1DD,Actors\DLC01\VampireBrute\VampireBrute.nif
sc_mausoleumStairs01,0200C22D,DLC01\SoulCairn\sc_mausoleumStairs01.nif
sc_mausoleumPlatform01,0200C22E,DLC01\SoulCairn\sc_mausoleumPlatform01.nif
sc_mausoleumplatformarch04,0200C22F,DLC01\SoulCairn\sc_mausoleumplatformarch04.nif
sc_mausoleumplatformarch03,0200C230,DLC01\SoulCairn\sc_mausoleumplatformarch03.nif
sc_mausoleumplatformarch02,0200C231,DLC01\SoulCairn\sc_mausoleumplatformarch02.nif
sc_mausoleumplatformarch01,0200C232,DLC01\SoulCairn\sc_mausoleumplatformarch01.nif
sc_mausoleumplatformcapCR,0200C233,DLC01\SoulCairn\sc_mausoleumplatformcapCR.nif
sc_mausoleumplatformcapCL,0200C234,DLC01\SoulCairn\sc_mausoleumplatformcapCL.nif
sc_mausoleumplatformcap01,0200C235,DLC01\SoulCairn\sc_mausoleumplatformcap01.nif
CasSCPortalExit01,0200C607,DLC01\Dungeons\Castle\Animated\SCPortal\CasSCPortalExit01.nif
CasPlatMid512x384_Snow,0200C73D,DLC01\Dungeons\Castle\Platforms\CasPlatMid512x384.nif
SERuinsBridge01,0200C856,DLC01\Architecture\SnowElfRuins\SERuinsBridge01.nif
SETable01,0200CD5E,DLC01\Furniture\SnowElf\SETable01.nif
SETable02,0200CD5F,DLC01\Furniture\SnowElf\SETable02.nif
DLC1TreeWinterAspenSnow03,0200CE11,DLC01\Landscape\Trees\DLC1TreeWinterAspenSnow03.nif
DLC1TreeWinterAspenSnow05,0200CE12,DLC01\Landscape\Trees\DLC1TreeWinterAspenSnow05.nif
DLC1TreeWinterAspenSnow01,0200CE13,DLC01\Landscape\Trees\DLC1TreeWinterAspenSnow01.nif
DLC1IcicleClumpCap_NoSN,0200CE33,DLC01\Landscape\DLC1IcicleClumpCap01.nif
DLC1IceWallChunk01_NoSN,0200CE34,DLC01\Landscape\DLC1IceWallChunk01.nif
DLC1IcicleColumn01_NoSN,0200CE38,DLC01\Landscape\DLC1IcicleColumn01.nif
IcebergLarge_HeavySN,0200CE41,Landscape\Ice\IcebergLarge.nif
DExtFloor01,0200CF0D,DLC01\Architecture\Dawnguard\DExtFloor01.nif
1stPersonDawnguardAxe,0200D097,DLC01\Weapons\Hunter Axe\1stPersonHunterAxe.nif
FXAmbBeamWetMistLong01,0200D613,DLC01\Effects\FXAmbBeamWetMistLong01.nif
DIntDoorCap01,0200D693,DLC01\Architecture\Dawnguard\DIntDoorCap01.nif
DLC01MothgladeBoulder01,0200D7AC,DLC01\Clutter\DLC01MothgladeBoulder01.nif
DLC01MothgladeBoulder02,0200D7AE,DLC01\Clutter\DLC01MothgladeBoulder02.nif
DLC01MothgladeBoulder03,0200D7AF,DLC01\Clutter\DLC01MothgladeBoulder03.nif
DLC01MothgladeBoulder04,0200D7B2,DLC01\Clutter\DLC01MothgladeBoulder04.nif
DLC01MothgladeBoulder05,0200D7C2,DLC01\Clutter\DLC01MothgladeBoulder05.nif
DLC01MothgladePlatform01,0200D7C4,DLC01\Clutter\DLC01MothgladePlatform01.nif
DLC1MountainRidge02CaveUNIQUE_HeavySN,0200D80B,DLC01\Landscape\DLC1MountainRidge02Cave.nif
CaveIRHall1Way128R01_DLC1_UNIQUE,0200D80E,DLC01\Dungeons\FalmerPlayground\CaveIRHall1Way128R01_DLC1_UNIQUE.nif
CaveIRHallRamp02_DLC1_UNIQUE,0200D80F,DLC01\Dungeons\FalmerPlayground\CaveIRHallRamp02_DLC1_UNIQUE.nif
CaveIRHall2Way01_DLC1_UNIQUE,0200D810,DLC01\Dungeons\FalmerPlayground\CaveIRHall2Way01_DLC1_UNIQUE.nif
DIntTowerStairs02,0200DC12,DLC01\Architecture\Dawnguard\DIntTowerStairs02.nif
DLC01FrozenLakeBreakCap02,0200DC17,DLC01\Landscape\DLC01FrozenLakeBreakCap02.nif
DLC01FrozenLakeBreak02,0200DC18,DLC01\Landscape\DLC01FrozenLakeBreak02.nif
DLC1LavaShimmer01,0200DC19,DLC01\Effects\LavaShimmer01.nif
1stPersonDawnguardHammer,0200DD56,DLC01\Weapons\HunterHammer\1stPersonHunterHammer.nif
CasExtMainTowerMarker01,0200DD57,DLC01\Dungeons\Castle\Exterior\CasExtMainTowerMarker01.nif
CasExtFrontLeftTower01,0200DD58,DLC01\Dungeons\Castle\Exterior\CasExtFrontLeftTower01.nif
CasExtBackRightTower01,0200DD59,DLC01\Dungeons\Castle\Exterior\CasExtBackRightTower01.nif
CasExtFrontRightTower01,0200DD5A,DLC01\Dungeons\Castle\Exterior\CasExtFrontRightTower01.nif
CasExtTowerWall01,0200DD5B,DLC01\Dungeons\Castle\Exterior\CasExtTowerWall01.nif
CasExtBackLeftTower01,0200DD5C,DLC01\Dungeons\Castle\Exterior\CasExtBackLeftTower01.nif
sc_stonepile05,0200E3E2,DLC01\SoulCairn\sc_stonepile05.nif
sc_bonepile05,0200E3E3,DLC01\SoulCairn\sc_bonepile05.nif
sc_bonepile03,0200E3E4,DLC01\SoulCairn\sc_bonepile03.nif
sc_bonepile02,0200E3E5,DLC01\SoulCairn\sc_bonepile02.nif
sc_stonepile04,0200E3E6,DLC01\SoulCairn\sc_stonepile04.nif
sc_stonepile03,0200E3E7,DLC01\SoulCairn\sc_stonepile03.nif
sc_stonepile02,0200E3E8,DLC01\SoulCairn\sc_stonepile02.nif
sc_stonepile01,0200E3E9,DLC01\SoulCairn\sc_stonepile01.nif
sc_bonepile06,0200E3EA,DLC01\SoulCairn\sc_bonepile06.nif
sc_bonepile04,0200E3EB,DLC01\SoulCairn\sc_bonepile04.nif
sc_bonepile01,0200E3EC,DLC01\SoulCairn\sc_bonepile01.nif
sc_boneyardtower01,0200E3EF,DLC01\SoulCairn\sc_boneyardtower01.nif
sc_mausoleumTowerCap01,0200E3F0,DLC01\SoulCairn\sc_mausoleumTowerCap01.nif
DLC01RockPileL04SoulCairnRock01,0200E9E8,Landscape\Rocks\RockPileL04.nif
DLC01RockPileL02SoulCairnRock01,0200E9E9,Landscape\Rocks\RockPileL02.nif
DLC01LumGroundCover01,0200EFB3,DLC01\Landscape\Plants\DLC1LumGroundCover01.nif
DLC01LumGroundCover02,0200EFB8,DLC01\Landscape\Plants\DLC1LumGroundCover02.nif
DLC01RockCaveEntrance01,0200EFBB,DLC01\Landscape\Rocks\DLC01RockCaveEntrance01.nif
DLC01RockCaveEntrance01Rocks01Snow,0200EFBC,DLC01\Landscape\Rocks\DLC01RockCaveEntrance01.nif
DTowerDoorway01,0200F357,DLC01\Architecture\Dawnguard\DTowerDoorway01.nif
SERuinsFloorRaised01,0200F3CF,DLC01\Architecture\SnowElfRuins\Interior\SERuinsFloorRaised01.nif
SERuinsFloorRaised02,0200F3D5,DLC01\Architecture\SnowElfRuins\Interior\SERuinsFloorRaised02.nif
SERuinsFloorRaised03,0200F3E1,DLC01\Architecture\SnowElfRuins\Interior\SERuinsFloorRaised03.nif
SERuinsFloorRaised03A,0200F3E6,DLC01\Architecture\SnowElfRuins\Interior\SERuinsFloorRaised03A.nif
SERuinsFloorRaised02A,0200F3E8,DLC01\Architecture\SnowElfRuins\Interior\SERuinsFloorRaised02A.nif
SERuinsFloorRaised01A,0200F3EB,DLC01\Architecture\SnowElfRuins\Interior\SERuinsFloorRaised01A.nif
SERuinsRmCeilingSkylight01,0200F3EF,DLC01\Architecture\SnowElfRuins\Interior\SERuinsRmCeilingSkylight01.nif
CasSecEntranceBase01,0200F9D5,DLC01\Dungeons\Castle\Animated\SecretEntrance\CasSecEntranceBase01.nif
sc_freewall01,0200F9EA,DLC01\SoulCairn\sc_freewall01.nif
sc_freewall02,0200F9EE,DLC01\SoulCairn\sc_freewall02.nif
sc_freewallCap02,0200F9F0,DLC01\SoulCairn\sc_freewallCap02.nif
sc_freewallCap01,0200F9F1,DLC01\SoulCairn\sc_freewallCap01.nif
sc_freewall03,0200F9F2,DLC01\SoulCairn\sc_freewall03.nif
sc_freewallCap03,0200F9FA,DLC01\SoulCairn\sc_freewallCap03.nif
sc_freewall04,0200FA0A,DLC01\SoulCairn\sc_freewall04.nif
SERuinsArchwayFree02,0200FCCA,DLC01\Architecture\SnowElfRuins\SERuinsArchwayFree02.nif
SERuinsArchwayFree02SnowLight,0200FCCB,DLC01\Architecture\SnowElfRuins\SERuinsArchwayFree02.nif
DLC1AncestorsGladeLHall1Way128L01,0200FEE1,Dungeons\Caves\Green\LargeHall\CaveGLHall1Way128L01.nif
DLC1AncestorsGladeLHall1Way128D01,0200FEE2,Dungeons\Caves\Green\LargeHall\CaveGLHall1Way128D01.nif
DLC1AncestorsGladeLHallRamp01,0200FEE3,Dungeons\Caves\Green\LargeHall\CaveGLHallRamp01.nif
DLC1AncestorsGladeLEWallDoorLB01,0200FEE4,Dungeons\Caves\Green\LargeWall\CaveGLEWallDoorLB01.nif
DLC1AncestorsGladeLRoomInCorner01,0200FEE5,Dungeons\Caves\Green\LargeRoom\CaveGLRoomInCorner01.nif
DLC1AncestorsGladeLRoomCorner02,0200FEE6,Dungeons\Caves\Green\LargeRoom\CaveGLRoomCorner02.nif
DLC1AncestorsGladeLRoomCorner02c,0200FEE7,Dungeons\Caves\Green\LargeRoom\CaveGLRoomCorner02c.nif
DLC1AncestorsGladeLRoomWall02,0200FEE8,Dungeons\Caves\Green\LargeRoom\CaveGLRoomWall02.nif
DLC1AncestorsGladeLRoomCorner01,0200FEE9,Dungeons\Caves\Green\LargeRoom\CaveGLRoomCorner01.nif
DLC1AncestorsGladeLRoomWall01,0200FEEA,Dungeons\Caves\Green\LargeRoom\CaveGLRoomWall01.nif
DLC1AncestorsGladeLRoomMid01,0200FEEB,Dungeons\Caves\Green\LargeRoom\CaveGLRoomMid01.nif
DLC1AncestorsGladeLRoomMid01c,0200FEEC,Dungeons\Caves\Green\LargeRoom\CaveGLRoomMid01c.nif
DInt4Way01,020100F4,DLC01\Architecture\Dawnguard\DInt4Way01.nif
DInt3Way01,020100F5,DLC01\Architecture\Dawnguard\DInt3Way01.nif
DIntCorner01,020100F6,DLC01\Architecture\Dawnguard\DIntCorner01.nif
DIntTowerBase01,020100F8,DLC01\Architecture\Dawnguard\DIntTowerBase01.nif
DIntTowerMid02,0201011F,DLC01\Architecture\Dawnguard\DIntTowerMid02.nif
DIntTowerMid01,02010120,DLC01\Architecture\Dawnguard\DIntTowerMid01.nif
DIntTowerTop02,02010125,DLC01\Architecture\Dawnguard\DIntTowerTop02.nif
DIntTowerTop01,02010126,DLC01\Architecture\Dawnguard\DIntTowerTop01.nif
DIntSmallHall01,02010127,DLC01\Architecture\Dawnguard\DIntSmallHall01.nif
DIntTowerStairs01,0201012B,DLC01\Architecture\Dawnguard\DIntTowerStairs01.nif
DInt3WayDoor01,0201012D,DLC01\Architecture\Dawnguard\DInt3WayDoor01.nif
DIntSmallHallDoor01,02010139,DLC01\Architecture\Dawnguard\DIntSmallHallDoor01.nif
DIntCornerDoor02,0201013B,DLC01\Architecture\Dawnguard\DIntCornerDoor02.nif
DIntCornerDoor01,0201013C,DLC01\Architecture\Dawnguard\DIntCornerDoor01.nif
DIntRCorner01,02010185,DLC01\Architecture\Dawnguard\DIntRCorner01.nif
DIntRWall01,02010186,DLC01\Architecture\Dawnguard\DIntRWall01.nif
DIntR3Way01,02010187,DLC01\Architecture\Dawnguard\DIntR3Way01.nif
DIntRCenter01,02010188,DLC01\Architecture\Dawnguard\DIntRCenter01.nif
DIntRCorner02,0201018B,DLC01\Architecture\Dawnguard\DIntRCorner02.nif
DIntRCorner03,0201018E,DLC01\Architecture\Dawnguard\DIntRCorner03.nif
DIntRCorner04,0201018F,DLC01\Architecture\Dawnguard\DIntRCorner04.nif
DIntCapCorner01,020101F8,DLC01\Architecture\Dawnguard\DIntCapCorner01.nif
DIntCapHall01,020101F9,DLC01\Architecture\Dawnguard\DIntCapHall01.nif
DIntCapStairs01,020101FA,DLC01\Architecture\Dawnguard\DIntCapStairs01.nif
DIntCapWall01,020101FB,DLC01\Architecture\Dawnguard\DIntCapWall01.nif
SERuinsWaygatePlatform01,02010457,DLC01\Architecture\SnowElfRuins\SERuinsWaygatePlatform01.nif
DLC1FVWordRock,0201081E,DLC01\Effects\FVIceLakeWordRock.nif
FalmerCityRoundFloorLg01,02010943,DLC01\Architecture\FalmerHuts\FalmerCityRoundFloorLg01.nif
FalmerCityRoundFloorLg02,02010944,DLC01\Architecture\FalmerHuts\FalmerCityRoundFloorLg02.nif
FalmerCityRoundFloorSm01,02010945,DLC01\Architecture\FalmerHuts\FalmerCityRoundFloorSm01.nif
FalmerCityHutDoor01,02010946,DLC01\Architecture\FalmerHuts\FalmerCityHutDoor01.nif
FalmerCityHutNoDoor01,02010947,DLC01\Architecture\FalmerHuts\FalmerCityHutNoDoor01.nif
FalmerCityRingDoor01,02010948,DLC01\Architecture\FalmerHuts\FalmerCityRingDoor01.nif
FalmerCityRingNoDoor01,02010949,DLC01\Architecture\FalmerHuts\FalmerCityRingNoDoor01.nif
FalmerCityRingStrutsDoor01,0201094A,DLC01\Architecture\FalmerHuts\FalmerCityRingStrutsDoor01.nif
FalmerCityRingStrutsNoDoor01,0201094B,DLC01\Architecture\FalmerHuts\FalmerCityRingStrutsNoDoor01.nif
FalmerCityFenceRingNoDoor04,0201094C,DLC01\Architecture\FalmerHuts\FalmerCityFenceRingNoDoor04.nif
FalmerCityFenceRingDoor02,0201094D,DLC01\Architecture\FalmerHuts\FalmerCityFenceRingDoor02.nif
FalmerCityFenceRingNoDoor02,0201094E,DLC01\Architecture\FalmerHuts\FalmerCityFenceRingNoDoor02.nif
FalmerCityFenceRingNoDoor01,0201094F,DLC01\Architecture\FalmerHuts\FalmerCityFenceRingNoDoor01.nif
FalmerCityRoundRamp01,02010950,DLC01\Architecture\FalmerHuts\FalmerCityRoundRamp01.nif
FalmerCityHutPod01,02010951,DLC01\Architecture\FalmerHuts\FalmerCityHutPod01.nif
FalmerPGEBalconyRamp01SnowLight,02010A04,DLC01\Dungeons\FalmerPlayground\FalmerPGEBalconyRamp01.nif
FalmerPGEBalconyBridge01WideSnowLight,02010A05,DLC01\Dungeons\FalmerPlayground\FalmerPGEBalconyBridge01Wide.nif
WordWallBroken,02010B4C,Dungeons\Nordic\Chambers\WordWallHighHrothgarBroken.nif
sc_towerfloatingrocks,02010BA4,DLC01\SoulCairn\sc_towerfloatingrocks.nif
sc_towerfloatingrocks02,02010BAD,DLC01\SoulCairn\sc_towerfloatingrocks02.nif
sc_towerfloatingrocks03,02010BAE,DLC01\SoulCairn\sc_towerfloatingrocks03.nif
SEBenchStatic,02010C7C,DLC01\Furniture\SnowElf\SEBench01.nif
DIntRWallHearth01,0201148C,DLC01\Architecture\Dawnguard\DIntRWallHearth01.nif
DIntSmallCorner01,02011493,DLC01\Architecture\Dawnguard\DIntSmallCorner01.nif
DIntSmall4Way01,02011494,DLC01\Architecture\Dawnguard\DIntSmall4Way01.nif
DIntSmall3Way01,02011495,DLC01\Architecture\Dawnguard\DIntSmall3Way01.nif
DIntSmallHallEnd01,020114AE,DLC01\Architecture\Dawnguard\DIntSmallHallEnd01.nif
DLC1IceWallColumnBig_NoSN,02011600,DLC01\Landscape\DLC1IceWallColumnBig.nif
DLC1IceWallBig02_NoSN,02011602,DLC01\Landscape\DLC1IceWallBig02.nif
DLC1MountainTrim01SoulCairnRock01,02011808,Landscape\Mountains\MountainTrim01.nif
DLC1RockPileM02SoulCairnRock01,02011810,Landscape\Rocks\RockPileM02.nif
DLC1RockPileM03SoulCairnRock01,02011811,Landscape\Rocks\RockPileM03.nif
DLC1RockPileS02SoulCairnRock01,02011812,Landscape\Rocks\RockPileS02.nif
DLC1RockPileS02SoulCairnDirt03,02011813,Landscape\Rocks\RockPileS02.nif
DLC1RockPileS04SoulCairnRock01,0201181C,Landscape\Rocks\RockPileS04.nif
DLC1RockCliff02SoulCairnRock01,02011823,Landscape\Rocks\RockCliff02.nif
DCL1TundraStreamBend01SoulCairnDirt01,0201182D,Landscape\Tundra\TundraStreamBend01.nif
DLC1MountainTrim01SoulCairnDirt03,02011851,Landscape\Mountains\MountainTrim01.nif
DLC1RockPileM01SoulCairnRock01,02011858,Landscape\Rocks\RockPileM01.nif
HarkonTeleportMarker,02011998,MarkerXHeading.nif
CasFloorRaised01,02011A00,DLC01\Dungeons\Castle\Rubble\CasFloorRaised01.nif
CasFloorRaised02,02011A01,DLC01\Dungeons\Castle\Rubble\CasFloorRaised02.nif
CasFloorRubbleFlat01,02011A02,DLC01\Dungeons\Castle\Rubble\CasFloorRubbleFlat01.nif
CasRubblePile01,02011A03,DLC01\Dungeons\Castle\Rubble\CasRubblePile01.nif
CasRubblePile02,02011A04,DLC01\Dungeons\Castle\Rubble\CasRubblePile02.nif
CasRubblePile03,02011A05,DLC01\Dungeons\Castle\Rubble\CasRubblePile03.nif
CasRubblePile04,02011A06,DLC01\Dungeons\Castle\Rubble\CasRubblePile04.nif
CasRubblePile05,02011A07,DLC01\Dungeons\Castle\Rubble\CasRubblePile05.nif
CasRubblePile06,02011A08,DLC01\Dungeons\Castle\Rubble\CasRubblePile06.nif
CasRubblePile07,02011A09,DLC01\Dungeons\Castle\Rubble\CasRubblePile07.nif
CasRubblePile08,02011A0A,DLC01\Dungeons\Castle\Rubble\CasRubblePile08.nif
CasRubblePileCeiling01,02011A0B,DLC01\Dungeons\Castle\Rubble\CasRubblePileCeiling01.nif
CasRubblePileCeiling02,02011A0C,DLC01\Dungeons\Castle\Rubble\CasRubblePileCeiling02.nif
DLC01Fissure01SoulCairnRock01,02011A8A,Landscape\Volcanic\VolcanicFissure01.nif
CasPlatRailBrokenCap01,02011BB2,DLC01\Dungeons\Castle\Platforms\CasPlatRailBrokenCap01.nif
CasExFreeLgCap01,02011BB3,DLC01\Dungeons\Castle\LgHalls\CasExFreeLgCap01.nif
sc_gravestonegrouplarge01,02011BC1,DLC01\SoulCairn\L1_sc_gravestonegrouplarge01.nif
sc_gravestonegrouplarge02,02011BC2,DLC01\SoulCairn\L1_sc_gravestonegrouplarge02.nif
sc_gravestonegroupmedium02,02011BC3,DLC01\SoulCairn\L1_sc_gravestonegroupmedium02.nif
sc_gravestonegroupmedium05,02011BC4,DLC01\SoulCairn\L1_sc_gravestonegroupmedium05.nif
sc_gravestonegroupsmall01,02011BC5,DLC01\SoulCairn\L1_sc_gravestonegroupsmall01.nif
sc_gravestonegroupsmall02,02011BC6,DLC01\SoulCairn\L1_sc_gravestonegroupsmall02.nif
sc_gravestonegroupsmall03,02011BC7,DLC01\SoulCairn\L1_sc_gravestonegroupsmall03.nif
sc_gravestonegroupsmall04,02011BC8,DLC01\SoulCairn\L1_sc_gravestonegroupsmall04.nif
sc_gravestonegroupsmall06,02011BC9,DLC01\SoulCairn\L1_sc_gravestonegroupsmall06.nif
sc_gravestonegroupmedium01,02011BCA,DLC01\SoulCairn\L1_sc_gravestonegroupmedium01.nif
sc_gravestonegroupmedium03,02011BCB,DLC01\SoulCairn\L1_sc_gravestonegroupmedium03.nif
sc_gravestonegroupmedium04,02011BCC,DLC01\SoulCairn\L1_sc_gravestonegroupmedium04.nif
sc_gravestonegroupsmall05,02011BCD,DLC01\SoulCairn\L1_sc_gravestonegroupsmall05.nif
DLC1TundraPond01SoulCairnDirt01,02011C40,Landscape\Tundra\TundraPond01.nif
DLC1RockPileS03SoulCairnDirt01,02011C41,Landscape\Rocks\RockPileS03.nif
DLC1RockPileS01SoulCairnDirt01,02011C42,Landscape\Rocks\RockPileS01.nif
DIntHallDoor01,02011C5E,DLC01\Architecture\Dawnguard\DIntHallDoor01.nif
DIntHall01,02011C60,DLC01\Architecture\Dawnguard\DIntHall01.nif
DIntHallEntrance01,02011C61,DLC01\Architecture\Dawnguard\DIntHallEntrance01.nif
DIntHallEnd01,02011C62,DLC01\Architecture\Dawnguard\DIntHallEnd01.nif
DIntR3WayDoor01,02011C87,DLC01\Architecture\Dawnguard\DIntR3WayDoor01.nif
HighPolyDLC01DwemerBook01,02011E21,Clutter\Books\Book02\Character Assets\DLC01DwemerBook_HighPoly.nif
sc_ArvakSkullUNIQUEstatic,02011F9D,DLC01\SoulCairn\sc_SkeletonHorseHead.nif
DLC1FalmerBasket01,020122E9,DLC01\Clutter\DLC1FalmerBasket01.nif
DLC1FalmerBasket02,020122EA,DLC01\Clutter\DLC1FalmerBasket02.nif
CasGargoyleStatue01_Snow,020123ED,DLC01\Dungeons\Castle\Clutter\CasGargoyleStatue01.nif
CasPlatFree02_LightSnow,020123F0,DLC01\Dungeons\Castle\Platforms\CasPlatFree02.nif
CasFloorRaised01_LightSnow,020123F2,DLC01\Dungeons\Castle\Rubble\CasFloorRaised01.nif
SERuinsRubblePile02SnowExt,020128EF,DLC01\Architecture\SnowElfRuins\SERuinsRubblePile02.nif
SERuinsRubblePile03SnowExt,020128F0,DLC01\Architecture\SnowElfRuins\SERuinsRubblePile03.nif
DLC1FalmerWallPod,02012ABC,DLC01\Architecture\FalmerHuts\DLC1WallPod.nif
DLC1MountainCliffSlopeSoulCairnRock01,02012BA4,Landscape\Mountains\MountainCliffSlope.nif
SERuinsChandelier01,02012DBF,DLC01\Architecture\SnowElfRuins\SERuinsChandelier01.nif
DLC1IcicleBigSingle01_NoSN,02012E8C,DLC01\Landscape\DLC1IcicleSingleCap01.nif
DLC1IcicleStripCap_NoSN,02012E8D,DLC01\Landscape\DLC1IcicleStripCap01.nif
IcePileS04_NoSN,02012E8F,Landscape\Ice\IcePileS04.nif
IcePileM02_NoSN,02012E90,Landscape\Ice\IcePileM02.nif
IcePileL02_NoSN,02012E91,Landscape\Ice\IcePileL02.nif
IcePileL01Snow01_NoSN,02012E92,Landscape\Ice\IcePileL01.nif
DLC1IceWallBig01_NoSN,02012E97,DLC01\Landscape\DLC1IceWallBig01.nif
SERuinsWaygatePlatform01SnowLightINTERIOR,02012FCB,DLC01\Architecture\SnowElfRuins\SERuinsWaygatePlatform01.nif
SERuinsColumnRubbles01SnowINTERIOR,02012FCD,DLC01\Architecture\SnowElfRuins\SERuinsColumnRubbles01.nif
SERuinsColumnRubbles02SnowINTERIOR,02012FD0,DLC01\Architecture\SnowElfRuins\SERuinsColumnRubbles02.nif
DLC1MountainTrim01SoulCairnDirt05,02013213,Landscape\Mountains\MountainTrim01.nif
DLC1RockPileS03SoulCairnRock01,02013247,Landscape\Rocks\RockPileS03.nif
DLC1RockPileM03SoulCairnDirt02,02013260,Landscape\Rocks\RockPileM03.nif
DLC1RockPileS04SoulCairnDirt02,02013277,Landscape\Rocks\RockPileS04.nif
DLC1RockPileS04SoulCairnDirt01,0201327D,Landscape\Rocks\RockPileS04.nif
DLC1IcebergSmall02_1Layer,020137E7,DLC01\Landscape\Icebergs\DLC1IcebergSmall02_1Layer.nif
DLC1GlacierEndLg01_1Layer,020137E8,DLC01\Landscape\Icebergs\DLC1GlacierEndLg01_1Layer.nif
DLC1GlacierPillarLg01_1Layer,020137E9,DLC01\Landscape\Icebergs\DLC1GlacierPillarLg01_1Layer.nif
DLC1GlacierSlab01_1LayerSN1P,020137EA,DLC01\Landscape\Icebergs\DLC1GlacierSlab01_1Layer.nif
DLC1GlacierStraightLg01_1Layer,020137EB,DLC01\Landscape\Icebergs\DLC1GlacierStraightLg01_1Layer.nif
DLC1IcebergLarge_1LayerSN1P,020137EC,DLC01\Landscape\Icebergs\DLC1IcebergLarge_1Layer.nif
DLC1IcebergLedge01_1Layer,020137ED,DLC01\Landscape\Icebergs\DLC1IcebergLedge01_1Layer.nif
DLC1IcebergSmall01_1Layer,020137EE,DLC01\Landscape\Icebergs\DLC1IcebergSmall01_1Layer.nif
DLC1IcebergSmall01_1LayerNOSN,02013817,DLC01\Landscape\Icebergs\DLC1IcebergSmall01_1Layer.nif
DLC1IcebergLarge_1LayerNOSN,02013818,DLC01\Landscape\Icebergs\DLC1IcebergLarge_1Layer.nif
DLC1IcebergSmall02_1LayerNOSN,02013819,DLC01\Landscape\Icebergs\DLC1IcebergSmall02_1Layer.nif
DLC1GlacierStraightLg01_1LayerSN1P,0201381A,DLC01\Landscape\Icebergs\DLC1GlacierStraightLg01_1Layer.nif
DLC1IcebergSmall01_1LayerSN1P,0201381B,DLC01\Landscape\Icebergs\DLC1IcebergSmall01_1Layer.nif
DLC1IceFloesSolid01INT_HeavySN,02013832,Landscape\Ice\IceFloesSolid01.nif
CasRubblePiece01,02013949,Dungeons\Nordic\Rubble\NorRubblePiece01.nif
CasStoneBlock06,02013B28,Dungeons\Imperial\Exterior\ImpExtBlocks06.nif
CasStoneBlock05,02013B29,Dungeons\Imperial\Exterior\ImpExtBlocks05.nif
FalmerCityHutPod01SnowLight,02013B3E,DLC01\Architecture\FalmerHuts\FalmerCityHutPod01.nif
FalmerCityRoundRamp01SnowLight,02013B3F,DLC01\Architecture\FalmerHuts\FalmerCityRoundRamp01.nif
FalmerCityHutDoor01SnowLight,02013B40,DLC01\Architecture\FalmerHuts\FalmerCityHutDoor01.nif
FalmerCityHutNoDoor01SnowLight,02013B41,DLC01\Architecture\FalmerHuts\FalmerCityHutNoDoor01.nif
FalmerCityRingStrutsDoor01SnowLight,02013B42,DLC01\Architecture\FalmerHuts\FalmerCityRingStrutsDoor01.nif
FalmerCityRingDoor01SnowLight,02013B43,DLC01\Architecture\FalmerHuts\FalmerCityRingDoor01.nif
FalmerCityFenceRingDoor02SnowLight,02013B44,DLC01\Architecture\FalmerHuts\FalmerCityFenceRingDoor02.nif
FalmerCityFenceRingNoDoor01SnowLight,02013B45,DLC01\Architecture\FalmerHuts\FalmerCityFenceRingNoDoor01.nif
FalmerCityRingStrutsNoDoor01SnowLight,02013B46,DLC01\Architecture\FalmerHuts\FalmerCityRingStrutsNoDoor01.nif
CasGargoyleStatue01,02013B85,DLC01\Dungeons\Castle\Clutter\CasGargoyleStatue01.nif
CasExFreeSm01_Snow,02013DD9,DLC01\Dungeons\Castle\LgHalls\CasExFreeSm01.nif
CasExFreeSmDoorSTATIC,02013DDC,DLC01\Dungeons\Castle\LgHalls\CasExFreeSmDoor01.nif
FalmerChiefTentCharus_LightSN,02013E68,DLC01\Architecture\FalmerHuts\FalmerChiefTentCharus.nif
DLC1LD_AetherialStaff1stPerson,02013EB8,DLC01\Weapons\Dwarven\1stPersonDwarvenStaffCrystal.nif
SERuinsTempleDeck01,02013FED,DLC01\Architecture\SnowElfRuins\SERuinsTempleDeck01.nif
SERuinsHallBGDoorFrame02,02013FF4,DLC01\Architecture\SnowElfRuins\Interior\SERuinsHallBGDoorFrame02.nif
DweSteamTriggerPipe01,020141A6,DLC01\Dungeons\Dwemer\Animated\DweSteamTrigger01\DweSteamTriggerPipe01.nif
RockPileL01FallForestLeaves01,020146C8,Landscape\Rocks\RockPileL01.nif
DweSteppedDias01,02014B5D,DLC01\Dungeons\Dwemer\Animated\DweSpecialForge01\DweSteppedDias01.nif
VigilantHallDestroyed,02014DEC,DLC01\Architecture\Farmhouse\DLC1InnDestroyed01.nif
FarmIntLHFirePit03Snow,02014DF2,Architecture\Farmhouse\Interior\FarmIntLHFirePit03.nif
BurntRubble02Snow01,02014E2B,Clutter\Helgen\BurntRubble02.nif
DweSpecialForgeLava02,02014E97,DLC01\Dungeons\Dwemer\Animated\DweSpecialForge01\DweSpecialForgeLava02.nif
DweSpecialForgeLava03,02014E98,DLC01\Dungeons\Dwemer\Animated\DweSpecialForge01\DweSpecialForgeLava03.nif
1stPersonDragonboneBattleaxe,02014FC4,DLC01\Weapons\Dragonbone\1stpersonBattleaxe.nif
1stPersonDragonboneDagger,02014FC5,DLC01\Weapons\Dragonbone\1stpersonDagger.nif
1stPersonDragonboneGreatsword,02014FC6,DLC01\Weapons\Dragonbone\1stpersonGreatsword.nif
1stPersonDragonboneMace,02014FC7,DLC01\Weapons\Dragonbone\1stpersonMace.nif
1stPersonDragonboneSword,02014FC8,DLC01\Weapons\Dragonbone\1stpersonSword.nif
1stPersonDragonboneWarAxe,02014FC9,DLC01\Weapons\Dragonbone\1stpersonWarAxe.nif
1stPersonDragonboneWarhammer,02014FCA,DLC01\Weapons\Dragonbone\1stpersonWarhammer.nif
DweSpecialForgeLava01,02014FD1,DLC01\Dungeons\Dwemer\Animated\DweSpecialForge01\DweSpecialForgeLava01.nif
FalmerCityRoundRamp02,02014FEB,DLC01\Architecture\FalmerHuts\FalmerCityRoundRamp02.nif
FalmerCityRoundRamp02SnowLight,02014FEC,DLC01\Architecture\FalmerHuts\FalmerCityRoundRamp02.nif
sc_boneyardentrance,020153A5,DLC01\SoulCairn\sc_boneyardentrance.nif
TestBossRoom01,020153BA,DLC01\Architecture\SnowElfRuins\TestBossRoom01.nif
FalmerCityRingNoDoor01SnowLight,020153C8,DLC01\Architecture\FalmerHuts\FalmerCityRingNoDoor01.nif
FXWaterfallBodyTall02MovLOD,020153F7,DLC01\Effects\FXWaterfallBodyTall02MovLOD.nif
FXWaterfallBodyTall02noLOD,020153F8,DLC01\Effects\FXWaterfallBodyTall02noLOD.nif
SERuinsRmPillarFreeBroken02Snow,020157C4,DLC01\Architecture\SnowElfRuins\Interior\SERuinsRmPillarFreeBroken02.nif
SERuinsRmPillarFreeBroken01Snow,020157C5,DLC01\Architecture\SnowElfRuins\Interior\SERuinsRmPillarFreeBroken01.nif
DLC1CasShaftBot01,02015B64,Dungeons\Nordic\Shafts\NorRmShaftBot01.nif
DLC1CasShaftMidExSm01,02015B65,Dungeons\Nordic\Shafts\NorRmShaftMidExSm01.nif
DLC1IcebergLarge,02015BC8,Landscape\Ice\IcebergLarge.nif
DLC1IcebergLarge_HeavySN,02015BC9,Landscape\Ice\IcebergLarge.nif
DLC1IcebergLarge_LightSN,02015BCA,Landscape\Ice\IcebergLarge.nif
DweDesColumn01Base,02015C2B,DLC01\Dungeons\Dwemer\Destructible\DweDesColumn01Base.nif
DLC1GlacierEndLg01,02015FED,Landscape\Ice\GlacierEndLg01.nif
DLC1GlacierEndLg01_NoSN,02015FEE,Landscape\Ice\GlacierEndLg01.nif
DLC1cavewormtubelarge,02015FF5,DLC01\Plants\cavewormtube\cavewormtubelarge.nif
Dlc1cavewormgrouptube,02015FF9,DLC01\Plants\cavewormtube\Dlc1cavewormgrouptube.nif
SERuinsArchwayFree01,0201607B,DLC01\Architecture\SnowElfRuins\SERuinsArchwayFree01.nif
CasSmHallFirePlace01,02016083,DLC01\Dungeons\Castle\SmHalls\CasSmHallFirePlace01.nif
CaveGBouldDes01Base,02016113,DLC01\Dungeons\Caves\CaveGBoulderDes01Base.nif
DLC01StatueofAuriel,020169DB,DLC01\Clutter\AurielStatue\StatueOfAuriel.nif
SERuinsArchwayFree01SnowLight,02016A51,DLC01\Architecture\SnowElfRuins\SERuinsArchwayFree01.nif
SERuinsArchRubbles01,02017639,DLC01\Architecture\SnowElfRuins\SERuinsArchRubbles01.nif
SERuinsColumnRubbles01,0201763B,DLC01\Architecture\SnowElfRuins\SERuinsColumnRubbles01.nif
SERuinsColumnRubbles02,0201763C,DLC01\Architecture\SnowElfRuins\SERuinsColumnRubbles02.nif
SERuinsArchRubbles03,0201763F,DLC01\Architecture\SnowElfRuins\SERuinsArchRubbles03.nif
SERuinsRubbles01,02017640,DLC01\Architecture\SnowElfRuins\SERuinsRubbles01.nif
SERuinsRubbles02,02017641,DLC01\Architecture\SnowElfRuins\SERuinsRubbles02.nif
SERuinsArchRubbles02,02017642,DLC01\Architecture\SnowElfRuins\SERuinsArchRubbles02.nif
sc_lightwell01,02017651,DLC01\SoulCairn\sc_lightwell01.nif
CasSCPortalExitStairs01,02017675,DLC01\Dungeons\Castle\Animated\SCPortal\CasSCPortalExitStairs01.nif
CasExFreeLgCap01_Snow,020176E3,DLC01\Dungeons\Castle\LgHalls\CasExFreeLgCap01.nif
CasExFreeLgDoorSTATIC,020176E5,DLC01\Dungeons\Castle\LgHalls\CasExFreeLgDoor01.nif
1stPersonDragoneboneBow,020176F2,DLC01\Weapons\Dragonbone\Bow.nif
Dlc1FalmerJug01,020177F6,DLC01\Clutter\Dlc1FalmerJug01.nif
Dlc1FalmerJug02,020177F7,DLC01\Clutter\Dlc1FalmerJug02.nif
DLC1FalmerTotem01,020177F8,DLC01\Clutter\DLC1FalmerTotem01.nif
Dlc1FalmerBugParts01,0201782F,DLC01\Clutter\Dlc1FalmerBugParts01.nif
DLC1IcicleClumpCap03,0201788A,DLC01\Landscape\DLC1IcicleClumpCap03.nif
DLC1IcicleClumpCap02,0201788B,DLC01\Landscape\DLC1IcicleClumpCap02.nif
IcicleBigClump_DLC1,0201788C,DLC01\Landscape\IcicleBigClump_DLC1.nif
IcicleSmallSingle_DLC1,0201788D,DLC01\Landscape\IcicleSmallSingle_DLC1.nif
IcicleThinStrip_DLC1,0201788E,DLC01\Landscape\IcicleThinStrip_DLC1.nif
IcicleBigSingle01_DLC1,0201788F,DLC01\Landscape\IcicleBigSingle01_DLC1.nif
IcicleBigStrip_DLC1,02017890,DLC01\Landscape\IcicleBigStrip_DLC1.nif
IcicleSmallClump_DLC1,02017891,DLC01\Landscape\IcicleSmallClump_DLC1.nif
CasPlatBridgeFree01,02017930,DLC01\Dungeons\Castle\Platforms\CasPlatBridgeFree01.nif
DweRoadChunkM02_Mine,02017A0A,Dungeons\Dwemer\Roads\DweRoadChunkM02.nif
DweRoadChunkS02_Mine,02017A0B,Dungeons\Dwemer\Roads\DweRoadChunkS02.nif
DweRoadChunkS01_Mine,02017A0C,Dungeons\Dwemer\Roads\DweRoadChunkS01.nif
DweRoadChunkL01_Mine,02017A0D,Dungeons\Dwemer\Roads\DweRoadChunkL01.nif
DweRoadChunkL03_Mine,02017A0E,Dungeons\Dwemer\Roads\DweRoadChunkL03.nif
DweRoadChunkS04_Mine,02017A0F,Dungeons\Dwemer\Roads\DweRoadChunkS04.nif
DweRoadChunkM04_Mine,02017A10,Dungeons\Dwemer\Roads\DweRoadChunkM04.nif
DweRoadChunkM03_Mine,02017A11,Dungeons\Dwemer\Roads\DweRoadChunkM03.nif
DweRoadCurve90R01_Mine,02017A12,Dungeons\Dwemer\Roads\DweRoadCurve90R01.nif
DweRoadChunkM01_Mine,02017A13,Dungeons\Dwemer\Roads\DweRoadChunkM01.nif
DweRoadChunkL02_Mine,02017A14,Dungeons\Dwemer\Roads\DweRoadChunkL02.nif
SERuinsTempleFacade01,02017D36,DLC01\Architecture\SnowElfRuins\SERuinsTempleFacade01.nif
CasFloorRaised01_Snow,02017D58,DLC01\Dungeons\Castle\Rubble\CasFloorRaised01.nif
CasPlatFree02_Snow,02017D61,DLC01\Dungeons\Castle\Platforms\CasPlatFree02.nif
CasPlatBridgeFree01_Snow,02017E75,DLC01\Dungeons\Castle\Platforms\CasPlatBridgeFree01.nif
CasPlatRail128_Snow,02017E7C,DLC01\Dungeons\Castle\Platforms\CasPlatRail128.nif
CasPlatRail256_Snow,02017E7D,DLC01\Dungeons\Castle\Platforms\CasPlatRail256.nif
CasRubblePileCeiling01_Snow,02017E7E,DLC01\Dungeons\Castle\Rubble\CasRubblePileCeiling01.nif
CasRubblePile01_Snow,02017E7F,DLC01\Dungeons\Castle\Rubble\CasRubblePile01.nif
CasRubblePileCeiling02_Snow,02017E80,DLC01\Dungeons\Castle\Rubble\CasRubblePileCeiling02.nif
CasRubblePiece01_Snow,02017E81,Dungeons\Nordic\Rubble\NorRubblePiece01.nif
CasRubblePile03_Snow,02017E82,DLC01\Dungeons\Castle\Rubble\CasRubblePile03.nif
CasRubblePile08_Snow,02017E83,DLC01\Dungeons\Castle\Rubble\CasRubblePile08.nif
DLC01FrozenLakeBreak01,02017F6D,DLC01\Landscape\DLC01FrozenLakeBreak01.nif
DLC01FrozenLakeBreakCap01,02017F6E,DLC01\Landscape\DLC01FrozenLakeBreakCap.nif
FXWaterfallBodyTallnoLOD,02017F7A,Effects\FXWaterfallBodyTall.nif
CasSCPortalExit01FX,02018075,DLC01\Dungeons\Castle\Animated\SCPortal\CasSCPortalExit01FX.nif
SERuinsColumnRubbles01SnowLight,02018148,DLC01\Architecture\SnowElfRuins\SERuinsColumnRubbles01.nif
SERuinsColumnRubbles02SnowLight,0201814A,DLC01\Architecture\SnowElfRuins\SERuinsColumnRubbles02.nif
SERuinsWaygatePlatform01SnowLight,02018156,DLC01\Architecture\SnowElfRuins\SERuinsWaygatePlatform01.nif
SERuinsArchRubbles03SnowLight,02018158,DLC01\Architecture\SnowElfRuins\SERuinsArchRubbles03.nif
SERuinsRubblePile02,020181A8,DLC01\Architecture\SnowElfRuins\SERuinsRubblePile02.nif
SERuinsRubblePile01,020181AC,DLC01\Architecture\SnowElfRuins\SERuinsRubblePile01.nif
SERuinsRubblePile03,020181AE,DLC01\Architecture\SnowElfRuins\SERuinsRubblePile03.nif
SERuinsRmPillarChunk01,020181B0,DLC01\Architecture\SnowElfRuins\Interior\SERuinsRmPillarChunk01.nif
1stPersonDLC1DawnguardRuneAxe,020183AB,DLC01\Weapons\Hunter Axe\1stPersonMagicHunterAxe.nif
1stPersonDLC1DawnguardRuneHammer,020183AC,DLC01\Weapons\HunterHammer\1stPersonMagicHunterHammer.nif
sc_FurnitureBlock01,020183EE,DLC01\SoulCairn\sc_FurnitureBlock01.nif
DLC1FalmerTotem01SnowLight,02018669,DLC01\Clutter\DLC1FalmerTotem01.nif
SERuinsRmPillarChunk02,02018B38,DLC01\Architecture\SnowElfRuins\Interior\SERuinsRmPillarChunk02.nif
SERuinsRmCeiling02,02018B3A,DLC01\Architecture\SnowElfRuins\Interior\SERuinsRmCeiling02.nif
SERuinsFontStatic01,02018BC2,DLC01\Architecture\SnowElfRuins\SERuinsFontStatic01.nif
CasChapArchFree01,02018C5F,DLC01\Dungeons\Castle\LgHalls\CasChapArchFree01.nif
CasChapArchCap01,02018C60,DLC01\Dungeons\Castle\LgHalls\CasChapArchCap01.nif
FalmerPGEBalconyCurve04NoSnow,02018DB2,DLC01\Dungeons\FalmerPlayground\FalmerPGEBalconyCurve04.nif
FalmerPGEBalconyCurve02NoSnow,02018DB3,DLC01\Dungeons\FalmerPlayground\FalmerPGEBalconyCurve02.nif
doortest,02018EF6,DLC01\SoulCairn\Test\doortest.nif
DLC1MAGINVVampireBane,02018F02,DLC01\Magic\DLC1MAGINVVampireBane.nif
DIntTowerBase02,02018F0B,DLC01\Architecture\Dawnguard\DIntTowerBase02.nif
DLC1NobleBedDoubleStatic,02018FCA,Furniture\Noble\NobleBedDouble01.nif
DweAstrolabe,020190D5,DLC01\Dungeons\Dwemer\Clutter\DweAstrolabeModel01.nif
DLC1CasRubblePiece04,020194C7,Dungeons\Nordic\Rubble\NorRubblePiece04.nif
DLC1VCDragonBonesSkull01,0201968E,Clutter\DeadAnimals\DragonBonesSkull01.nif
DLC1IceFlat01,020198AA,DLC01\Effects\DLC1IceFlat01.nif
DLC1IceFlat02,020198AC,DLC01\Effects\DLC1IceFlat02.nif
DLC1AGCollision01,020198BA,DLC01\Markers\Collision\DLC1AGCollisionVolume.nif
SERuinsRmPillarFreeBrokenTop01,020198C2,DLC01\Architecture\SnowElfRuins\Interior\SERuinsRmPillarFreeBrokenTop01.nif
SERuinsTempleFacade02,020198C7,DLC01\Architecture\SnowElfRuins\SERuinsTempleFacade02.nif
SERuinsTempleStaircase01,020198CF,DLC01\Architecture\SnowElfRuins\SERuinsTempleStaircase01.nif
SERuinsTempleIcePool01,020198D5,DLC01\Architecture\SnowElfRuins\SERuinsTempleIcePool01.nif
sc_mausoleumStairs02,02019921,DLC01\SoulCairn\sc_mausoleumStairs02.nif
SERuinsStairsFree01,02019A3E,DLC01\Architecture\SnowElfRuins\SERuinsStairsFree01.nif
SERuinsStairsFree01Snow,02019A40,DLC01\Architecture\SnowElfRuins\SERuinsStairsFree01.nif
SERuinsStairsFree02,02019A42,DLC01\Architecture\SnowElfRuins\SERuinsStairsFree02.nif
SERuinsStairsFree02Snow,02019A43,DLC01\Architecture\SnowElfRuins\SERuinsStairsFree02.nif
PortalGemStand,02019C5D,DLC01\Clutter\Animated\PortalGem01\PortalGemStand01.nif
DLC1IcicleStripCap_INTERIOR,02019C91,DLC01\Landscape\DLC1IcicleStripCap01.nif
DLC1IcicleBigSingle01_INTERIOR,02019C92,DLC01\Landscape\DLC1IcicleSingleCap01.nif
DLC1IcicleClumpCap_INTERIOR,02019C93,DLC01\Landscape\DLC1IcicleClumpCap01.nif
DLC1IcicleClumpCap02_INTERIOR,02019C94,DLC01\Landscape\DLC1IcicleClumpCap02.nif
DLC1IcicleClumpCap03_INTERIOR,02019C95,DLC01\Landscape\DLC1IcicleClumpCap03.nif
DLC1IcicleColumn01_INTERIOR,02019C96,DLC01\Landscape\DLC1IcicleColumn01.nif
IcebergLedge01_LightSNINTERIOR,02019C99,Landscape\Ice\IcebergLedge01.nif
GlacierSlab01INTERIORLight,02019C9A,Landscape\Ice\GlacierSlab01.nif
ShrineOfMolagBal01,02019D7D,DLC01\Dungeons\Castle\Clutter\ShrineOfMolagBal01.nif
DLC1BthalftBlackPlane01,02019D95,Markers\BlackPlane01.nif
IcePileM02_INTERIOR,0201A01F,Landscape\Ice\IcePileM02.nif
IcePileS04_INTERIOR,0201A031,Landscape\Ice\IcePileS04.nif
DLC1IceWallColumnBig_INTERIOR,0201A035,DLC01\Landscape\DLC1IceWallColumnBig.nif
IcePileL03_INTERIOR,0201A044,Landscape\Ice\IcePileL03.nif
IcePileL02_INTERIOR,0201A0CF,Landscape\Ice\IcePileL02.nif
DLC1_GlacierEndLgMtnTop,0201A9C8,DLC01\Landscape\DLC1_GlacierEndLgMtnTop.nif
DLC1SunPedestal,0201AAF1,DLC01\Clutter\AurielStatue\SunPedestal.nif
BYOHFishDock01,030008CB,_BYOH\Architecture\BYOHHouse\FishHatchery\BYOHFishDock01.nif
BYOHfishnet01,030008CC,_BYOH\Architecture\BYOHHouse\FishHatchery\BYOHfishnet01.nif
BYOHfishnet02,030008CD,_BYOH\Architecture\BYOHHouse\FishHatchery\BYOHfishnet02.nif
BYOHFisheryBuoy01,030009C8,_BYOH\Architecture\BYOHHouse\FishHatchery\BYOHFisheryBuoy01.nif
BYOHFisheryBuoy02,030009C9,_BYOH\Architecture\BYOHHouse\FishHatchery\BYOHFisheryBuoy02.nif
BYOHFisheryBuoy03,030009CA,_BYOH\Architecture\BYOHHouse\FishHatchery\BYOHFisheryBuoy03.nif
BYOHFisheryBuoyAnchor01,030009CB,_BYOH\Architecture\BYOHHouse\FishHatchery\BYOHFisheryBuoyAnchor01.nif
BYOHFisheryBuoyRope00,030009CC,_BYOH\Architecture\BYOHHouse\FishHatchery\BYOHFisheryBuoyRope00.nif
BYOHFisheryBuoyRope01,030009CD,_BYOH\Architecture\BYOHHouse\FishHatchery\BYOHFisheryBuoyRope01.nif
LoadScreenAdoptionBoy01,03000B9F,_BYOH\LoadsScreens\LoadScreenAdoptionBoy01.nif
LoadScreenAdoptionGirl01,03000BA0,_BYOH\LoadsScreens\LoadScreenAdoptionGirl01.nif
LoadScreenBYOH01,03000BA1,_BYOH\Furniture\DraftingTable01.nif
BYOHBYOHWRhub1stFLWallF01,03003149,_BYOH\Architecture\BYOHHouse\BYOHBYOHWRhub1stFLWallF01.nif
BYOHBYOHWRhub1stFLWallL01,0300314A,_BYOH\Architecture\BYOHHouse\BYOHBYOHWRhub1stFLWallL01.nif
BYOHBYOHWRhub1stFLWallL02,0300314B,_BYOH\Architecture\BYOHHouse\BYOHBYOHWRhub1stFLWallL02.nif
BYOHBYOHWRhub1stFLWallM01,0300314C,_BYOH\Architecture\BYOHHouse\BYOHBYOHWRhub1stFLWallM01.nif
BYOHBYOHWRhub1stFLWallM02,0300314D,_BYOH\Architecture\BYOHHouse\BYOHBYOHWRhub1stFLWallM02.nif
BYOHBYOHWRhub1stFLWallR01,0300314E,_BYOH\Architecture\BYOHHouse\BYOHBYOHWRhub1stFLWallR01.nif
BYOHBYOHWRhub1stFLWallR02,0300314F,_BYOH\Architecture\BYOHHouse\BYOHBYOHWRhub1stFLWallR02.nif
BYOHBYOHWRhub2ndFLWallF01,03003150,_BYOH\Architecture\BYOHHouse\BYOHBYOHWRhub2ndFLWallF01.nif
BYOHBYOHWRhub2ndFLWallL01,03003151,_BYOH\Architecture\BYOHHouse\BYOHBYOHWRhub2ndFLWallL01.nif
BYOHBYOHWRhub2ndFLWallL02,03003152,_BYOH\Architecture\BYOHHouse\BYOHBYOHWRhub2ndFLWallL02.nif
BYOHBYOHWRhub2ndFLWallM01,03003153,_BYOH\Architecture\BYOHHouse\BYOHBYOHWRhub2ndFLWallM01.nif
BYOHBYOHWRhub2ndFLWallM02,03003154,_BYOH\Architecture\BYOHHouse\BYOHBYOHWRhub2ndFLWallM02.nif
BYOHBYOHWRhub2ndFLWallR01,03003155,_BYOH\Architecture\BYOHHouse\BYOHBYOHWRhub2ndFLWallR01.nif
BYOHBYOHWRhub2ndFLWallR02,03003156,_BYOH\Architecture\BYOHHouse\BYOHBYOHWRhub2ndFLWallR02.nif
BYOHBYOHWRhubFireplace01,0300317A,_BYOH\Architecture\BYOHHouse\BYOHBYOHWRhubFireplace01.nif
BYOHBYOHWRporchLPosts01,0300317C,_BYOH\Architecture\BYOHHouse\BYOHBYOHWRporchLPosts01.nif
BYOHBYOHWRporchLWalls01,0300317D,_BYOH\Architecture\BYOHHouse\BYOHBYOHWRporchLWalls01.nif
BYOHBYOHWRporchRBASE01,0300317E,_BYOH\Architecture\BYOHHouse\BYOHBYOHWRporchRBASE01.nif
BYOHBYOHWRporchRDeck01,0300317F,_BYOH\Architecture\BYOHHouse\BYOHBYOHWRporchRDeck01.nif
BYOHBYOHWRporchRFloor01,03003180,_BYOH\Architecture\BYOHHouse\BYOHBYOHWRporchRFloor01.nif
BYOHBYOHWRporchRPeg01,03003181,_BYOH\Architecture\BYOHHouse\BYOHBYOHWRporchRPeg01.nif
BYOHBYOHWRporchRPosts01,03003182,_BYOH\Architecture\BYOHHouse\BYOHBYOHWRporchRPosts01.nif
BYOHBYOHWRporchRWalls01,03003183,_BYOH\Architecture\BYOHHouse\BYOHBYOHWRporchRWalls01.nif
BYOHBYOHWRporchLBASE01,03003184,_BYOH\Architecture\BYOHHouse\BYOHBYOHWRporchLBASE01.nif
BYOHBYOHWRporchLDeck01,03003185,_BYOH\Architecture\BYOHHouse\BYOHBYOHWRporchLDeck01.nif
BYOHBYOHWRporchLFloor01,03003186,_BYOH\Architecture\BYOHHouse\BYOHBYOHWRporchLFloor01.nif
BYOHBYOHWRporchLPeg01,03003187,_BYOH\Architecture\BYOHHouse\BYOHBYOHWRporchLPeg01.nif
BYOHBYOHWRlonghsREXT01,030031F4,_BYOH\Architecture\BYOHHouse\BYOHBYOHWRlonghsREXT01.nif
BYOHBYOHWRlonghsRFloor01,030031F5,_BYOH\Architecture\BYOHHouse\BYOHBYOHWRlonghsRFloor01.nif
BYOHBYOHWRlonghsRINT01,030031F6,_BYOH\Architecture\BYOHHouse\BYOHBYOHWRlonghsRINT01.nif
BYOHBYOHWRlonghsRPeg01,030031F7,_BYOH\Architecture\BYOHHouse\BYOHBYOHWRlonghsRPeg01.nif
BYOHBYOHWRlonghsRPosts01,030031F8,_BYOH\Architecture\BYOHHouse\BYOHBYOHWRlonghsRPosts01.nif
BYOHBYOHWRlonghsRRoof01,030031F9,_BYOH\Architecture\BYOHHouse\BYOHBYOHWRlonghsRRoof01.nif
BYOHBYOHWRlonghsRWalls01,030031FA,_BYOH\Architecture\BYOHHouse\BYOHBYOHWRlonghsRWalls01.nif
BYOHBYOHWRporchLEXT01,030031FB,_BYOH\Architecture\BYOHHouse\BYOHBYOHWRporchLEXT01.nif
BYOHBYOHWRporchLINT01,030031FC,_BYOH\Architecture\BYOHHouse\BYOHBYOHWRporchLINT01.nif
BYOHBYOHWRporchREXT01,030031FD,_BYOH\Architecture\BYOHHouse\BYOHBYOHWRporchREXT01.nif
BYOHBYOHWRporchRINT01,030031FE,_BYOH\Architecture\BYOHHouse\BYOHBYOHWRporchRINT01.nif
BYOHBYOHWRlonghsLEXT01,030031FF,_BYOH\Architecture\BYOHHouse\BYOHBYOHWRlonghsLEXT01.nif
BYOHBYOHWRlonghsLINT01,03003200,_BYOH\Architecture\BYOHHouse\BYOHBYOHWRlonghsLINT01.nif
BYOHBYOHWRlonghsRBASE01,03003201,_BYOH\Architecture\BYOHHouse\BYOHBYOHWRlonghsRBASE01.nif
BYOHBYOHWRlonghsRBeams01,03003202,_BYOH\Architecture\BYOHHouse\BYOHBYOHWRlonghsRBeams01.nif
BYOHBYOHWRlonghsRChimney01,03003203,_BYOH\Architecture\BYOHHouse\BYOHBYOHWRlonghsRChimney01.nif
BYOHBYOHWRshackEXT01,03003205,_BYOH\Architecture\BYOHHouse\BYOHBYOHWRshackEXT01.nif
BYOHBYOHWRshackEXT02,03003206,_BYOH\Architecture\BYOHHouse\BYOHBYOHWRshackEXT02.nif
BYOHBYOHWRshackINT01,03003207,_BYOH\Architecture\BYOHHouse\BYOHBYOHWRshackINT01.nif
BYOHBYOHWRshackINT02,03003208,_BYOH\Architecture\BYOHHouse\BYOHBYOHWRshackINT02.nif
BYOHBYOHWRshackWalls02,0300320C,_BYOH\Architecture\BYOHHouse\BYOHBYOHWRshackWalls02.nif
BYOHBYOHWRshackBeams01,0300320E,_BYOH\Architecture\BYOHHouse\BYOHBYOHWRshackBeams01.nif
BYOHBYOHWRshackPegs01,0300320F,_BYOH\Architecture\BYOHHouse\BYOHBYOHWRshackPegs01.nif
BYOHBYOHWRshackPosts01,03003210,_BYOH\Architecture\BYOHHouse\BYOHBYOHWRshackPosts01.nif
BYOHBYOHWRshackRoof01,03003211,_BYOH\Architecture\BYOHHouse\BYOHBYOHWRshackRoof01.nif
BYOHBYOHWRshackRoof02,03003212,_BYOH\Architecture\BYOHHouse\BYOHBYOHWRshackRoof02.nif
BYOHBYOHWRshackWalls01,03003213,_BYOH\Architecture\BYOHHouse\BYOHBYOHWRshackWalls01.nif
BYOHBYOHWRhub2ndFl01,03003214,_BYOH\Architecture\BYOHHouse\BYOHBYOHWRhub2ndFl01.nif
BYOHBYOHWRhubBASE01,03003215,_BYOH\Architecture\BYOHHouse\BYOHBYOHWRhubBASE01.nif
BYOHBYOHWRhubBeams01,03003216,_BYOH\Architecture\BYOHHouse\BYOHBYOHWRhubBeams01.nif
BYOHBYOHWRhubPeg01,03003217,_BYOH\Architecture\BYOHHouse\BYOHBYOHWRhubPeg01.nif
BYOHBYOHWRhubPosts01,03003218,_BYOH\Architecture\BYOHHouse\BYOHBYOHWRhubPosts01.nif
BYOHBYOHWRhubRoof01,03003219,_BYOH\Architecture\BYOHHouse\BYOHBYOHWRhubRoof01.nif
BYOHBYOHWRshackBase01,0300321A,_BYOH\Architecture\BYOHHouse\BYOHBYOHWRshackBase01.nif
BYOHBYOHWRhubFloor01,03003223,_BYOH\Architecture\BYOHHouse\BYOHBYOHWRhubFloor01.nif
BYOHBYOHWRshackFloor01,03003224,_BYOH\Architecture\BYOHHouse\BYOHBYOHWRshackFloor01.nif
BYOHBYOHWRlonghsLBASE01,03003247,_BYOH\Architecture\BYOHHouse\BYOHBYOHWRlonghsLBASE01.nif
BYOHBYOHWRlonghsLBeams01,03003248,_BYOH\Architecture\BYOHHouse\BYOHBYOHWRlonghsLBeams01.nif
BYOHBYOHWRlonghsLChimney01,03003249,_BYOH\Architecture\BYOHHouse\BYOHBYOHWRlonghsLChimney01.nif
BYOHBYOHWRlonghsLFloor01,0300324A,_BYOH\Architecture\BYOHHouse\BYOHBYOHWRlonghsLFloor01.nif
BYOHBYOHWRlonghsLPeg01,0300324B,_BYOH\Architecture\BYOHHouse\BYOHBYOHWRlonghsLPeg01.nif
BYOHBYOHWRlonghsLPosts01,0300324C,_BYOH\Architecture\BYOHHouse\BYOHBYOHWRlonghsLPosts01.nif
BYOHBYOHWRlonghsLRoof01,0300324D,_BYOH\Architecture\BYOHHouse\BYOHBYOHWRlonghsLRoof01.nif
BYOHBYOHWRlonghsLWalls01,0300324E,_BYOH\Architecture\BYOHHouse\BYOHBYOHWRlonghsLWalls01.nif
BYOHBYOHWRtower1stFlWallR01,0300329E,_BYOH\Architecture\BYOHHouse\BYOHBYOHWRtower1stFlWallR01.nif
BYOHBYOHWRtower2ndFlR01,0300329F,_BYOH\Architecture\BYOHHouse\BYOHBYOHWRtower2ndFlR01.nif
BYOHBYOHWRtower2ndFlWallR01,030032A0,_BYOH\Architecture\BYOHHouse\BYOHBYOHWRtower2ndFlWallR01.nif
BYOHBYOHWRtowerBASER01,030032A1,_BYOH\Architecture\BYOHHouse\BYOHBYOHWRtowerBASER01.nif
BYOHBYOHWRtowerBeamsR01,030032A2,_BYOH\Architecture\BYOHHouse\BYOHBYOHWRtowerBeamsR01.nif
BYOHBYOHWRtowerFloorR01,030032A3,_BYOH\Architecture\BYOHHouse\BYOHBYOHWRtowerFloorR01.nif
BYOHBYOHWRtowerPegR01,030032A4,_BYOH\Architecture\BYOHHouse\BYOHBYOHWRtowerPegR01.nif
BYOHBYOHWRtowerPostsR01,030032A5,_BYOH\Architecture\BYOHHouse\BYOHBYOHWRtowerPostsR01.nif
BYOHBYOHWRtowerRoofR01,030032A6,_BYOH\Architecture\BYOHHouse\BYOHBYOHWRtowerRoofR01.nif
BYOHBYOHWRporchKEXT01,03003761,_BYOH\Architecture\BYOHHouse\BYOHBYOHWRporchKEXT01.nif
BYOHBYOHWRporchKDeck01,03003762,_BYOH\Architecture\BYOHHouse\BYOHBYOHWRporchKDeck01.nif
BYOHBYOHWRtowerBeamsL01,03003763,_BYOH\Architecture\BYOHHouse\BYOHBYOHWRtowerBeamsL01.nif
BYOHBYOHWRtowerBeamsK01,03003764,_BYOH\Architecture\BYOHHouse\BYOHBYOHWRtowerBeamsK01.nif
BYOHBYOHWRtowerBASEL01,03003765,_BYOH\Architecture\BYOHHouse\BYOHBYOHWRtowerBASEL01.nif
BYOHBYOHWRtowerBASEK01,03003766,_BYOH\Architecture\BYOHHouse\BYOHBYOHWRtowerBASEK01.nif
BYOHBYOHWRtower2ndFlWallL01,03003767,_BYOH\Architecture\BYOHHouse\BYOHBYOHWRtower2ndFlWallL01.nif
BYOHBYOHWRtower2ndFlWallK01,03003768,_BYOH\Architecture\BYOHHouse\BYOHBYOHWRtower2ndFlWallK01.nif
BYOHBYOHWRtower2ndFlL01,03003769,_BYOH\Architecture\BYOHHouse\BYOHBYOHWRtower2ndFlL01.nif
BYOHBYOHWRtower2ndFlK01,0300376A,_BYOH\Architecture\BYOHHouse\BYOHBYOHWRtower2ndFlK01.nif
BYOHBYOHWRtower1stFlWallL01,0300376B,_BYOH\Architecture\BYOHHouse\BYOHBYOHWRtower1stFlWallL01.nif
BYOHBYOHWRtower1stFlWallK01,0300376C,_BYOH\Architecture\BYOHHouse\BYOHBYOHWRtower1stFlWallK01.nif
BYOHBYOHWRporchKWalls01,0300376D,_BYOH\Architecture\BYOHHouse\BYOHBYOHWRporchKWalls01.nif
BYOHBYOHWRporchKPosts01,0300376E,_BYOH\Architecture\BYOHHouse\BYOHBYOHWRporchKPosts01.nif
BYOHBYOHWRporchKPeg01,0300376F,_BYOH\Architecture\BYOHHouse\BYOHBYOHWRporchKPeg01.nif
BYOHBYOHWRporchKINT01,03003770,_BYOH\Architecture\BYOHHouse\BYOHBYOHWRporchKINT01.nif
BYOHBYOHWRporchKFloor01,03003771,_BYOH\Architecture\BYOHHouse\BYOHBYOHWRporchKFloor01.nif
BYOHBYOHWRporchKBASE01,03003772,_BYOH\Architecture\BYOHHouse\BYOHBYOHWRporchKBASE01.nif
BYOHBYOHWRhub2ndFLWall01,03003773,_BYOH\Architecture\BYOHHouse\BYOHBYOHWRhub2ndFLWall01.nif
BYOHBYOHWRtowerRoofL01,03003775,_BYOH\Architecture\BYOHHouse\BYOHBYOHWRtowerRoofL01.nif
BYOHBYOHWRtowerRoofK01,03003776,_BYOH\Architecture\BYOHHouse\BYOHBYOHWRtowerRoofK01.nif
BYOHBYOHWRtowerPostsL01,03003777,_BYOH\Architecture\BYOHHouse\BYOHBYOHWRtowerPostsL01.nif
BYOHBYOHWRtowerPostsK01,03003778,_BYOH\Architecture\BYOHHouse\BYOHBYOHWRtowerPostsK01.nif
BYOHBYOHWRtowerPegL01,03003779,_BYOH\Architecture\BYOHHouse\BYOHBYOHWRtowerPegL01.nif
BYOHBYOHWRtowerPegK01,0300377A,_BYOH\Architecture\BYOHHouse\BYOHBYOHWRtowerPegK01.nif
BYOHBYOHWRtowerFloorL01,0300377B,_BYOH\Architecture\BYOHHouse\BYOHBYOHWRtowerFloorL01.nif
BYOHBYOHWRtowerFloorK01,0300377C,_BYOH\Architecture\BYOHHouse\BYOHBYOHWRtowerFloorK01.nif
BYOHBYOHWRporchKDeckRailL01,03003B22,_BYOH\Architecture\BYOHHouse\BYOHBYOHWRporchKDeckRailL01.nif
BYOHBYOHWRporchKDeckRailR01,03003B23,_BYOH\Architecture\BYOHHouse\BYOHBYOHWRporchKDeckRailR01.nif
BYOHBYOHWRporchLbridge01,03003B24,_BYOH\Architecture\BYOHHouse\BYOHBYOHWRporchLbridge01.nif
BYOHBYOHWRporchLDeckRail01,03003B25,_BYOH\Architecture\BYOHHouse\BYOHBYOHWRporchLDeckRail01.nif
BYOHBYOHWRporchRbridge01,03003B26,_BYOH\Architecture\BYOHHouse\BYOHBYOHWRporchRbridge01.nif
BYOHBYOHWRporchRDeckRail01,03003B27,_BYOH\Architecture\BYOHHouse\BYOHBYOHWRporchRDeckRail01.nif
BYOHBYOHWRhub2ndFLWallMext02,03003B5A,_BYOH\Architecture\BYOHHouse\BYOHBYOHWRhub2ndFLWallMext02.nif
BYOHBYOHWRtowerKEXT01,03003C78,_BYOH\Architecture\BYOHHouse\BYOHBYOHWRtowerKEXT01.nif
BYOHBYOHWRtowerKINT01,03003C79,_BYOH\Architecture\BYOHHouse\BYOHBYOHWRtowerKINT01.nif
BYOHBYOHWRtowerLEXT01,03003C7A,_BYOH\Architecture\BYOHHouse\BYOHBYOHWRtowerLEXT01.nif
BYOHBYOHWRtowerLINT01,03003C7B,_BYOH\Architecture\BYOHHouse\BYOHBYOHWRtowerLINT01.nif
BYOHBYOHWRtowerREXT01,03003C7C,_BYOH\Architecture\BYOHHouse\BYOHBYOHWRtowerREXT01.nif
BYOHBYOHWRtowerRINT01,03003C7D,_BYOH\Architecture\BYOHHouse\BYOHBYOHWRtowerRINT01.nif
BYOHBYOHWRlonghsKBASE01,03003C7E,_BYOH\Architecture\BYOHHouse\BYOHBYOHWRlonghsKBASE01.nif
BYOHBYOHWRlonghsKBeams01,03003C7F,_BYOH\Architecture\BYOHHouse\BYOHBYOHWRlonghsKBeams01.nif
BYOHBYOHWRlonghsKFloor01,03003C80,_BYOH\Architecture\BYOHHouse\BYOHBYOHWRlonghsKFloor01.nif
BYOHBYOHWRlonghsKPeg01,03003C81,_BYOH\Architecture\BYOHHouse\BYOHBYOHWRlonghsKPeg01.nif
BYOHBYOHWRlonghsKPosts01,03003C82,_BYOH\Architecture\BYOHHouse\BYOHBYOHWRlonghsKPosts01.nif
BYOHBYOHWRlonghsKRoof01,03003C83,_BYOH\Architecture\BYOHHouse\BYOHBYOHWRlonghsKRoof01.nif
BYOHBYOHWRlonghsKWalls01,03003C84,_BYOH\Architecture\BYOHHouse\BYOHBYOHWRlonghsKWalls01.nif
BYOHBYOHWRhub2ndFLWallMext01,03003CB8,_BYOH\Architecture\BYOHHouse\BYOHBYOHWRhub2ndFLWallMext01.nif
BYOHBYOHWRhubEXT01,03003CB9,_BYOH\Architecture\BYOHHouse\BYOHBYOHWRhubEXT01.nif
BYOHBYOHWRhubINT01,03003CBA,_BYOH\Architecture\BYOHHouse\BYOHBYOHWRhubINT01.nif
BYOHBYOHWRlonghsKChimney01,03003CBB,_BYOH\Architecture\BYOHHouse\BYOHBYOHWRlonghsKChimney01.nif
BYOHBYOHWRlonghsKEXT01,03003CBC,_BYOH\Architecture\BYOHHouse\BYOHBYOHWRlonghsKEXT01.nif
BYOHBYOHWRlonghsKINT01,03003CBD,_BYOH\Architecture\BYOHHouse\BYOHBYOHWRlonghsKINT01.nif
DweRmSmCounter01HalfDUPLICATE001,03003F0D,_BYOH\Dungeons\DwemerRuinsBYOH\DweRmSmCounterHalf01BYOH.nif
WRIntFreeWallStr01LowHalf,03003F0E,_BYOH\Architecture\Whiterun\WRInteriors\WRIntFreeWallStr01LowHalf.nif
1stPersonWoodenSword,03004D90,_BYOH\Clutter\WoodenSword\WoodenSword.nif
BYOHBYOHWRshackChmny01,030071D7,_BYOH\Architecture\BYOHHouse\BYOHBYOHWRshackChmny01.nif
BYOHHangingAnimalsRing03,03009397,_BYOH\Clutter\Dead Animals\HangingAnimalsRing03.nif
BYOHBYOHTrophyPedestal01,0300A8F0,_BYOH\Architecture\BYOHHouse\BYOHBYOHTrophyPedistal01.nif
BYOHBYOHTrophyPedestal02,0300A8F1,_BYOH\Architecture\BYOHHouse\BYOHBYOHTrophyPedistal02.nif
BYOHHouseTrophy14ChaurusNEW,0300A8F8,_BYOH\Architecture\BYOHHouse\Trophy\BYOHHouseTrophyChaurus01.nif
BYOHHouseTrophy06SabreCatNEW,0300A8FA,_BYOH\Architecture\BYOHHouse\Trophy\BYOHHouseTrophySabreCat01.nif
BYOHHouseTrophy05HorkerNEW,0300A8FC,_BYOH\Architecture\BYOHHouse\Trophy\BYOHHouseTrophyHorker01.nif
BYOHHouseTrophy07SkeletonNEW,0300A8FD,_BYOH\Architecture\BYOHHouse\Trophy\BYOHHouseTrophySkeleton01.nif
BYOHHouseTrophy23MudcrabNEW,0300A8FF,_BYOH\Architecture\BYOHHouse\Trophy\BYOHHouseTrophyMudcrab01.nif
BYOHHouseTrophy20FrostbiteSpiderNEW,0300A9DF,_BYOH\Architecture\BYOHHouse\Trophy\BYOHHouseTrophyFrstSpider01.nif
BYOHBYOHMannequinBase01,0300B578,_BYOH\Architecture\BYOHHouse\Trophy\BYOHBYOHMannequinBase01.nif
BYOHRockPileM03FieldGrass01,0300C3C2,Landscape\Rocks\RockPileM03.nif
BYOHBYOHGreenhsPlanter01,0300D271,_BYOH\Architecture\BYOHHouse\BYOHBYOHGreenhsPlanter01.nif
BYOHBYOHGreenhsTiles01,0300D272,_BYOH\Architecture\BYOHHouse\BYOHBYOHGreenhsTiles01.nif
BYOHBYOHNobelTableBase01,0300D279,_BYOH\Architecture\BYOHHouse\BYOHBYOHNobelTableBase01.nif
BYOHHouse1Shrine01,030117DB,_BYOH\Architecture\BYOHHouse\BYOHHouse1Shrine01.nif
BYOHBYOHWRhubChimneyExt01,03014ED9,_BYOH\Architecture\BYOHHouse\BYOHBYOHWRhubChimneyExt01.nif
BYOHHouseTrophy01BearNEW,03015BD2,_BYOH\Architecture\BYOHHouse\Trophy\BYOHHouseTrophyBear2ft01.nif
BYOHHouseTrophy13BearSnowNEW,03015BD3,_BYOH\Architecture\BYOHHouse\Trophy\BYOHHouseTrophyBear4ft01.nif
BYOHHouseTrophy15CowNEW,03015BD4,_BYOH\Architecture\BYOHHouse\Trophy\BYOHHouseTrophyCow01.nif
BYOHHouseTrophy18DragonSkullNEW,03015BD5,_BYOH\Architecture\BYOHHouse\Trophy\BYOHHouseTrophyDragon01.nif
BYOHHouseTrophy19DraugrFemale,03015BD6,_BYOH\Architecture\BYOHHouse\Trophy\BYOHHouseTrophyDraugrF01.nif
BYOHHouseTrophy26DraugrMale,03015BD7,_BYOH\Architecture\BYOHHouse\Trophy\BYOHHouseTrophyDraugrM01.nif
BYOHHouseTrophy08DwarvenSphereNEW,03015BD8,_BYOH\Architecture\BYOHHouse\Trophy\BYOHHouseTrophyDWsphere01.nif
BYOHHouseTrophy02DwarvenSpiderNEW,03015BD9,_BYOH\Architecture\BYOHHouse\Trophy\BYOHHouseTrophyDwSpider01.nif
BYOHHouseTrophy16DeerNEW,03015BDA,_BYOH\Architecture\BYOHHouse\Trophy\BYOHHouseTrophyElk01.nif
BYOHHouseTrophy03FalmerNEW,03015BDB,_BYOH\Architecture\BYOHHouse\Trophy\BYOHHouseTrophyFalmer01.nif
BYOHHouseTrophy27Falmer,03015BDC,_BYOH\Architecture\BYOHHouse\Trophy\BYOHHouseTrophyFalmer02.nif
BYOHHouseTrophy17Goat,03015BDD,_BYOH\Architecture\BYOHHouse\Trophy\BYOHHouseTrophyGoat01.nif
BYOHHouseTrophy04HagravenNEW,03015BDE,_BYOH\Architecture\BYOHHouse\Trophy\BYOHHouseTrophyHagraven01.nif
BYOHHouseTrophy24SkeeverNEW,03015BDF,_BYOH\Architecture\BYOHHouse\Trophy\BYOHHouseTrophySkeever01.nif
BYOHHouseTrophy25SlaughterFishNEW,03015BE0,_BYOH\Architecture\BYOHHouse\Trophy\BYOHHouseTrophySlaughterfish01.nif
BYOHHouseTrophy09SprigganNEW,03015BE1,_BYOH\Architecture\BYOHHouse\Trophy\BYOHHouseTrophySpriggan01.nif
BYOHHouseTrophy11TrollCaveNEW,03015BE2,_BYOH\Architecture\BYOHHouse\Trophy\BYOHHouseTrophyTrollCave01.nif
BYOHHouseTrophy10TrollFrostNEW,03015BE3,_BYOH\Architecture\BYOHHouse\Trophy\BYOHHouseTrophyTrollFrost01.nif
BYOHHouseTrophy12TrollFrostNEW,03015BE4,_BYOH\Architecture\BYOHHouse\Trophy\BYOHHouseTrophyTrollFrost02.nif
BYOHHouseTrophy22WolfIceNEW,03015BE5,_BYOH\Architecture\BYOHHouse\Trophy\BYOHHouseTrophyWolfGrey01.nif
BYOHHouseTrophy21WolfRedNEW,03015BE6,_BYOH\Architecture\BYOHHouse\Trophy\BYOHHouseTrophyWolfRed01.nif
DLC2CliffBasaltMound,04016DFB,DLC02\Landscape\VolcanicCliffs\DLC2CliffBasaltMound.nif
DLC2CliffBasaltStraight,04016DFD,DLC02\Landscape\VolcanicCliffs\DLC2CliffBasaltStraight.nif
DirtCliffs03VolcanicAsh01,04016E09,Landscape\DirtCliffs\DirtCliffs03.nif
DLC2RockPileM02Rocks01VolcanicAsh01,04016E0A,Landscape\Rocks\RockPileM02.nif
DLC2RockPileL04VolcanicAsh01,04016E0D,Landscape\Rocks\RockPileL04.nif
DLC2RockPileL01VolcanicAsh01,04016E0F,Landscape\Rocks\RockPileL01.nif
DLC2RockPileM01VolcanicAsh01,04016E11,Landscape\Rocks\RockPileM01.nif
DLC2RockPileL03VolcanicAsh01,04016E13,Landscape\Rocks\RockPileL03.nif
DLC2ProtoBlock256x256x8,040170D7,DLC02\Prototype\TempProtoBlock256x256x8.nif
DLC2ProtoBlock256x256x32,040170D8,DLC02\Prototype\TempProtoBlock256x256x32.nif
DLC2ProtoBlock256x256x256,040170D9,DLC02\Prototype\TempProtoBlock256x256x256.nif
DLC2DweKineticResonatorPipe01,040173CC,DLC02\Dungeons\Dwemer\Animated\DweSteamTrigger01\DweSteamTriggerPipe01.nif
DweAstrolabeModel01,04017722,DLC02\Dungeons\Dwemer\Clutter\DweAstrolabeModel01.nif
DLC2dunKolbjornBarrowExtDirt,040179A2,Dungeons\Caves\Green\LargeWall\CaveGFloor01.nif
VolcanicPlateau02VolcanicAsh01,04017E9D,Landscape\Volcanic\VolcanicPlateau02.nif
VolcanicPlateau01VolcanicAsh01,04017E9F,Landscape\Volcanic\VolcanicPlateau01.nif
DLC2MountainTrimSlab_Ash,04017EA7,Landscape\Mountains\MountainTrimSlab.nif
DLC2RavenRockBuildingTemp01,04017EC5,DLC02\Architecture\RavenRock\DLC2RavenRockBuildingTemp01.nif
DLC2RRBulwark01,04017EC7,DLC02\Architecture\RavenRock\Bulwark\DLC2RRBulwarkTemp01.nif
DLC2RavenRockBuildingTemp02,04017ECC,DLC02\Architecture\RavenRock\DLC2RavenRockBuildingTemp02.nif
DLC2RavenRockBuildingTemp03,04017ECE,DLC02\Architecture\RavenRock\DLC2RavenRockBuildingTemp03.nif
DLC2RavenRockBuildingTemp04,04017ED0,DLC02\Architecture\RavenRock\DLC2RavenRockBuildingTemp04.nif
DLC2RRRedoranTemp01,04017ED2,DLC02\Architecture\RavenRock\DLC2RRRedoranTemp01.nif
DLC2TreePineForestStump01AshL,04017F64,DLC02\Landscape\Trees\DLC2TreePineForestStump01Ash.nif
DLC2TreePineForestLog02AshL,04017F67,DLC02\Landscape\Trees\DLC2TreePineForestLog02Ash.nif
DLC2TreePineForestLog01AshL,04017F68,DLC02\Landscape\Trees\DLC2TreePineForestLog01Ash.nif
DLC2TreePineForestHollow01AshL,04017F6A,DLC02\Landscape\Trees\DLC2TreePineForestHollow01Ash.nif
DLC2TreePineForestLogSm01AshL,04017F6C,DLC02\Landscape\Trees\DLC2TreePineForestLogSm01Ash.nif
DLC2TreePineForestBroken04,04017F77,DLC02\Landscape\Trees\TreePineForestBroken04.nif
DLC2RieklingTent02,04018475,DLC02\Architecture\Riekling\DLC2RieklingTent02.nif
DLC2FlingRune,04018478,Clutter\Ruins\RuinsPuzzlePillarBase01.nif
DLC2TreePineForestBroken05,040185E5,DLC02\Landscape\Trees\TreePineForestBroken05.nif
DLC2TreePineForestStump01Ash,040185ED,DLC02\Landscape\Trees\DLC2TreePineForestStump01Ash.nif
DLC2TreePineForestHollow01Ash,040185EE,DLC02\Landscape\Trees\DLC2TreePineForestHollow01Ash.nif
DLC2TreePineForestLog01Ash,040185EF,DLC02\Landscape\Trees\DLC2TreePineForestLog01Ash.nif
DLC2TreePineForestLog02Ash,040185F0,DLC02\Landscape\Trees\DLC2TreePineForestLog02Ash.nif
TreePineForestCutStump01_LtSnow,04018629,Landscape\Trees\TreePineForestCutStump01.nif
Barrel02Static_LightSN,04018666,Clutter\Barrel02.nif
NorDwelling04ExtBaseBLtSnow,04018CFD,Dungeons\Nordic\Exterior\Dwellings\NorDwelling04ExtBaseB.nif
Campfire01LandOffLtSnow,04018D90,Clutter\WoodFires\Campfire01LandOff.nif
Campfire01LandOffDirtSnowPath,04018D91,Clutter\WoodFires\Campfire01LandOff.nif
DLC2TreePineForestBroken01,040195E8,DLC02\Landscape\Trees\TreePineForestBroken01.nif
DLC2TreePineForestBroken02,040195EB,DLC02\Landscape\Trees\TreePineForestBroken02.nif
DLC2TreePineForestBroken01Ash,040195F0,DLC02\Landscape\Trees\TreePineForestBroken01.nif
DLC2MountainTrim01VolcanicAsh01,040195FD,Landscape\Mountains\MountainTrim01.nif
DLC2MountainTrim03VolcanicAsh01,04019605,Landscape\Mountains\MountainTrim03.nif
GlacierCaveEntrance02_LDirtSnowPath,04019654,Landscape\Ice\GlacierCaveEntrance02.nif
GlacierPillarLg01_Ice,04019678,Landscape\Ice\GlacierPillarLg01.nif
GlacierEndLg01_Ice,040196CC,Landscape\Ice\GlacierEndLg01.nif
GlacierStraightLg01_Ice,040196CD,Landscape\Ice\GlacierStraightLg01.nif
GlacierSlab01_Ice,040196CE,Landscape\Ice\GlacierSlab01.nif
MineScaffoldBridge03_Ice,040196F5,Dungeons\Mines\Scaffolding\MineScaffoldBridge03.nif
MineScaffoldBridge04_Ice,040196F6,Dungeons\Mines\Scaffolding\MineScaffoldBridge04.nif
CaveIFWallDoorB01_Ice,040196FD,Dungeons\Caves\Ice\FrozenWall\CaveIFWallDoorB01.nif
CaveIFWallDoor01_Ice,040196FE,Dungeons\Caves\Ice\FrozenWall\CaveIFWallDoor01.nif
IcePileL01Ice01,0401997B,Landscape\Ice\IcePileL01.nif
IcePileIceL03,0401997C,Landscape\Ice\IcePileL03.nif
GlacierCaveEntrance02_Ice,040199E4,Landscape\Ice\GlacierCaveEntrance02.nif
DLC2RockM01_Ash,04019A27,Landscape\Rocks\RockM01.nif
DLC2RockM02_Ash,04019A29,Landscape\Rocks\RockM02.nif
DLC2RockM03_Ash,04019A2D,Landscape\Rocks\RockM03.nif
DLC2RockM04VolcanicAsh01,04019A2F,Landscape\Rocks\RockM04.nif
ApoStacksSingle01,04019A5B,DLC02\Dungeons\Apocrypha\Stacks\ApoStacksSingle01.nif
ApoStacksSingle02,04019A60,DLC02\Dungeons\Apocrypha\Stacks\ApoStacksSingle02.nif
ApoStacksFloor01,04019A61,DLC02\Dungeons\Apocrypha\Stacks\ApoStacksFloor01.nif
ApoFloorRaised02,04019A7A,DLC02\Dungeons\Apocrypha\Rubble\ApoFloorRaised02.nif
ApoStacksSingleCap01,04019A7B,DLC02\Dungeons\Apocrypha\Stacks\ApoStacksSingleCap01.nif
ApoLgHall1way01,04019A82,DLC02\Dungeons\Apocrypha\LgHall\ApoLgHall1way01.nif
ApoLgHall1CapOpen01,04019AAF,DLC02\Dungeons\Apocrypha\LgHall\ApoLgHall1CapOpen01.nif
DLC2TreePineForestLogSm01Smoking,04019AD5,DLC02\Landscape\Trees\DLC2TreePineForestLogSm01Smoking01.nif
DLC2TreePineForestLogSm01Flaming01,04019AD6,DLC02\Landscape\Trees\DLC2TreePineForestLogSm01Flaming01.nif
RRBulwarkIntStr01,04019AD9,DLC02\Architecture\RavenRock\Bulwark\RRBulwarkIntStr01.nif
RRRuinsTemp01,04019AE6,DLC02\Architecture\RavenRock\RRRuinsTemp01.nif
RRRuinsTemp02,04019AE7,DLC02\Architecture\RavenRock\RRRuinsTemp02.nif
RRBulwarkIntEnd01,04019AEB,DLC02\Architecture\RavenRock\Bulwark\RRBulwarkIntEnd01.nif
RRBulwarkIntEnd02,04019AEC,DLC02\Architecture\RavenRock\Bulwark\RRBulwarkIntEnd02.nif
DLC2RieklingFence01,04019B5E,DLC02\Architecture\Riekling\DLC2RieklingFence01.nif
DLC2RieklingFence02,04019B5F,DLC02\Architecture\Riekling\DLC2RieklingFence02.nif
DLC2RieklingFenceEnd,04019B60,DLC02\Architecture\Riekling\DLC2RieklingFenceEnd.nif
DLC2RieklingTotemSkull,04019C51,DLC02\Clutter\Riekling\DLC2RieklingTotemSkull.nif
DLC02AshDuneVolcAsh01L01,04019C67,Landscape\SnowDrifts\SnowDriftL01.nif
DLC02AshDuneVolcAsh01L02,04019C68,Landscape\SnowDrifts\SnowDriftL02.nif
DLC02AshDuneVolcAsh01M01,04019C69,DLC02\Landscape\DLC02AshDuneVolcAsh01M01.nif
DLC02AshDuneVolcAsh01M02,04019C6B,DLC02\Landscape\DLC02AshDuneVolcAsh01M02.nif
DLC2HrothmundsAxeAltar,0401A510,DLC02\Weapons\HrothmundsAxe\HrothmundsAxe.nif
DLC02AshDuneVolcAsh01M03,0401A57C,DLC02\Landscape\DLC02AshDuneVolcAsh01M03.nif
ApoExtTowerBase01,0401AA30,DLC02\Dungeons\Apocrypha\Exterior\ApoExtTowerBase01.nif
DLC02IceDoor,0401AAE7,DLC02\Dungeons\IceCastle\DLC02IceDoor.nif
DLC2IceDoorStatic,0401AE16,DLC02\Dungeons\IceCastle\DLC02IceDoorStatic.nif
1stPersonBloodskalSword,0401AECE,Weapons\Silver\1stPersonSilverGreatSword.nif
DLC2DragonBonesSkull01,0401B7E0,Clutter\DeadAnimals\DragonBonesSkull01.nif
DLC2DragonBonesNeck01,0401B7E1,Clutter\DeadAnimals\DragonBonesNeck01.nif
RRBulwarkIntStr02,0401B917,DLC02\Architecture\RavenRock\Bulwark\RRBulwarkIntStr02.nif
DLC2RRBulwarkEntry01,0401B922,DLC02\Architecture\RavenRock\Bulwark\DLC2RRBulwarkEntryTemp01.nif
DLC2RRBulwarkAngle01,0401B924,DLC02\Architecture\RavenRock\Bulwark\DLC2RRBulwarkAngleTemp01.nif
DLC2GlacierEndLg01,0401B927,DLC02\Landscape\Glaciers\DLC2GlacierEndLg01.nif
DLC2GlacierPillarLg01,0401B928,DLC02\Landscape\Glaciers\DLC2GlacierPillarLg01.nif
DLC2GlacierSlab01,0401B929,DLC02\Landscape\Glaciers\DLC2GlacierSlab01.nif
DLC2GlacierStraightLg01,0401B92A,DLC02\Landscape\Glaciers\DLC2GlacierStraightLg01.nif
DLC2GlacierTrim01,0401B92B,DLC02\Landscape\Glaciers\DLC2GlacierTrim01.nif
DLC2GlacierTrim02,0401B92C,DLC02\Landscape\Glaciers\DLC2GlacierTrim02.nif
DLC2IcebergLarge,0401B92D,DLC02\Landscape\Glaciers\DLC2IcebergLarge.nif
DLC2IcebergLedge01,0401B92E,DLC02\Landscape\Glaciers\DLC2IcebergLedge01.nif
DLC2IcebergSmall01,0401B92F,DLC02\Landscape\Glaciers\DLC2IcebergSmall01.nif
DLC2IcebergSmall02,0401B930,DLC02\Landscape\Glaciers\DLC2IcebergSmall02.nif
DLC2GlacierCaveEntrance02,0401B931,DLC02\Landscape\Glaciers\DLC2GlacierCaveEntrance02.nif
DLC2GlacierCaveEntrance02_LDirtSnowPath,0401B932,DLC02\Landscape\Glaciers\DLC2GlacierCaveEntrance02.nif
DLC2GlacierPillarLg01_NoSN,0401B933,DLC02\Landscape\Glaciers\DLC2GlacierPillarLg01.nif
1stPersonSpearSword,0401B934,DLC02\Weapons\RieklingSpears\SpearSword.nif
DLC2DweRmSmWallExBg01,0401B939,DLC02\Dungeons\Dwemer\SmRooms\DLC2DweRmSmWallExBg01.nif
DLC2DweDoorFrameExBgtoExSm01,0401B93A,DLC02\Dungeons\Dwemer\SmRooms\DLC2DweDoorFrameExBgtoExSm01.nif
DLC2DweRmSmColumn01,0401B93B,DLC02\Dungeons\Dwemer\SmRooms\DLC2DweRmSmColumn01.nif
DLC2DweRmSmCorIn01,0401B93C,DLC02\Dungeons\Dwemer\SmRooms\DLC2DweRmSmCorIn01.nif
DLC2DweRmSmCorOut01,0401B93D,DLC02\Dungeons\Dwemer\SmRooms\DLC2DweRmSmCorOut01.nif
DLC2DweRmSmCounter01,0401B93E,DLC02\Dungeons\Dwemer\SmRooms\DLC2DweRmSmCounter01.nif
DLC2DweRmSmMid01,0401B93F,DLC02\Dungeons\Dwemer\SmRooms\DLC2DweRmSmMid01.nif
DLC2DweRmSmMidBot01,0401B940,DLC02\Dungeons\Dwemer\SmRooms\DLC2DweRmSmMidBot01.nif
DLC2DweRmSmWall01,0401B941,DLC02\Dungeons\Dwemer\SmRooms\DLC2DweRmSmWall01.nif
DLC2DweRmSmWall02,0401B942,DLC02\Dungeons\Dwemer\SmRooms\DLC2DweRmSmWall02.nif
DLC2VvardenfellPlume,0401BBBD,DLC02\Sky\DLC2VvardenfellPlume.nif
DLC2DweRmSmCorInExBgL01,0401BD4A,DLC02\Dungeons\Dwemer\SmRooms\DLC2DweRmSmCorInExBgL01.nif
DLC2DweRmSmCorInExBgR01,0401BD4B,DLC02\Dungeons\Dwemer\SmRooms\DLC2DweRmSmCorInExBgR01.nif
DLC2DweRmSmCorInHalf01,0401BD4C,DLC02\Dungeons\Dwemer\SmRooms\DLC2DweRmSmCorInHalf01.nif
DLC2DweRmSmCorInHalfL01,0401BD4D,DLC02\Dungeons\Dwemer\SmRooms\DLC2DweRmSmCorInHalfL01.nif
DLC2DweRmSmCorInHalfR01,0401BD4E,DLC02\Dungeons\Dwemer\SmRooms\DLC2DweRmSmCorInHalfR01.nif
DLC2DweRmSmWallExBgHalf01,0401BD4F,DLC02\Dungeons\Dwemer\SmRooms\DLC2DweRmSmWallExBgHalf01.nif
DLC2DweRmSmWallHalf01,0401BD50,DLC02\Dungeons\Dwemer\SmRooms\DLC2DweRmSmWallHalf01.nif
DLC2DweRmSmWallHalf02,0401BD51,DLC02\Dungeons\Dwemer\SmRooms\DLC2DweRmSmWallHalf02.nif
DLC2RieklingTotem,0401BE0F,DLC02\Clutter\Riekling\DLC2RieklingTotem.nif
DLC2RockPileM02Rocks01AshTundra01,0401BE26,Landscape\Rocks\RockPileM02.nif
DLC2RockPileL03VolcanicAshTundra01,0401BE28,Landscape\Rocks\RockPileL03.nif
ApoLgHall1CapClosed01,0401BF6C,DLC02\Dungeons\Apocrypha\LgHall\ApoLgHall1CapClosed01.nif
ApoLgHall2way01,0401BF6D,DLC02\Dungeons\Apocrypha\LgHall\ApoLgHall2way01.nif
ApoLgHall3way01,0401BF6E,DLC02\Dungeons\Apocrypha\LgHall\ApoLgHall3way01.nif
ApoLgHall4way01,0401BF6F,DLC02\Dungeons\Apocrypha\LgHall\ApoLgHall4way01.nif
ApoStacksArch01,0401BF70,DLC02\Dungeons\Apocrypha\Stacks\ApoStacksArch01.nif
RRAshTunnel01,0401C03B,DLC02\Architecture\RavenRock\RRAshTunnel01.nif
DLC2CastleGlacier01,0401C64D,DLC02\Dungeons\IceCastle\DLC2CastleGlacier01.nif
DLC2CastleGlacier02,0401C650,DLC02\Dungeons\IceCastle\DLC2CastleGlacier02.nif
DLC2CastleGlacier03,0401C652,DLC02\Dungeons\IceCastle\DLC2CastleGlacier03.nif
DLC2CastleGlacier04,0401C653,DLC02\Dungeons\IceCastle\DLC2CastleGlacier04.nif
RockPileM01_LMine,0401C6C4,Landscape\Rocks\RockPileM01.nif
RockPileL01_LMine,0401C6EF,Landscape\Rocks\RockPileL01.nif
RedoranHut01,0401CAF4,DLC02\Architecture\RavenRock\Redoran\RedoranHut01.nif
DLC2RieklingBridgeStart01,0401CE5E,DLC02\Architecture\Riekling\DLC2RieklingBridgeStart01.nif
DLC2RieklingBridge01,0401CE5F,DLC02\Architecture\Riekling\DLC2RieklingBridge01.nif
DLC2RieklingBridgePlatform01,0401CE60,DLC02\Architecture\Riekling\DLC2RieklingBridgePlatform01.nif
DLC2RieklingBridgePlatformSmall,0401CE61,DLC02\Architecture\Riekling\DLC2RieklingBridgePlatformSmall.nif
RockPileM02_LMine,0401D3B3,Landscape\Rocks\RockPileM02.nif
RockPileS01_LMine,0401D3B4,Landscape\Rocks\RockPileS01.nif
DLC2RieklingSkull02,0401D4D6,DLC02\Clutter\Riekling\DLC2RieklingSkull02.nif
DLC2RieklingSkull01,0401D4D7,DLC02\Clutter\Riekling\DLC2RieklingSkull01.nif
DLC2RieklingBone01,0401D4D8,DLC02\Clutter\Riekling\DLC2RieklingBone01.nif
DLC2TreePineForestBrokenCluster01,0401D4F7,DLC02\Landscape\Trees\TreePineForestBrokenCluster01.nif
DLC2TreePineForestBroken06,0401D500,DLC02\Landscape\Trees\TreePineForestBroken06.nif
DLC2FireCrater01,0401D737,DLC02\Landscape\DLC2FireCrater02.nif
DLC2FireCraterRound,0401D738,DLC02\Landscape\DLC2FireCraterRound.nif
DLC2TreePineForestBrokenSmoking01,0401D73A,DLC02\Landscape\Trees\TreePineForestBroken04_Smoking.nif
DirtCliffs03VolcanicAshTundra02,0401D761,Landscape\DirtCliffs\DirtCliffs03Moss.nif
ApoLgHallArchFree01,0401D8EB,DLC02\Dungeons\Apocrypha\LgHall\ApoLgHallArchFree01.nif
ApoLgHallStair01,0401D8EF,DLC02\Dungeons\Apocrypha\LgHall\ApoLgHallStair01.nif
ApoPlatFreeSm01,0401D8FE,DLC02\Dungeons\Apocrypha\Platform\ApoPlatFreeSm01.nif
ApoPlatACorIn01,0401D91A,DLC02\Dungeons\Apocrypha\Platform\ApoPlatACorIn01.nif
ApoPlatACorOut01,0401D91B,DLC02\Dungeons\Apocrypha\Platform\ApoPlatACorOut01.nif
ApoPlatAFront01,0401D91C,DLC02\Dungeons\Apocrypha\Platform\ApoPlatAFront01.nif
ApoPlatAMid01,0401D91D,DLC02\Dungeons\Apocrypha\Platform\ApoPlatAMid01.nif
ApoPlatBCorIn01,0401D91E,DLC02\Dungeons\Apocrypha\Platform\ApoPlatBCorIn01.nif
ApoPlatBCorOut01,0401D91F,DLC02\Dungeons\Apocrypha\Platform\ApoPlatBCorOut01.nif
ApoPlatBFront01,0401D920,DLC02\Dungeons\Apocrypha\Platform\ApoPlatBFront01.nif
ApoPlatBMid01,0401D921,DLC02\Dungeons\Apocrypha\Platform\ApoPlatBMid01.nif
ApoPlatAStair01,0401D922,DLC02\Dungeons\Apocrypha\Platform\ApoPlatAStair01.nif
DLC2IcePileS01,0401D9D5,DLC02\Landscape\Glaciers\DLC2IcePileS01.nif
DLC2IcePileL03,0401D9D6,DLC02\Landscape\Glaciers\DLC2IcePileL03.nif
DLC2IcePileM02,0401D9D7,DLC02\Landscape\Glaciers\DLC2IcePileM02.nif
DLC2IcePileL02,0401D9D8,DLC02\Landscape\Glaciers\DLC2IcePileL02.nif
DLC2IcePileS02,0401D9D9,DLC02\Landscape\Glaciers\DLC2IcePileS02.nif
DLC2IcePileS03,0401D9DA,DLC02\Landscape\Glaciers\DLC2IcePileS03.nif
DLC2IcePileS04,0401D9DB,DLC02\Landscape\Glaciers\DLC2IcePileS04.nif
DLC2IcePileL01,0401D9DC,DLC02\Landscape\Glaciers\DLC2IcePileL01.nif
DLC2IcePileL01Snow01,0401D9DD,DLC02\Landscape\Glaciers\DLC2IcePileL01.nif
DLC2IcebergLarge_LightSN,0401D9E7,DLC02\Landscape\Glaciers\DLC2IcebergLarge.nif
DLC2GlacierRubbleTrim01,0401D9E8,DLC02\Landscape\Glaciers\DLC2GlacierRubbleTrim01.nif
DLC2GlacierRubbleTrim02,0401D9E9,DLC02\Landscape\Glaciers\DLC2GlacierRubbleTrim02.nif
DLC2GlacierRubbleTrim03,0401D9EA,DLC02\Landscape\Glaciers\DLC2GlacierRubbleTrim03.nif
DLC2GlacierRubbleTrim01_LightSN,0401D9EB,DLC02\Landscape\Glaciers\DLC2GlacierRubbleTrim01.nif
DLC2GlacierRubbleTrim02_LightSN,0401D9EC,DLC02\Landscape\Glaciers\DLC2GlacierRubbleTrim02.nif
DLC2GlacierRubbleTrim03_LightSN,0401D9ED,DLC02\Landscape\Glaciers\DLC2GlacierRubbleTrim03.nif
DLC2IcebergSmall02_LightSN,0401DA4A,DLC02\Landscape\Glaciers\DLC2IcebergSmall02.nif
DLC2IcebergSmall01_LightSN,0401DA4B,DLC02\Landscape\Glaciers\DLC2IcebergSmall01.nif
DLC2IcebergLedge01_LightSN,0401DA5B,DLC02\Landscape\Glaciers\DLC2IcebergLedge01.nif
RockAnimalDenLDirtSnowPath01_LightSN,0401DC6A,Landscape\Rocks\RockAnimalDen01.nif
ApoStacksWallStraight01,0401DCAB,DLC02\Dungeons\Apocrypha\Stacks\ApoStacksWallStraight01.nif
ApoStacksWallBend01,0401DCAC,DLC02\Dungeons\Apocrypha\Stacks\ApoStacksWallBend01.nif
ApoPlatBBridge01,0401DFC2,DLC02\Dungeons\Apocrypha\Platform\ApoPlatBBridge01.nif
ApoPlatBStair01,0401DFDC,DLC02\Dungeons\Apocrypha\Platform\ApoPlatBStair01.nif
DLC2DweFacadeBalcony01,0401DFF6,DLC02\Dungeons\Dwemer\Facades\DLC2DweFacadeBalcony01.nif
DLC2DweFacadeBalconyCap01,0401DFF7,DLC02\Dungeons\Dwemer\Facades\DLC2DweFacadeBalconyCap01.nif
DLC2DweFacadeBalconyMid01,0401DFF8,DLC02\Dungeons\Dwemer\Facades\DLC2DweFacadeBalconyMid01.nif
DLC2DweFacadeBridge01,0401DFF9,DLC02\Dungeons\Dwemer\Facades\DLC2DweFacadeBridge01.nif
DLC2DweFacadeBridgeCurve01,0401DFFA,DLC02\Dungeons\Dwemer\Facades\DLC2DweFacadeBridgeCurve01.nif
DLC2DweFacadeBridgeCurve02,0401DFFB,DLC02\Dungeons\Dwemer\Facades\DLC2DweFacadeBridgeCurve02.nif
DLC2DweFacadeBridgeRampCCW01,0401DFFC,DLC02\Dungeons\Dwemer\Facades\DLC2DweFacadeBridgeRampCCW01.nif
DLC2DweFacadeBridgeRampCW01,0401DFFD,DLC02\Dungeons\Dwemer\Facades\DLC2DweFacadeBridgeRampCW01.nif
DLC2DweFacadeColumnXLgFree01,0401DFFE,DLC02\Dungeons\Dwemer\Facades\DLC2DweFacadeColumnXLgFree01.nif
DLC2DweFacadeFreeExBg01,0401DFFF,DLC02\Dungeons\Dwemer\Facades\DLC2DweFacadeFreeExBg01.nif
DLC2DweFacadeHallSm1way01,0401E000,DLC02\Dungeons\Dwemer\Facades\DLC2DweFacadeHallSm1way01.nif
DLC2DweFacadeHallSm1wayRamp01,0401E001,DLC02\Dungeons\Dwemer\Facades\DLC2DweFacadeHallSm1wayRamp01.nif
DLC2DweFacadeHallSm2way01,0401E002,DLC02\Dungeons\Dwemer\Facades\DLC2DweFacadeHallSm2way01.nif
DLC2DweFacadeHallSm3way01,0401E003,DLC02\Dungeons\Dwemer\Facades\DLC2DweFacadeHallSm3way01.nif
DLC2DweFacadeHallSm4way01,0401E004,DLC02\Dungeons\Dwemer\Facades\DLC2DweFacadeHallSm4way01.nif
DLC2DweFacadeHallSmAlcove01,0401E005,DLC02\Dungeons\Dwemer\Facades\DLC2DweFacadeHallSmAlcove01.nif
DLC2DweFacadeHallSmEndCap01,0401E006,DLC02\Dungeons\Dwemer\Facades\DLC2DweFacadeHallSmEndCap01.nif
DLC2DweFacadeHallSmExBg01,0401E007,DLC02\Dungeons\Dwemer\Facades\DLC2DweFacadeHallSmExBg01.nif
DLC2DweFacadeHallSmExBgExtender01,0401E008,DLC02\Dungeons\Dwemer\Facades\DLC2DweFacadeHallSmExBgExtender01.nif
DLC2DweFacadePartition01,0401E009,DLC02\Dungeons\Dwemer\Facades\DLC2DweFacadePartition01.nif
DLC2DweFacadePartitionBase01,0401E00A,DLC02\Dungeons\Dwemer\Facades\DLC2DweFacadePartitionBase01.nif
DLC2DweFacadePartitionBaseMid01,0401E00B,DLC02\Dungeons\Dwemer\Facades\DLC2DweFacadePartitionBaseMid01.nif
DLC2DweFacadeTower01,0401E00C,DLC02\Dungeons\Dwemer\Facades\DLC2DweFacadeTower01.nif
DLC2DweFacadeTower02,0401E00D,DLC02\Dungeons\Dwemer\Facades\DLC2DweFacadeTower02.nif
DLC2DweFacadeTower03,0401E00E,DLC02\Dungeons\Dwemer\Facades\DLC2DweFacadeTower03.nif
DLC2DweFacadeTowerArch01,0401E00F,DLC02\Dungeons\Dwemer\Facades\DLC2DweFacadeTowerArch01.nif
DLC2DweFacadeTowerSpacer01,0401E010,DLC02\Dungeons\Dwemer\Facades\DLC2DweFacadeTowerSpacer01.nif
DLC2RockL01_Ash,0401E0B0,Landscape\Rocks\RockL01.nif
DLC2RockL02_Ash,0401E0B1,Landscape\Rocks\RockL02.nif
DLC2RockL03_Ash,0401E0B2,Landscape\Rocks\RockL03.nif
DLC2RockL04_Ash,0401E0B3,Landscape\Rocks\RockL04.nif
DLC2RockL05_Ash,0401E0B4,Landscape\Rocks\RockL05.nif
DLC2RockS01_Ash,0401E0B7,Landscape\Rocks\RockS01.nif
DLC2RockS02_Ash,0401E0B8,Landscape\Rocks\RockS02.nif
DLC2RockS03_Ash,0401E0B9,Landscape\Rocks\RockS03.nif
DLC2DweFacadeTowerBase01,0401E120,DLC02\Dungeons\Dwemer\Facades\DLC2DweFacadeTowerBase01.nif
DLC2TreeMushroomTree01,0401E136,DLC02\Plants\DLC2MushroomTree01.nif
DLC2TreeMushroomTree02,0401E137,DLC02\Plants\DLC2MushroomTree02.nif
DLC2MountainPeak01_Ash,0401E139,Landscape\Mountains\MountainPeak01.nif
DLC2MountainCliffSm01_Ash,0401E13B,Landscape\Mountains\MountainCliffSm01.nif
DLC2TreeMushroomTree03,0401E142,DLC02\Plants\DLC2MushroomTree03.nif
DLC2TreeMushroomTreeGroup01,0401E149,DLC02\Plants\DLC2MushroomTreeGroup01.nif
ApoStacksFull01,0401E19A,DLC02\Dungeons\Apocrypha\Stacks\ApoStacksFull01.nif
ApoStacksSingle01Low,0401E19B,DLC02\Dungeons\Apocrypha\Stacks\ApoStacksSingle01Low.nif
ApoStacksSingle02Low,0401E19C,DLC02\Dungeons\Apocrypha\Stacks\ApoStacksSingle02Low.nif
ApoStacksSingleCap01Low,0401E19D,DLC02\Dungeons\Apocrypha\Stacks\ApoStacksSingleCap01Low.nif
MountainTrim01VolcAshTundra01,0401E8B9,Landscape\Mountains\MountainTrim01.nif
DLC2DweFacadeTower1x4,0401EDD0,DLC02\Dungeons\Dwemer\Facades\DLC2DweFacadeTower1x4.nif
DLC2DweFacadeTower1x3,0401EDD1,DLC02\Dungeons\Dwemer\Facades\DLC2DweFacadeTower1x3.nif
DLC2DweFacadeTower1x2,0401EDD2,DLC02\Dungeons\Dwemer\Facades\DLC2DweFacadeTower1x2.nif
DLC2DweFacadeTower2x4,0401EDD3,DLC02\Dungeons\Dwemer\Facades\DLC2DweFacadeTower2x4.nif
DLC2DweFacadeTower2x3,0401EDD4,DLC02\Dungeons\Dwemer\Facades\DLC2DweFacadeTower2x3.nif
DLC2DweFacadeTower2x2,0401EDD5,DLC02\Dungeons\Dwemer\Facades\DLC2DweFacadeTower2x2.nif
DLC2DweFacadeTower3x4,0401EDD6,DLC02\Dungeons\Dwemer\Facades\DLC2DweFacadeTower3x4.nif
DLC2DweFacadeTower3x3,0401EDD7,DLC02\Dungeons\Dwemer\Facades\DLC2DweFacadeTower3x3.nif
DLC2DweFacadeTower3x2,0401EDD8,DLC02\Dungeons\Dwemer\Facades\DLC2DweFacadeTower3x2.nif
DLC2DweFacadeTowerArch1x4,0401EDD9,DLC02\Dungeons\Dwemer\Facades\DLC2DweFacadeTowerArch1x4.nif
DLC2DweFacadePartition2x1,0401EDDA,DLC02\Dungeons\Dwemer\Facades\DLC2DweFacadePartition2x1.nif
DLC2DweFacadeTowerPT,0401EDDB,DLC02\Dungeons\Dwemer\Facades\DLC2DweFacadeTowerPT.nif
DLC2DweFacadeTowerArchPA,0401EDDC,DLC02\Dungeons\Dwemer\Facades\DLC2DweFacadeTowerArchPA.nif
DLC2DweFacadeTowerTP,0401EDDD,DLC02\Dungeons\Dwemer\Facades\DLC2DweFacadeTowerTP.nif
DLC2DweFacadeTowerArchAP,0401EDDE,DLC02\Dungeons\Dwemer\Facades\DLC2DweFacadeTowerArchAP.nif
DLC2DweFacadeTowerArch1x3Hall,0401EDDF,DLC02\Dungeons\Dwemer\Facades\DLC2DweFacadeTowerArch1x3Hall.nif
DLC2DweFacadeTowerArch1x4Hall,0401EDE0,DLC02\Dungeons\Dwemer\Facades\DLC2DweFacadeTowerArch1x4Hall.nif
DLC2DweFacadeTowerArch1x3,0401EDE1,DLC02\Dungeons\Dwemer\Facades\DLC2DweFacadeTowerArch1x3.nif
RockPileM02LightSnow,0401EE66,Landscape\Rocks\RockPileM02.nif
RockM03SnowLight,0401EE73,Landscape\Rocks\RockM03.nif
DLC2RieklingBridge01Snow,0401EEE7,DLC02\Architecture\Riekling\DLC2RieklingBridge01.nif
DLC2RieklingTotemSnow,0401EEE8,DLC02\Clutter\Riekling\DLC2RieklingTotem.nif
DLC2RieklingFence02Snow,0401EEE9,DLC02\Architecture\Riekling\DLC2RieklingFence02.nif
DLC2RieklingFence01Snow,0401EEEA,DLC02\Architecture\Riekling\DLC2RieklingFence01.nif
DLC2RieklingFenceEndSnow,0401EEEB,DLC02\Architecture\Riekling\DLC2RieklingFenceEnd.nif
DLC2RieklingTotemSkullSnow,0401EEEE,DLC02\Clutter\Riekling\DLC2RieklingTotemSkull.nif
DLC2RieklingTent02Snow,0401EEF6,DLC02\Architecture\Riekling\DLC2RieklingTent02.nif
ApoWarpBook01,0401EF74,DLC02\Dungeons\Apocrypha\Clutter\ApoWarpBook01.nif
DLC2RieklingStand01,0401F141,DLC02\Architecture\Riekling\DLC2RieklingStand01.nif
DLC2RieklingStand02,0401F143,DLC02\Architecture\Riekling\DLC2RieklingStand02.nif
DLC2DweHitchPost01,0401F14E,DLC02\Dungeons\Dwemer\Platforms\DLC2DweHitchPost01.nif
DLC2DwePlatBgCorDblEnd01,0401F14F,DLC02\Dungeons\Dwemer\Platforms\DLC2DwePlatBgCorDblEnd01.nif
DLC2DwePlatBgCorIn01,0401F150,DLC02\Dungeons\Dwemer\Platforms\DLC2DwePlatBgCorIn01.nif
DLC2DwePlatBgCorOut01,0401F151,DLC02\Dungeons\Dwemer\Platforms\DLC2DwePlatBgCorOut01.nif
DLC2DwePlatBgMid01,0401F152,DLC02\Dungeons\Dwemer\Platforms\DLC2DwePlatBgMid01.nif
DLC2DwePlatBgMid02,0401F153,DLC02\Dungeons\Dwemer\Platforms\DLC2DwePlatBgMid02.nif
DLC2DwePlatBgStairCapL01,0401F154,DLC02\Dungeons\Dwemer\Platforms\DLC2DwePlatBgStairCapL01.nif
DLC2DwePlatBgStairCapR01,0401F155,DLC02\Dungeons\Dwemer\Platforms\DLC2DwePlatBgStairCapR01.nif
DLC2DwePlatBgStairMid01,0401F156,DLC02\Dungeons\Dwemer\Platforms\DLC2DwePlatBgStairMid01.nif
DLC2DwePlatBgStairMid02,0401F157,DLC02\Dungeons\Dwemer\Platforms\DLC2DwePlatBgStairMid02.nif
DLC2DwePlatBgStairSingle01,0401F158,DLC02\Dungeons\Dwemer\Platforms\DLC2DwePlatBgStairSingle01.nif
DLC2DwePlatBgWall01,0401F159,DLC02\Dungeons\Dwemer\Platforms\DLC2DwePlatBgWall01.nif
DLC2DwePlatBgWall02,0401F15A,DLC02\Dungeons\Dwemer\Platforms\DLC2DwePlatBgWall02.nif
DLC2DweFacadeTowerArch1x2,0401F15B,DLC02\Dungeons\Dwemer\Facades\DLC2DweFacadeTowerArch1x2.nif
DLC2BlackRewardGlyph,0401F1C4,Clutter\EyeOfMagnus\EyeOfMagnusDias01.nif
ApoFloorRaised01,0401F9A1,DLC02\Dungeons\Apocrypha\Rubble\ApoFloorRaised01.nif
ApoRubblePile01,0401F9A2,DLC02\Dungeons\Apocrypha\Rubble\ApoRubblePile01.nif
ApoRubblePile02,0401F9A3,DLC02\Dungeons\Apocrypha\Rubble\ApoRubblePile02.nif
ApoRubblePile03,0401F9A4,DLC02\Dungeons\Apocrypha\Rubble\ApoRubblePile03.nif
ApoRubblePile04,0401F9A5,DLC02\Dungeons\Apocrypha\Rubble\ApoRubblePile04.nif
ApoRubblePile05,0401F9A6,DLC02\Dungeons\Apocrypha\Rubble\ApoRubblePile05.nif
ApoRubblePile06,0401F9A7,DLC02\Dungeons\Apocrypha\Rubble\ApoRubblePile06.nif
ApoRubblePile07,0401F9A8,DLC02\Dungeons\Apocrypha\Rubble\ApoRubblePile07.nif
ApoRubblePile08,0401F9A9,DLC02\Dungeons\Apocrypha\Rubble\ApoRubblePile08.nif
RockPileL03SnowNoSnow,0401F9E4,Landscape\Rocks\RockPileL03.nif
ApoParPost01,0401FE5E,DLC02\Dungeons\Apocrypha\Partitions\ApoParPost01.nif
ApoParWall01,0401FE5F,DLC02\Dungeons\Apocrypha\Partitions\ApoParWall01.nif
ApoParWall02,0401FE72,DLC02\Dungeons\Apocrypha\Partitions\ApoParWall02.nif
ApoParArch01,0401FE7E,DLC02\Dungeons\Apocrypha\Partitions\ApoParArch01.nif
ApoParArch02,0401FE7F,DLC02\Dungeons\Apocrypha\Partitions\ApoParArch02.nif
DLC2DweRmLgWall01,0401FEBC,DLC02\Dungeons\Dwemer\LgRooms\DLC2DweRmLgWall01.nif
DLC2DweRmLgCorIn01,0401FEBD,DLC02\Dungeons\Dwemer\LgRooms\DLC2DweRmLgCorIn01.nif
DLC2DweRmLgMid01,0401FEBE,DLC02\Dungeons\Dwemer\LgRooms\DLC2DweRmLgMid01.nif
DLC2DweRmLgWallMidWall01,0401FEBF,DLC02\Dungeons\Dwemer\LgRooms\DLC2DweRmLgWallMidWall01.nif
DLC2DweRmLgWalltoLgHall01,0401FEC0,DLC02\Dungeons\Dwemer\LgRooms\DLC2DweRmLgWalltoLgHall01.nif
DLC2DweRmLgColumn01,0401FEC1,DLC02\Dungeons\Dwemer\LgRooms\DLC2DweRmLgColumn01.nif
DLC2DweRmLgCorIntoLgHallDbl01,0401FEC2,DLC02\Dungeons\Dwemer\LgRooms\DLC2DweRmLgCorIntoLgHallDbl01.nif
DLC2DweRmLgCorIntoLgHallL01,0401FEC3,DLC02\Dungeons\Dwemer\LgRooms\DLC2DweRmLgCorIntoLgHallL01.nif
DLC2DweRmLgCorIntoLgHallR01,0401FEC4,DLC02\Dungeons\Dwemer\LgRooms\DLC2DweRmLgCorIntoLgHallR01.nif
DLC2DweRmLgCorOut01,0401FEC5,DLC02\Dungeons\Dwemer\LgRooms\DLC2DweRmLgCorOut01.nif
DLC2DweRmLgWallCorInX2,0401FEC6,DLC02\Dungeons\Dwemer\LgRooms\DLC2DweRmLgWallCorInX2.nif
DLC2DweRmLgWallMidWall02,0401FEC7,DLC02\Dungeons\Dwemer\LgRooms\DLC2DweRmLgWallMidWall02.nif
DLC2DweRmLgWallMidWall03,0401FEC8,DLC02\Dungeons\Dwemer\LgRooms\DLC2DweRmLgWallMidWall03.nif
DLC2DweRmLgWalltoLgHallCorInX2,0401FEC9,DLC02\Dungeons\Dwemer\LgRooms\DLC2DweRmLgWalltoLgHallCorInX2.nif
DLC2DweRmLgMidTop01,0401FECC,DLC02\Dungeons\Dwemer\LgRooms\DLC2DweRmLgMidTop01.nif
DLC2IceTorch,0401FEDA,DLC02\Dungeons\IceCastle\DLC02IceTorch01.nif
AshMound01,04020004,DLC02\Clutter\AshPiles\AshMound01.nif
AshMound02,04020005,DLC02\Clutter\AshPiles\AshMound02.nif
AshMoundL01,04020006,DLC02\Clutter\AshPiles\AshMoundL01.nif
AshScatter01,04020007,DLC02\Clutter\AshPiles\AshScatter01.nif
AshScatter02,04020008,DLC02\Clutter\AshPiles\AshScatter02.nif
AshScatter03,04020009,DLC02\Clutter\AshPiles\AshScatter03.nif
AshScatter04,0402000A,DLC02\Clutter\AshPiles\AshScatter04.nif
AshScatter05,0402000B,DLC02\Clutter\AshPiles\AshScatter05.nif
AshScatter06,0402000C,DLC02\Clutter\AshPiles\AshScatter06.nif
DLC2GlacierStraightLg01_Ice,04020020,DLC02\Landscape\Glaciers\DLC2GlacierStraightLg01.nif
DLC2GlacierSlab01_Ice,04020022,DLC02\Landscape\Glaciers\DLC2GlacierSlab01.nif
DLC2GlacierTrim01_ice,04020027,DLC02\Landscape\Glaciers\DLC2GlacierTrim01.nif
DLC2DweHallBg1way01,040202C0,DLC02\Dungeons\Dwemer\BgHalls\DLC2DweHallBg1way01.nif
DLC2DweHallBg1way02,040202C1,DLC02\Dungeons\Dwemer\BgHalls\DLC2DweHallBg1way02.nif
DLC2DweHallBg1wayRamp01,040202C2,DLC02\Dungeons\Dwemer\BgHalls\DLC2DweHallBg1wayRamp01.nif
DLC2DweHallBg2way01,040202C3,DLC02\Dungeons\Dwemer\BgHalls\DLC2DweHallBg2way01.nif
DLC2DweHallBg3way01,040202C4,DLC02\Dungeons\Dwemer\BgHalls\DLC2DweHallBg3way01.nif
DLC2DweHallBg4way01,040202C5,DLC02\Dungeons\Dwemer\BgHalls\DLC2DweHallBg4way01.nif
DLC2DweHallBgEndCap01,040202C6,DLC02\Dungeons\Dwemer\BgHalls\DLC2DweHallBgEndCap01.nif
DLC2DweHallBgEndCapExBg01,040202C7,DLC02\Dungeons\Dwemer\BgHalls\DLC2DweHallBgEndCapExBg01.nif
1stPersonDLC02PickAxeNordic,040206F5,DLC02\Weapons\NordicWeapon\DLC02PickaxeNordic.nif
DLC2DweFloorRaised01,0402073D,DLC02\Dungeons\Dwemer\Rubble\DLC2DweFloorRaised01.nif
DLC2DweHallLg1way01,0402073E,DLC02\Dungeons\Dwemer\LgHalls\DLC2DweHallLg1way01.nif
DLC2DweHallLg1wayRamp01,0402073F,DLC02\Dungeons\Dwemer\LgHalls\DLC2DweHallLg1wayRamp01.nif
DLC2DweHallLg2way01,04020740,DLC02\Dungeons\Dwemer\LgHalls\DLC2DweHallLg2way01.nif
DLC2DweHallLg3way01,04020741,DLC02\Dungeons\Dwemer\LgHalls\DLC2DweHallLg3way01.nif
DLC2DweHallLg4way01,04020742,DLC02\Dungeons\Dwemer\LgHalls\DLC2DweHallLg4way01.nif
DLC2DweHallLgEndCap01,04020743,DLC02\Dungeons\Dwemer\LgHalls\DLC2DweHallLgEndCap01.nif
DLC2DweHallLgEndCapExBg01,04020744,DLC02\Dungeons\Dwemer\LgHalls\DLC2DweHallLgEndCapExBg01.nif
DLC2DweHallLgEndCapExBg02,04020745,DLC02\Dungeons\Dwemer\LgHalls\DLC2DweHallLgEndCapExBg02.nif
DLC2DweFloorRaised02,04020746,DLC02\Dungeons\Dwemer\Rubble\DLC2DweFloorRaised02.nif
DLC2DweRubbleColumn01,04020747,DLC02\Dungeons\Dwemer\Rubble\DLC2DweRubbleColumn01.nif
DLC2DweRubbleColumn02,04020748,DLC02\Dungeons\Dwemer\Rubble\DLC2DweRubbleColumn02.nif
DLC2DweRubblePile01,04020749,DLC02\Dungeons\Dwemer\Rubble\DLC2DweRubblePile01.nif
DLC2DweRubblePile02,0402074A,DLC02\Dungeons\Dwemer\Rubble\DLC2DweRubblePile02.nif
DLC2DweRubblePile03,0402074B,DLC02\Dungeons\Dwemer\Rubble\DLC2DweRubblePile03.nif
DLC2DweRubblePile04,0402074C,DLC02\Dungeons\Dwemer\Rubble\DLC2DweRubblePile04.nif
DLC2DweRubblePile05,0402074D,DLC02\Dungeons\Dwemer\Rubble\DLC2DweRubblePile05.nif
DLC2DweRubblePile06,0402074E,DLC02\Dungeons\Dwemer\Rubble\DLC2DweRubblePile06.nif
DLC2DweRubblePile07,0402074F,DLC02\Dungeons\Dwemer\Rubble\DLC2DweRubblePile07.nif
DLC2DweRubblePile08,04020750,DLC02\Dungeons\Dwemer\Rubble\DLC2DweRubblePile08.nif
DLC2DweRubblePileCeiling01,04020751,DLC02\Dungeons\Dwemer\Rubble\DLC2DweRubblePileCeiling01.nif
DLC2DweRubblePileCeiling02,04020752,DLC02\Dungeons\Dwemer\Rubble\DLC2DweRubblePileCeiling02.nif
DLC2DweFacadeLiftLeverSTATIC,04020755,DLC02\Dungeons\Dwemer\Facades\DLC2DweFacadeLiftLeverSTATIC.nif
DLC2DweFacadeLiftUp01,04020756,DLC02\Dungeons\Dwemer\Facades\DLC2DweFacadeLiftUp01.nif
DLC2DweFacadeLiftDown01,04020757,DLC02\Dungeons\Dwemer\Facades\DLC2DweFacadeLiftDown01.nif
DLC2DweShaftBot01,04020758,DLC02\Dungeons\Dwemer\LgRooms\DLC2DweShaftBot01.nif
DLC2DweShaftRmLgBot01,04020759,DLC02\Dungeons\Dwemer\LgRooms\DLC2DweShaftRmLgBot01.nif
DLC2DweShaftRmSmBop01,0402075A,DLC02\Dungeons\Dwemer\LgRooms\DLC2DweShaftRmSmBop01.nif
DLC2DweShaftRmSmTop01,0402075B,DLC02\Dungeons\Dwemer\LgRooms\DLC2DweShaftRmSmTop01.nif
DLC2DweWall02,040209AF,DLC02\Dungeons\Dwemer\Walls\DLC2DweWall02.nif
DLC2DweWall01,040209B0,DLC02\Dungeons\Dwemer\Walls\DLC2DweWall01.nif
DLC2DweWallArch01,040209B1,DLC02\Dungeons\Dwemer\Walls\DLC2DweWallArch01.nif
DLC2DweWallCap01,040209B2,DLC02\Dungeons\Dwemer\Walls\DLC2DweWallCap01.nif
DLC2DweWallCap02,040209B3,DLC02\Dungeons\Dwemer\Walls\DLC2DweWallCap02.nif
DLC2DweWallExBg01,040209B4,DLC02\Dungeons\Dwemer\Walls\DLC2DweWallExBg01.nif
DLC2DweWallHalf01,040209B5,DLC02\Dungeons\Dwemer\Walls\DLC2DweWallHalf01.nif
DLC2DwePlatCorIn01,040209B6,DLC02\Dungeons\Dwemer\Platforms\DLC2DwePlatCorIn01.nif
DLC2DwePlatCorIn02,040209B7,DLC02\Dungeons\Dwemer\Platforms\DLC2DwePlatCorIn02.nif
DLC2DwePlatMid01,040209B8,DLC02\Dungeons\Dwemer\Platforms\DLC2DwePlatMid01.nif
DLC2DwePlatCorOut01,040209B9,DLC02\Dungeons\Dwemer\Platforms\DLC2DwePlatCorOut01.nif
DLC2DwePlatWallStair01,040209BA,DLC02\Dungeons\Dwemer\Platforms\DLC2DwePlatWallStair01.nif
DLC2DwePlatWall01,040209BB,DLC02\Dungeons\Dwemer\Platforms\DLC2DwePlatWall01.nif
DLC2DwePlatWallStair02,040209BC,DLC02\Dungeons\Dwemer\Platforms\DLC2DwePlatWallStair02.nif
DLC2DweRmLgMidTopXtnd01,040209BD,DLC02\Dungeons\Dwemer\LgRooms\DLC2DweRmLgMidTopXtnd01.nif
DLC2DweRmSmCounterHalf01,040209BE,DLC02\Dungeons\Dwemer\SmRooms\DLC2DweRmSmCounterHalf01.nif
DLC2DweCivWarWallEndpost01,040209BF,DLC02\Dungeons\Dwemer\Clutter\DLC2DweCivWarWallEndpost01.nif
DLC2DweCivWarWallEndcap01,040209C0,DLC02\Dungeons\Dwemer\Clutter\DLC2DweCivWarWallEndcap01.nif
DLC2DweCivWarWall01,040209C1,DLC02\Dungeons\Dwemer\Clutter\DLC2DweCivWarWall01.nif
DLC2DweCivWarWallChimney01,040209C2,DLC02\Dungeons\Dwemer\Clutter\DLC2DweCivWarWallChimney01.nif
DLC2DweClutterPedestal02a,040209C3,DLC02\Dungeons\Dwemer\Clutter\DLC2DweClutterPedestal02a.nif
DLC2DweClutterPedestal02,040209C4,DLC02\Dungeons\Dwemer\Clutter\DLC2DweClutterPedestal02.nif
DLC2DweClutterPedestal01,040209C5,DLC02\Dungeons\Dwemer\Clutter\DLC2DweClutterPedestal01.nif
DLC2dunKolbjornAshFloor,04020A60,DLC02\Clutter\AshPiles\DLC2dunKolbjornAshFloor.nif
DLC2dunKolbjorn_NorDwelling03ExtPylons01,04020A61,Dungeons\Nordic\Exterior\Dwellings\NorDwelling03ExtPylons01.nif
DLC2dunKolbjorn_NorDwelling03ExtBaseB,04020A62,Dungeons\Nordic\Exterior\Dwellings\NorDwelling03ExtBaseB.nif
DLC2dunKolbjornAshMound01,04020E63,DLC02\Clutter\AshPiles\DLC2dunKolbjornAshMound01.nif
DLC2dunKolbjornAshMound02,04020E64,DLC02\Clutter\AshPiles\DLC2dunKolbjornAshMound02.nif
DLC2dunKolbjornAshMound03,04020E65,DLC02\Clutter\AshPiles\DLC2dunKolbjornAshMound03.nif
DLC2dunKolbjornAshMound04,04020E66,DLC02\Clutter\AshPiles\DLC2dunKolbjornAshMound04.nif
DLC2dunKolbjornAshMound05,04020E67,DLC02\Clutter\AshPiles\DLC2dunKolbjornAshMound05.nif
DLC2dunKolbjornAshMound06,04020E68,DLC02\Clutter\AshPiles\DLC2dunKolbjornAshMound06.nif
DLC2dunKolbjornAshMound07,04020E69,DLC02\Clutter\AshPiles\DLC2dunKolbjornAshMound07.nif
DLC2dunKolbjornAshMound08,04020E6A,DLC02\Clutter\AshPiles\DLC2dunKolbjornAshMound08.nif
DLC2DweClutterBlockC01,04020FDA,DLC02\Dungeons\Dwemer\Clutter\DLC2DweClutterBlockC01.nif
DLC2DweClutterBlockB01,04020FDB,DLC02\Dungeons\Dwemer\Clutter\DLC2DweClutterBlockB01.nif
DLC2DweClutterBlockA01,04020FDC,DLC02\Dungeons\Dwemer\Clutter\DLC2DweClutterBlockA01.nif
DLC2DweClutterBrazierPed01,04020FDD,DLC02\Dungeons\Dwemer\Clutter\DLC2DweClutterBrazierPed01.nif
DLC2DweClutterArchSmall01,04020FDE,DLC02\Dungeons\Dwemer\Clutter\DLC2DweClutterArchSmall01.nif
DLC2DweClutterArchLarge01,04020FDF,DLC02\Dungeons\Dwemer\Clutter\DLC2DweClutterArchLarge01.nif
DLC2DweClutterColmLarge01,04020FE0,DLC02\Dungeons\Dwemer\Clutter\DLC2DweClutterColmLarge01.nif
DLC2DweMillGearAssembly01,04020FEA,DLC02\Dungeons\Dwemer\Clutter\DLC2DweMillGearAssembly01.nif
DLC2BasaltRubblePile01,04020FEB,DLC02\Landscape\VolcanicCliffs\DLC2BasaltRubblePile01.nif
DLC2BasaltRubblePile02,04020FED,DLC02\Landscape\VolcanicCliffs\DLC2BasaltRubblePile02.nif
DLC2DarkElfCrate01,0402173E,DLC02\Furniture\DLC2DarkElfCrate01.nif
DLC2DarkElfCrate02,0402173F,DLC02\Furniture\DLC2DarkElfCrate02.nif
DLC2DarkElfShelf01,04021740,DLC02\Furniture\DLC2DarkElfShelf01.nif
DLC2DarkElfShelf03,04021741,DLC02\Furniture\DLC2DarkElfShelf03.nif
DLC2DarkElfShelf04,04021742,DLC02\Furniture\DLC2DarkElfShelf04.nif
DLC2DarkElfShelf05,04021743,DLC02\Furniture\DLC2DarkElfShelf05.nif
DLC2DarkElfTable01,04021744,DLC02\Furniture\DLC2DarkElfTable01.nif
DLC2DarkElfTable02,04021745,DLC02\Furniture\DLC2DarkElfTable02.nif
DLC2DarkElfTableRound01,04021746,DLC02\Furniture\DLC2DarkElfTableRound01.nif
DLC2DarkElfTableSquare01,04021747,DLC02\Furniture\DLC2DarkElfTableSquare01.nif
DLC2DarkElfTableThin01,04021748,DLC02\Furniture\DLC2DarkElfTableThin01.nif
DLC2BasaltRubblePileFlat01,040217D2,DLC02\Landscape\VolcanicCliffs\DLC2BasaltRubblePileFlat01.nif
DLC2BasaltRubblePileFlat01_Ash,040217D4,DLC02\Landscape\VolcanicCliffs\DLC2BasaltRubblePileFlat01.nif
DLC2BasaltRubblePile01_Ash,040217D5,DLC02\Landscape\VolcanicCliffs\DLC2BasaltRubblePile01.nif
DLC2BasaltRubblePile02_Ash,040217D6,DLC02\Landscape\VolcanicCliffs\DLC2BasaltRubblePile02.nif
DLC2CliffBasaltMound_Ash,040217D7,DLC02\Landscape\VolcanicCliffs\DLC2CliffBasaltMound.nif
SiltStriderRamp01,04023F0F,DLC02\Clutter\Misc\SiltStriderRamp01.nif
MiraakTeleportMarker,04023F6A,MarkerXHeading.nif
DLC2MountainCliffSlopeVolcanicAshTundra01,040244E8,Landscape\Mountains\MountainCliffSlope.nif
DLC2NorBridgeMid04_ice,0402471C,Dungeons\Nordic\Bridges\NorBridgeMid04.nif
DLC2ApocTenticlePatchFar,04024743,DLC02\Dungeons\Apocrypha\Clutter\DLC2ApocTenticlePatchFar.nif
DLC2ApocEnvTenticle01far,04024746,DLC02\Dungeons\Apocrypha\Clutter\DLC2ApocEnvTenticle01.nif
DLC2GlacierTrim02_NoSN,0402484A,DLC02\Landscape\Glaciers\DLC2GlacierTrim02.nif
DLC2GlacierTrim01_NoSN,0402484B,DLC02\Landscape\Glaciers\DLC2GlacierTrim01.nif
DLC2GlacierEndLg01_Ice,040248AA,DLC02\Landscape\Glaciers\DLC2GlacierEndLg01.nif
DLC2GlacierPillarLg01_Ice,040248AB,DLC02\Landscape\Glaciers\DLC2GlacierPillarLg01.nif
DLC2GlacierCaveEntrance02_Ice,040248AC,DLC02\Landscape\Glaciers\DLC2GlacierCaveEntrance02.nif
ApoTempleTowerTop01,04024CAE,DLC02\Dungeons\Apocrypha\Exterior\ApoTempleTowerTop01.nif
DLC2CaveIBoulderM03_noSnow,04024E1C,Dungeons\Caves\Ice\Rocks\CaveIBoulderM03.nif
DLC2CaveIBoulderM01_noSnow,04024E1E,Dungeons\Caves\Ice\Rocks\CaveIBoulderM01.nif
DLC2CaveIRoomDoorB01ice,04024EEF,Dungeons\Caves\Ice\SmallRoom\CaveIRoomDoorB01.nif
DLC2NorPitWallSide01ice,04024EF0,Dungeons\Nordic\Pits\NorPitWallSide01.nif
DLC2NorPitWallSideToRmBgSideL01ice,04024EF1,Dungeons\Nordic\Pits\NorPitWallSideToRmBgSideL01.nif
DLC2NorPitWallSideToRmBgFrontL01ice,04024EF2,Dungeons\Nordic\Pits\NorPitWallSideToRmBgFrontL01.nif
DLC2BasaltSlab01,04024FDC,DLC02\Landscape\VolcanicCliffs\DLC2BasaltSlab01.nif
DLC2BasaltSlab01_Ash,04024FDE,DLC02\Landscape\VolcanicCliffs\DLC2BasaltSlab01.nif
DLC2RockCliff02_Ash,040250A0,Landscape\Rocks\RockCliff02.nif
DLC2RockCliff03_Ash,040250A1,Landscape\Rocks\RockCliff03.nif
DLC2RockCliff04_Ash,040250A2,Landscape\Rocks\RockCliff04.nif
DLC2RockCliff01VolcanicAsh01,040250A3,Landscape\Rocks\RockCliff01.nif
DLC2TreePineForestCutLog01Asnow,0402587D,Landscape\Trees\TreePineForestCutLog01A.nif
HighPolyDLC02BlackBook,04025A36,Clutter\Books\Book02\DLC2BlackBook01.nif
TelvanniGourdHouse01,04025AFE,DLC02\Architecture\TelvanniTower\TelvanniGourdHouse01.nif
TelvanniGourdHouse02,04025AFF,DLC02\Architecture\TelvanniTower\TelvanniGourdHouse02.nif
TelvanniRoot01,04025B00,DLC02\Architecture\TelvanniTower\TelvanniRoot01.nif
TelvanniRoot02,04025B01,DLC02\Architecture\TelvanniTower\TelvanniRoot02.nif
TelvanniRootBridge01,04025B02,DLC02\Architecture\TelvanniTower\TelvanniRootBridge01.nif
TelvanniTowerInt01,04025B03,DLC02\Architecture\TelvanniTower\TelvanniTowerInt01.nif
TelvanniTowerMain01,04025B04,DLC02\Architecture\TelvanniTower\TelvanniTowerMain01.nif
DLC2RieklingBridgePlatform01Ice,04025E5E,DLC02\Architecture\Riekling\DLC2RieklingBridgePlatform01.nif
DLC2RieklingBridge01Ice,04025E75,DLC02\Architecture\Riekling\DLC2RieklingBridge01.nif
DLC2DweReadRmBase01,040264C3,DLC02\Dungeons\Dwemer\ReadingRoom\DLC2DweReadRmBase01.nif
DLC2DweReadRmBase02,040264C4,DLC02\Dungeons\Dwemer\ReadingRoom\DLC2DweReadRmBase02.nif
DLC2DweReadRmBannerBar01,040264EE,DLC02\Dungeons\Dwemer\ReadingRoom\DLC2DweReadRmBannerBar01.nif
DLC2DweReadRmColmUp01,040264EF,DLC02\Dungeons\Dwemer\ReadingRoom\DLC2DweReadRmColmUp01.nif
DLC2DweReadRmDecoMid01,040264F0,DLC02\Dungeons\Dwemer\ReadingRoom\DLC2DweReadRmDecoMid01.nif
DLC2DweReadRmEXT01,040264F1,DLC02\Dungeons\Dwemer\ReadingRoom\DLC2DweReadRmEXT01.nif
DLC2DweReadRmEXTDome01,040264F2,DLC02\Dungeons\Dwemer\ReadingRoom\DLC2DweReadRmEXTDome01.nif
DLC2DweReadRmEXTPlatformLg01,040264F3,DLC02\Dungeons\Dwemer\ReadingRoom\DLC2DweReadRmEXTPlatformLg01.nif
DLC2DweReadRmEXTPlatformSmL01,040264F4,DLC02\Dungeons\Dwemer\ReadingRoom\DLC2DweReadRmEXTPlatformSmL01.nif
DLC2DweReadRmEXTPlatformSmR01,040264F5,DLC02\Dungeons\Dwemer\ReadingRoom\DLC2DweReadRmEXTPlatformSmR01.nif
DLC2DweReadRmEXTShaftRm01,040264F6,DLC02\Dungeons\Dwemer\ReadingRoom\DLC2DweReadRmEXTShaftRm01.nif
DLC2DweReadRmFirepot01,040264F7,DLC02\Dungeons\Dwemer\ReadingRoom\DLC2DweReadRmFirepot01.nif
DLC2DweReadRmINT01,040264F8,DLC02\Dungeons\Dwemer\ReadingRoom\DLC2DweReadRmINT01.nif
DLC2DweReadRmINTDome01,040264F9,DLC02\Dungeons\Dwemer\ReadingRoom\DLC2DweReadRmINTDome01.nif
DLC2DweReadRmPedBrazier01,040264FA,DLC02\Dungeons\Dwemer\ReadingRoom\DLC2DweReadRmPedBrazier01.nif
DLC2DweStatueBustSphere01,040264FB,DLC02\Dungeons\Dwemer\Clutter\DLC2DweStatueBustSphere01.nif
DLC2DweStatueBustSphere02,040264FC,DLC02\Dungeons\Dwemer\Clutter\DLC2DweStatueBustSphere02.nif
DLC2DweStatueBustCenturion01,040264FD,DLC02\Dungeons\Dwemer\Clutter\DLC2DweStatueBustCenturion01.nif
DLC2DweClutterPlatformSm01,040264FE,DLC02\Dungeons\Dwemer\Clutter\DLC2DweClutterPlatformSm01.nif
DLC2DweClutterPlatformGiant01,040264FF,DLC02\Dungeons\Dwemer\Clutter\DLC2DweClutterPlatformGiant01.nif
DLC2DweClutterBrazierPed02,0402652C,DLC02\Dungeons\Dwemer\Clutter\DLC2DweClutterBrazierPed02.nif
DLC2DweClutterFirepot01,0402652D,DLC02\Dungeons\Dwemer\Clutter\DLC2DweClutterFirepot01.nif
DLC2DweClutterBannerBar01,0402652E,DLC02\Dungeons\Dwemer\Clutter\DLC2DweClutterBannerBar01.nif
DLC2KarstaagSkullWall,0402663F,DLC02\Clutter\karstaagskullicewall.nif
ApoExtTowerBaseDias02,04026645,DLC02\Dungeons\Apocrypha\Animated\TowerDias\ApoExtTowerBaseDias02.nif
DLC2ThirskMeadHallExterior010000,04026AC5,DLC02\Architecture\Thirsk\MeadHall\DLC2ThirskMeadHallExterior01.nif
Thirsk,04026AC6,DLC02\Architecture\Thirsk
DLC2DweShaftStandaloneRm01,04026AD9,DLC02\Dungeons\Dwemer\Clutter\DLC2DweShaftStandaloneRm01.nif
DLC2ThirskMeadHallInterior010000,04026C7B,DLC02\Architecture\Thirsk\MeadHall\DLC2ThirskMeadHallInterior01.nif
ApoLectern01,04026C97,DLC02\Dungeons\Apocrypha\Clutter\ApoLectern01.nif
ApoStand01,04026C98,DLC02\Dungeons\Apocrypha\Clutter\ApoStand01.nif
DLC2NorDoorSmLoad01STATIC,04026EE8,Dungeons\Nordic\Doors\Animated\SmDoor01\NorDoorSmLoad01.nif
DLC2SkaalVilShack02,04027530,DLC02\Architecture\SkaalVillage\DLC2SkaalVilShack02.nif
DLC2DweFloorRubbleFlat01,04027862,DLC02\Dungeons\Dwemer\Rubble\DLC2DweFloorRubbleFlat01.nif
DLC2ThirskMeadHallExterior01_LOD,0402789B,DLC02\LOD\Thirsk\DLC2ThirskMeadHallExterior01_LOD.nif
DLC2ThirskMeadHallExterior01_LOD_2,0402789C,DLC02\LOD\Thirsk\DLC2ThirskMeadHallExterior01_LOD_2.nif
ApoFigure01,0402789D,DLC02\Dungeons\Apocrypha\Clutter\ApoFigure01.nif
ApoMouthSconce01,040278A0,DLC02\Dungeons\Apocrypha\Clutter\ApoMouthSconce01.nif
ApoHeadScone01,040278A1,DLC02\Dungeons\Apocrypha\Clutter\ApoHeadScone01.nif
ApoBookStand01,040278A3,DLC02\Dungeons\Apocrypha\Clutter\ApoBookStand01.nif
ApoHMShrine01,040278AB,DLC02\Dungeons\Apocrypha\Clutter\ApoHMShrine01.nif
DLC2DweReadRmPipeGrp01,040279ED,DLC02\Dungeons\Dwemer\ReadingRoom\DLC2DweReadRmPipeGrp01.nif
DLC2DweReadRmPipeGrp02,040279EF,DLC02\Dungeons\Dwemer\ReadingRoom\DLC2DweReadRmPipeGrp02.nif
DLC2DweReadRmPipeGrp03,040279F3,DLC02\Dungeons\Dwemer\ReadingRoom\DLC2DweReadRmPipeGrp03.nif
NorRubblePile02_DLC2Ash,04027A2B,Dungeons\Nordic\Rubble\NorRubblePile02.nif
NorRubblePile01_DLC2Ash,04027A2C,Dungeons\Nordic\Rubble\NorRubblePile01.nif
NorRubblePile03_DLC2Ash,04027A2D,Dungeons\Nordic\Rubble\NorRubblePile03.nif
NorRubblePile04_DLC2Ash,04027A2E,Dungeons\Nordic\Rubble\NorRubblePile04.nif
NorRubblePile05_DLC2Ash,04027A2F,Dungeons\Nordic\Rubble\NorRubblePile05.nif
NorRubblePile06_DLC2Ash,04027A30,Dungeons\Nordic\Rubble\NorRubblePile06.nif
NorRubblePile07_DLC2Ash,04027A31,Dungeons\Nordic\Rubble\NorRubblePile07.nif
NorRubblePile08_DLC2Ash,04027A32,Dungeons\Nordic\Rubble\NorRubblePile08.nif
NorRubblePiece01_Ash,04027A33,Dungeons\Nordic\Rubble\NorRubblePiece01.nif
NorRubblePiece02_Ash,04027A34,Dungeons\Nordic\Rubble\NorRubblePiece02.nif
NorRubblePiece03_Ash,04027A35,Dungeons\Nordic\Rubble\NorRubblePiece03.nif
NorRubblePiece04_Ash,04027A36,Dungeons\Nordic\Rubble\NorRubblePiece04.nif
NorRubblePiece05_Ash,04027A37,Dungeons\Nordic\Rubble\NorRubblePiece05.nif
DLC2NorTmpExtPlatWall02_LightSN,04027B70,Dungeons\Nordic\Exterior\NorTmpExtPlatWall02.nif
DLC2NorPitWallSideEnclosure01_SnowLT,04027BC0,Dungeons\Nordic\Pits\NorPitWallSideEnclosure01.nif
DLC2NorPitWallFrontEnclosure02_SnowLT,04027BC9,Dungeons\Nordic\Pits\NorPitWallFrontEnclosure02.nif
DLC2MAGInvAsh,04027BF9,DLC02\Effects\INVAsh.nif
DLC2MAGINVWhirlwindSpellArt,04027C31,DLC02\Effects\DLC2MAGINVWhirlWind.nif
MAGINVWhirWindCloakSpellArt,04027C32,Magic\MAGINVIceSpellArt.nif
ApoControlRingArchPart01,04027E5F,DLC02\Dungeons\Apocrypha\Exterior\ControlRing\ApoControlRingArchPart01.nif
ApoApoControlRingStones01,04027E89,DLC02\Dungeons\Apocrypha\Exterior\ApoApoControlRingStones01.nif
spidersackdead,04027E8D,actors\DLC02\Spider_poison\CharacterAssets\spidersackdead.nif
NorRmBgWallFrontDamHole01,04027FF6,DLC02\Dungeons\Nordic\NorRmBgWallFrontDamHole01.nif
DLC2SkaalVilGreyMane01,040281F6,DLC02\Architecture\SkaalVillage\DLC2SkaalVilGreyMane01.nif
DLC2ExpSpiderEggSTATIC,040285E9,actors\DLC02\Spider_poison\CharacterAssets\spidersackdead.nif
DLC2SkaalVilHouseWind01,04028643,DLC02\Architecture\SkaalVillage\DLC2SkaalVilHouseWind01.nif
DLC2CliffBasaltStraight_Ash,0402864A,DLC02\Landscape\VolcanicCliffs\DLC2CliffBasaltStraight.nif
Campfire01LandOffAsh,04028A8D,Clutter\WoodFires\Campfire01LandOff.nif
DLC2ExpSpiderSnotKitWall01,04028B18,DLC02\Effects\DLC2ExpSpiderSnotKitWall01.nif
DLC2ExpSpiderSnotKitWall02,04028B1A,DLC02\Effects\DLC2ExpSpiderSnotKitWall02.nif
DLC2ExpSpiderSnotKitCorner01,04028B1E,DLC02\Effects\DLC2ExpSpiderSnotKitCorner01.nif
DLC2ExpSpiderSnotKitWall03,04028B22,DLC02\Effects\DLC2ExpSpiderSnotKitWall03.nif
DLC2DweRubblePile02_Snow,04028B97,DLC02\Dungeons\Dwemer\Rubble\DLC2DweRubblePile02.nif
DLC2DweRubblePile03_Snow,04028B98,DLC02\Dungeons\Dwemer\Rubble\DLC2DweRubblePile03.nif
DLC2DweFloorRaised01_Snow,04028B99,DLC02\Dungeons\Dwemer\Rubble\DLC2DweFloorRaised01.nif
DLC2DweRubblePile01_Snow,04028B9A,DLC02\Dungeons\Dwemer\Rubble\DLC2DweRubblePile01.nif
DLC2DweHallBg4way01_Snow,04028B9F,DLC02\Dungeons\Dwemer\BgHalls\DLC2DweHallBg4way01.nif
DLC2dunFahlbtharzDweHallBg4way01_Snow,04028BA0,Dungeons\Dwemer\BgHalls\DweHallBg4way01.nif
DLC2dunFahlbtharzDweHallBg3way01_Snow,04028BA1,Dungeons\Dwemer\BgHalls\DweHallBg3way01.nif
DLC2dunFahlbtharzDweHallBg2way01_Snow,04028BA2,Dungeons\Dwemer\BgHalls\DweHallBg2way01.nif
DLC2dunFahlbtharzDweHallBgEndCapExBg01_Snow,04028BA7,Dungeons\Dwemer\BgHalls\DweHallBgEndCapExBg01.nif
DLC2ExpSpiderAlbinoEggs01,0402932D,Actors\DLC02\Spider_poison\CharacterAssets\ExpSpiderEggsAlbino01.nif
DLC2ExpSpiderAlbinoEggs02,0402932E,Actors\DLC02\Spider_poison\CharacterAssets\ExpSpiderEggsAlbino.nif
DLC2SkaalVilHouseWind04,04029451,DLC02\Architecture\SkaalVillage\DLC2SkaalVilHouseWind04.nif
DLC2SkaalVilFishHut01,04029452,DLC02\Architecture\SkaalVillage\DLC2SkaalVilFishHut01.nif
DLC2MountainCliff02_Ash,0402956E,Landscape\Mountains\MountainCliff02.nif
DLC2BasaltRubblePileFlat01CoastBeach,04029582,DLC02\Landscape\VolcanicCliffs\DLC2BasaltRubblePileFlat01.nif
DLC2BasaltSlab01CoastBeach,04029583,DLC02\Landscape\VolcanicCliffs\DLC2BasaltSlab01.nif
DLC2CliffBasaltMoundCoastBeach,04029584,DLC02\Landscape\VolcanicCliffs\DLC2CliffBasaltMound.nif
DLC2CliffBasaltStraightCoastBeach,04029585,DLC02\Landscape\VolcanicCliffs\DLC2CliffBasaltStraight.nif
DLC2BasaltRubblePile01CoastBeach,0402958D,DLC02\Landscape\VolcanicCliffs\DLC2BasaltRubblePile01.nif
DLC2SkaalVilShack02alt,04029705,DLC02\Architecture\SkaalVillage\DLC2SkaalVilShack02alt.nif
DLC2SkaalVilGreathall01,04029706,DLC02\Architecture\SkaalVillage\DLC2SkaalVilGreathall01.nif
CrateSmallLong03WeatheredLightSN,0402979B,Clutter\Common\CrateSmallLong03.nif
DLC2dunFahlbtharzDweRubblePileCeiling01_Snow,040298E0,Dungeons\Dwemer\Rubble\DweRubblePileCeiling01.nif
DLC2RieklingStand02Snow,040298F5,DLC02\Architecture\Riekling\DLC2RieklingStand02.nif
DLC2RieklingStand01Snow,040298F6,DLC02\Architecture\Riekling\DLC2RieklingStand01.nif
DLC2RieklingBridgeStart01Snow,040298F7,DLC02\Architecture\Riekling\DLC2RieklingBridgeStart01.nif
DLC2RieklingBridgePlatformSmallSnow,040298F8,DLC02\Architecture\Riekling\DLC2RieklingBridgePlatformSmall.nif
MountainCliffSlopeVolcanicAsh01,040299E3,Landscape\Mountains\MountainCliffSlope.nif
MQ03SkaalVillageBarrier01,04029D26,DLC02\Effects\MQ03SkaalVilliageBarrier.nif
RockShelf01VolcanicTundra02,04029D37,Landscape\Rocks\RockShelf01.nif
DLC2GlacierEndLg01_NoSN,04029EC6,DLC02\Landscape\Glaciers\DLC2GlacierEndLg01.nif
DLC2GlacierSlab01_NoSN,04029EC7,DLC02\Landscape\Glaciers\DLC2GlacierSlab01.nif
DLC2GlacierStraightLg01_NoSN,04029EC8,DLC02\Landscape\Glaciers\DLC2GlacierStraightLg01.nif
DLC2dunKarstaagIceWraithSummonPoint1,04029ECA,MarkerX.nif
DLC2dunKarstaagIceWraithSummonPoint2,04029ECB,MarkerX.nif
DLC2dunKarstaagIceWraithSummonPoint3,04029ECC,MarkerX.nif
DLC2RockPileS02VolcanicAsh01_Ash,04029F23,Landscape\Rocks\RockPileS02.nif
DLC2RockPileS01VolcanicAsh01_Ash,04029F24,Landscape\Rocks\RockPileS01.nif
DLC2RockPileS03VolcanicAsh01_Ash,04029F25,Landscape\Rocks\RockPileS03.nif
DLC2RockPileS04VolcanicAsh01_Ash,04029F28,Landscape\Rocks\RockPileS04.nif
DLC2RockPileS04VolcanicAshRocks01_Ash,04029F2B,Landscape\Rocks\RockPileS04.nif
RRBuildingInt01,0402A4A2,DLC02\Architecture\RavenRock\RRBuildingInt01.nif
ApoParWallSolid01,0402A750,DLC02\Dungeons\Apocrypha\Partitions\ApoParWallSolid01.nif
ApoParWallSolid02,0402A751,DLC02\Dungeons\Apocrypha\Partitions\ApoParWallSolid02.nif
ApoParWallWin01,0402A752,DLC02\Dungeons\Apocrypha\Partitions\ApoParWallWin01.nif
ApoPlatFree01,0402A753,DLC02\Dungeons\Apocrypha\Platform\ApoPlatFree01.nif
DLC2SkaalVilTotemArch01,0402A8E0,DLC02\Architecture\SkaalVillage\DLC2SkaalVilTotemArch01.nif
DLC2ApoShaft,0402A914,Dungeons\Dwemer\LgRooms\DweShaftMid01.nif
DLC2MapSolstheim01,0402AAB7,DLC02\Clutter\DLC2MapSolstheim01.nif
DLC2ImpExtTower01Dark_Ash,0402AD44,Dungeons\Imperial\Exterior\ImpExtTower01Dark.nif
DLC2ImpStableSingle01_AshLight,0402AD45,Dungeons\Imperial\StableKit\ImpStableSingle01.nif
DLC2ImpExtTowerShellStairs01_Ash,0402AD47,Dungeons\Imperial\Exterior\ImpExtTowerShellStairs01.nif
DLC2ImpExtRubble02_Ash,0402AD48,Dungeons\Imperial\Exterior\ImpExtRubble02.nif
DLC2ImpExtRubble04_Ash,0402AD62,Dungeons\Imperial\Exterior\ImpExtRubble04.nif
DLC2ImpExtRubble01_Ash,0402AD63,Dungeons\Imperial\Exterior\ImpExtRubble01.nif
DLC2ImpExtRubble03_Ash,0402AD64,Dungeons\Imperial\Exterior\ImpExtRubble03.nif
DLC2ArcheryTarget_Ash,0402AD65,Clutter\Common\ArcheryTarget01.nif
DLC2RieklingThrone,0402B243,DLC02\Clutter\Riekling\DLC2RieklingThrone.nif
DLC2SkaalVilFarmWell01,0402B246,DLC02\Architecture\SkaalVillage\DLC2SkaalVilFarmWell01.nif
DLC2RieklingCandle,0402B5F9,DLC02\Clutter\Riekling\DLC2RieklingCandle.nif
DLC2RuinsFloorCandleLampSmallOff02Snow,0402B6AF,Clutter\Ruins\RuinsFloorCandleLampSmOff.nif
DLC2RuinsFloorCandleLampSmallOffSnow,0402B6B0,Clutter\Ruins\RuinsFloorCandleLampSmOff02.nif
DLC2RuinsFloorCandleLampMidOff02Snow,0402B6B1,Clutter\Ruins\RuinsFloorCandleLampMidOff02.nif
DLC2ShipLongBoat01NoLOD,0402B6F8,Dungeons\Ship\ShipLongBoat01.nif
DLC2RockPileL02VolcanicAsh01,0402B82E,Landscape\Rocks\RockPileL02.nif
DLC2BasaltRubblePile02CoastBeach01_Ash,0402B8C2,DLC02\Landscape\VolcanicCliffs\DLC2BasaltRubblePile02.nif
NorExtRubblePiece01_HeavySN,0402BD93,Dungeons\Nordic\Rubble\NorRubblePiece01.nif
NorExtRubblePiece02_HeavySN,0402BD94,Dungeons\Nordic\Rubble\NorRubblePiece02.nif
NorExtRubblePiece05_HeavySN,0402BD95,Dungeons\Nordic\Rubble\NorRubblePiece05.nif
NorExtRubblePiece04_HeavySN,0402BD96,Dungeons\Nordic\Rubble\NorRubblePiece04.nif
NorRmShaftBeam01sn_Heavy,0402BD9A,Dungeons\Nordic\Shafts\NorRmShaftBeam01.nif
DLC2NchardakConsole01,0402BF1C,DLC02\Dungeons\Dwemer\Clutter\DLC2NchardakConsole.nif
1stPersonDLC2DwarvenBowKarztev01,0402C019,DLC02\Weapons\Dwarven\DwarvenBowKarztev01.nif
RockCliff08Rocks01_VolcanicAshTundra,0402C0AF,Landscape\Rocks\RockCliff08.nif
Campfire01LandOffDirtPath01,0402C0B1,Clutter\WoodFires\Campfire01LandOff.nif
RockPileL03VolcanicAshTundra02,0402C0D3,Landscape\Rocks\RockPileL03.nif
DLC2NorSec1wayRamp384ice,0402C124,Dungeons\Nordic\SecretPass\NorSec1wayRamp384.nif
DLC2RRBuilding02,0402C1DC,DLC02\Architecture\RavenRock\DLC2RRBuilding02.nif
DLC2RRBuilding01,0402C1E0,DLC02\Architecture\RavenRock\DLC2RRBuilding01.nif
DLC2ImperialTentSmallASH,0402C3FA,Architecture\Tents\SmallImperialTent.nif
DLC2NorTentSmallASH,0402C3FC,Architecture\Tents\SmallNordicTent01.nif
FirewoodPileLarge01ASH,0402C401,Clutter\Firewood\FirewoodPileLarge01.nif
DLC2ApocTenticlePatchFar01,0402C416,DLC02\Dungeons\Apocrypha\Clutter\DLC2ApocTenticlePatchFar01.nif
DLC2RieklingHorse,0402C58A,DLC02\Clutter\Riekling\DLC2RieklingHorse.nif
1stPersonAshmanWarAxe,04030CB3,DLC02\Weapons\Ashman\AshmanWaraxe1.nif
DLC2CaveIBalconyStraight01_ice,04030D12,Dungeons\Caves\Ice\Balcony\CaveIBalconyStraight01.nif
DLC2CaveIFBalconyCorner01_ice,04030D13,Dungeons\Caves\Ice\FrozenBalcony\CaveIFBalconyCorner01.nif
DLC2CaveIBalconyRamp01_ice,04030D14,Dungeons\Caves\Ice\Balcony\CaveIBalconyRamp01.nif
DLC2CaveIRoomDoor04_ice,04030D96,Dungeons\Caves\Ice\SmallRoom\CaveIRoomDoor04.nif
DLC2CaveIFBalconyShelf02_ice,04030E6C,Dungeons\Caves\Ice\FrozenBalcony\CaveIFBalconyShelf02.nif
DLC2TelvanniGourdHouseExt01,04030E94,DLC02\Architecture\TelvanniTower\DLC2TelvanniGourdHouseExt01.nif
DLC2TelvanniGourdHouseExt02,04030E95,DLC02\Architecture\TelvanniTower\DLC2TelvanniGourdHouseExt02.nif
DLC2TelvanniGourdHouseInt01,04030E96,DLC02\Architecture\TelvanniTower\DLC2TelvanniGourdHouseInt01.nif
DLC2TelvanniGourdHouseInt02,04030E97,DLC02\Architecture\TelvanniTower\DLC2TelvanniGourdHouseInt02.nif
DLC2TelvanniGourdHouseRamp01,04030E98,DLC02\Architecture\TelvanniTower\DLC2TelvanniGourdHouseRamp01.nif
DLC2TelvanniRoot01,04030E99,DLC02\Architecture\TelvanniTower\DLC2TelvanniRoot01.nif
DLC2TelvanniRoot02,04030E9A,DLC02\Architecture\TelvanniTower\DLC2TelvanniRoot02.nif
DLC2TelvanniRootBridge01,04030E9B,DLC02\Architecture\TelvanniTower\DLC2TelvanniRootBridge01.nif
DLC2TelvanniTowerMain01,04030E9C,DLC02\Architecture\TelvanniTower\DLC2TelvanniTowerMain01.nif
DLC2TelvanniTowerMainInt01,04030E9D,DLC02\Architecture\TelvanniTower\DLC2TelvanniTowerMainInt01.nif
DLC2SkaalVilCastleIntRoofBump01,04031094,DLC02\Architecture\SkaalVillage\DLC2SkaalVilCastleIntRoofBump01.nif
DLC2SkaalVilCastleRoofBaseStr01,04031097,DLC02\Architecture\SkaalVillage\DLC2SkaalVilCastleRoofBaseStr01.nif
DLC2SkaalVilCastleFreePillar01,04031098,DLC02\Architecture\SkaalVillage\DLC2SkaalVilCastleFreePillar01.nif
DLC2SkaalVilPlatform01,04031099,DLC02\Architecture\SkaalVillage\DLC2SkaalVilPlatform01.nif
DLC2SkaalVilCastleIntDoorway01,0403109A,DLC02\Architecture\SkaalVillage\DLC2SkaalVilCastleIntDoorway01.nif
1stPersonAshmanBattleAxe,040317D2,DLC02\Weapons\Ashman\AshmanBattleaxe1.nif
ApoRoundChamber01,04031A5C,DLC02\Dungeons\Apocrypha\Custom\ApoRoundChamber01.nif
DLC2CommonShelfNarrow01,04031AC6,DLC02\Clutter\Common\DLC2CommonShelfNarrow01.nif
DLC2CommonShelfNarrow02,04031AC7,DLC02\Clutter\Common\DLC2CommonShelfNarrow02.nif
DLC2CommonTableThin01,04031AC8,DLC02\Clutter\Common\DLC2CommonTableThin01.nif
DLC2CommonTableLow01,04031ACA,DLC02\Clutter\Common\DLC2CommonTableLow01.nif
DLC2CommonShelfWall01,04031AD6,DLC02\Clutter\Common\DLC2CommonShelfWall01.nif
DLC2RoadStraight01,04031B39,Landscape\Roads\RoadStraight01.nif
DLC2RoadChunkL01,04031B3C,Landscape\Roads\RoadChunkL01.nif
DLC2RoadChunkL02,04031B3D,Landscape\Roads\RoadChunkL02.nif
DLC2RoadChunkL03,04031B3E,Landscape\Roads\RoadChunkL03.nif
DLC2RoadChunkM01,04031B40,Landscape\Roads\RoadChunkM01.nif
DLC2RoadChunkM02,04031B44,Landscape\Roads\RoadChunkM02.nif
DLC2RoadChunkS01,04031B47,Landscape\Roads\RoadChunkS01.nif
DLC2NorHallBg1wayToMineC01,04031C6A,Dungeons\Nordic\BgHalls\NorHallBg1wayToCaveG01.nif
DLC2DragonBoneTail_Segment02,04031D4E,DLC02\Clutter\DragonBones\DLC2DragonBoneTail_Segment02.nif
DLC2DragonBoneTail_Segment01,04031D4F,DLC02\Clutter\DragonBones\DLC2DragonBoneTail_Segment01.nif
DLC2DragonBoneTail_Full,04031D50,DLC02\Clutter\DragonBones\DLC2DragonBoneTail_Full.nif
DLC2DragonBoneNeck,04031D51,DLC02\Clutter\DragonBones\DLC2DragonBoneNeck.nif
DLC2DragonBoneLeg_R,04031D52,DLC02\Clutter\DragonBones\DLC2DragonBoneLeg_R.nif
DLC2DragonBoneLeg_L,04031D53,DLC02\Clutter\DragonBones\DLC2DragonBoneLeg_L.nif
DLC2DragonBoneHead,04031D54,DLC02\Clutter\DragonBones\DLC2DragonBoneHead.nif
DLC2DragonBoneWing_R,04031D55,DLC02\Clutter\DragonBones\DLC2DragonBoneWing_R.nif
DLC2DragonBoneWing_L,04031D56,DLC02\Clutter\DragonBones\DLC2DragonBoneWing_L.nif
DLC2DragonBoneTorso,04031D57,DLC02\Clutter\DragonBones\DLC2DragonBoneTorso.nif
DLC2DragonBoneTail_Segment03,04031D58,DLC02\Clutter\DragonBones\DLC2DragonBoneTail_Segment03.nif
DLC2DragonBoneHead_Snow,04031D59,DLC02\Clutter\DragonBones\DLC2DragonBoneHead.nif
DLC2DragonBoneLeg_L_Snow,04031D5A,DLC02\Clutter\DragonBones\DLC2DragonBoneLeg_L.nif
DLC2DragonBoneLeg_R_Snow,04031D5B,DLC02\Clutter\DragonBones\DLC2DragonBoneLeg_R.nif
DLC2DragonBoneNeck_Snow,04031D5C,DLC02\Clutter\DragonBones\DLC2DragonBoneNeck.nif
DLC2DragonBoneTail_Full_Snow,04031D5D,DLC02\Clutter\DragonBones\DLC2DragonBoneTail_Full.nif
DLC2DragonBoneTail_Segment01_Snow,04031D5E,DLC02\Clutter\DragonBones\DLC2DragonBoneTail_Segment01.nif
DLC2DragonBoneTail_Segment02_Snow,04031D5F,DLC02\Clutter\DragonBones\DLC2DragonBoneTail_Segment02.nif
DLC2DragonBoneTail_Segment03_Snow,04031D60,DLC02\Clutter\DragonBones\DLC2DragonBoneTail_Segment03.nif
DLC2DragonBoneTorso_Snow,04031D61,DLC02\Clutter\DragonBones\DLC2DragonBoneTorso.nif
DLC2DragonBoneWing_L_Snow,04031D62,DLC02\Clutter\DragonBones\DLC2DragonBoneWing_L.nif
DLC2DragonBoneWing_R_Snow,04031D63,DLC02\Clutter\DragonBones\DLC2DragonBoneWing_R.nif
CaveIRPillar06_NoSnow,04031F62,Dungeons\Caves\Ice\Pillars\CaveIRPillar06.nif
DLC2CommonDesk01,04031F91,DLC02\Clutter\Common\DLC2CommonDesk01.nif
DLC2VahloksTombCombatPuzzlePillar01,04032233,DLC02\Dungeons\Nordic\Animated\CombatPuzzle01\CombatPuzzlePillar01.nif
ApoWordWallBase01,04032293,DLC02\Dungeons\Apocrypha\Custom\ApoWordWallBase01.nif
DLC2DweClutterTrough01,040322B0,DLC02\Dungeons\Dwemer\Clutter\DLC2DweClutterTrough01.nif
MountainCliff02_Ice,04032334,Landscape\Mountains\MountainCliff02.nif
DLC2SVShIntRoofCorL,040323F4,DLC02\Architecture\SkaalVillage\DLC2SVShIntRoofCorL.nif
DLC2SVShIntRoofCorR,040323F5,DLC02\Architecture\SkaalVillage\DLC2SVShIntRoofCorR.nif
DLC2SVShIntRoofStr01,040323F6,DLC02\Architecture\SkaalVillage\DLC2SVShIntRoofStr01.nif
DLC2SVIntRoofCorL01A,040323F7,DLC02\Architecture\SkaalVillage\DLC2SVIntRoofCorL01A.nif
DLC2SVIntRoofCorR01A,040323F8,DLC02\Architecture\SkaalVillage\DLC2SVIntRoofCorR01A.nif
DLC2SVIntRoofStr01,040323F9,DLC02\Architecture\SkaalVillage\DLC2SVIntRoofStr01.nif
DLC2SVIntRoofSTCorR,040323FA,DLC02\Architecture\SkaalVillage\DLC2SVIntRoofSTCorR.nif
DLC2SVIntRoofCorR01,040323FB,DLC02\Architecture\SkaalVillage\DLC2SVIntRoofCorR01.nif
DLC2RRTunnel01,0403244A,DLC02\Architecture\RavenRock\DLC2RRTunnel01.nif
RedoranHut03,04032467,DLC02\Architecture\RavenRock\Redoran\RedoranHut03.nif
RedoranHut02,04032468,DLC02\Architecture\RavenRock\Redoran\RedoranHut02.nif
RedoranEntrance01,0403246B,DLC02\Architecture\RavenRock\Redoran\RedoranEntrance01.nif
RedoranHut04,04032487,DLC02\Architecture\RavenRock\Redoran\RedoranHut04.nif
DLC2RoadCurve90R01,0403248B,Landscape\Roads\RoadCurve90R01.nif
RedoranTemple01,040324AA,DLC02\Architecture\RavenRock\Redoran\RedoranTemple01.nif
DLC2dunHaknirsLandscapeFloor01,040325F7,DLC02\Clutter\AshPiles\DLC2dunKolbjornAshFloor.nif
DLC2PuzzleDoorLargeWheel06Static,0403270D,Dungeons\Nordic\Doors\Animated\PuzzleDoor\PuzzleDoorLargeWheel06.nif
DLC2PuzzleDoorSmallWheel03Static,0403270E,Dungeons\Nordic\Doors\Animated\PuzzleDoor\PuzzleDoorSmallWheel03.nif
DLC2PuzzleDoorMediumWheel06Static,0403270F,Dungeons\Nordic\Doors\Animated\PuzzleDoor\PuzzleDoorMediumWheel06.nif
DLC2NorTmpExtPlatCorIn01_LightSN,0403280D,Dungeons\Nordic\Exterior\NorTmpExtPlatCorIn01.nif
DLC2NorTmpExtPlatCorDblEnd01_LightSN,0403280E,Dungeons\Nordic\Exterior\NorTmpExtPlatCorDblEnd01.nif
DLC2NorTmpExtPlatWall02_LightSN02,0403280F,Dungeons\Nordic\Exterior\NorTmpExtPlatWall02.nif
DLC2NorTmpExtPlatMid02_LightSN,04032810,Dungeons\Nordic\Exterior\NorTmpExtPlatMid02.nif
DLC2NorExtWallBgStairsSingle01_LightSN,04032811,Dungeons\Nordic\Exterior\Walls\NorExtWallBgStairsSingle01.nif
DLC2NorExtWallBg1WayArch01_LightSN,04032812,Dungeons\Nordic\Exterior\Walls\NorExtWallBg1WayArch01.nif
DLC2NorTmpExtPlatExSmFree01_LightSN,04032813,Dungeons\Nordic\Exterior\NorTmpExtPlatExSmFree01.nif
DLC2NorTempleEntranceHall01Snow,0403288C,Dungeons\Nordic\Exterior\NorTempleEntranceHall01.nif
DLC2StalhrimOrePile,04032A5F,DLC02\Clutter\DLC2StalhrimPile.nif
DLC2StalhrimOrePile02,04032A61,DLC02\Clutter\DLC2StalhrimPile02.nif
DLC2RockCairn04Ash,04032FED,Landscape\Rocks\Cairns\RockCairn04.nif
DLC2RockCairn03Ash,04032FEE,Landscape\Rocks\Cairns\RockCairn03.nif
DLC2RockCairn02Ash,04032FEF,Landscape\Rocks\Cairns\RockCairn02.nif
DLC2RockCairn01Ash,04032FF0,Landscape\Rocks\Cairns\RockCairn01.nif
RRBulwarkIntEnd03,0403336B,DLC02\Architecture\RavenRock\Bulwark\RRBulwarkIntEnd03.nif
DLC2RRCaveGHall2Way01c,0403336C,DLC02\Architecture\RavenRock\Bulwark\DLC2RRCaveGHall2Way01c.nif
DLC2NorPitWallSideToRmBgSideL01_ice,04033421,Dungeons\Nordic\Pits\NorPitWallSideToRmBgSideL01.nif
DLC2NorPitWallSideToRmBgSideR01ice,04033422,Dungeons\Nordic\Pits\NorPitWallSideToRmBgSideR01.nif
DLC2RavenRockMineLHallEntrance01,040335B9,Dungeons\Mines\MineLargeHall\MineLHallEntrance01.nif
DLC2RavenRockMineLHall2Way01,040335BE,Dungeons\Mines\MineLargeHall\MineLHall2Way01.nif
RedoranHutInterior01,040336D3,DLC02\Architecture\RavenRock\Redoran\RedoranHutInterior01.nif
DLC2TreePineShortHeavySnow01,0403383C,DLC02\Landscape\Trees\DLC2TreePineShortHeavySnow01.nif
DLC2TreePineShortHeavySnow,0403383D,DLC02\Landscape\Trees\DLC2TreePineShortHeavySnow.nif
ApoStacksWallBendTop01,04033954,DLC02\Dungeons\Apocrypha\Stacks\ApoStacksWallBendTop01.nif
ApoStacksWallStraightTop01,04033955,DLC02\Dungeons\Apocrypha\Stacks\ApoStacksWallStraightTop01.nif
MineCEICorner01Fix,04033956,DLC02\Dungeons\Mines\CaveEpic\MineCEICorner01Fix.nif
MineCEICorner01HoleFix,04033957,DLC02\Dungeons\Mines\CaveEpic\MineCEICorner01HoleFix.nif
MineCEICorner02Fix,04033958,DLC02\Dungeons\Mines\CaveEpic\MineCEICorner02Fix.nif
MineCEICorner02HoleFix,04033959,DLC02\Dungeons\Mines\CaveEpic\MineCEICorner02HoleFix.nif
MineCEICorner03Fix,0403395A,DLC02\Dungeons\Mines\CaveEpic\MineCEICorner03Fix.nif
MineCEICorner03HoleFix,0403395B,DLC02\Dungeons\Mines\CaveEpic\MineCEICorner03HoleFix.nif
MineCEICorner04Fix,0403395C,DLC02\Dungeons\Mines\CaveEpic\MineCEICorner04Fix.nif
MineCEICorner04HoleFix,0403395D,DLC02\Dungeons\Mines\CaveEpic\MineCEICorner04HoleFix.nif
DLC2Spit01SNOW,04033C52,Clutter\WoodFires\Spit01.nif
ApoExtTowerArchBig01,04033C8C,DLC02\Dungeons\Apocrypha\Exterior\ApoExtTowerArchBig01.nif
RedoranHutIntHall01,04033D17,DLC02\Architecture\RavenRock\Redoran\RedoranHutIntHall01.nif
DLC2MapSolstheim02,04033E43,DLC02\Clutter\DLC2MapSolstheim02.nif
DLC2TelvanniGourdHouseInt03,04033EB9,DLC02\Architecture\TelvanniTower\DLC2TelvanniGourdHouseInt03.nif
DLC2TelvanniGourdHouseInt04,04033EBB,DLC02\Architecture\TelvanniTower\DLC2TelvanniGourdHouseInt04.nif
DLC2TelvanniGourdHouseInt05,04033EBC,DLC02\Architecture\TelvanniTower\DLC2TelvanniGourdHouseInt05.nif
DLC2TelvanniGourdHouseInt06,04033EBD,DLC02\Architecture\TelvanniTower\DLC2TelvanniGourdHouseInt06.nif
FrozenMarshIceFloeM01_SN,04033ED9,Landscape\Ice\FrozenMarshIceFloeM01.nif
FrozenMarshIceFloeL01_SN,04033EDA,Landscape\Ice\FrozenMarshIceFloeL01.nif
DLC02NorSarcophagusVertBottom03SNOW,0403476A,Clutter\Ruins\RuinsSarcophagusVert03.nif
DLC2NorSarcophagusBroken01chunkSNOW,040347AB,Clutter\Ruins\RuinsFurnitureRubble02.nif
DLC2MiraakTeleportMarker01,04034818,Markers\CivilWarMarkers\CWAttMelee01A.nif
DLC2MiraakTeleportMarker02,0403481A,Markers\CivilWarMarkers\CWAttMelee02A.nif
DLC2MiraakTeleportMarker03,0403481C,Markers\CivilWarMarkers\CWAttMelee03A.nif
RedoranHutInt4Way01,0403498D,DLC02\Architecture\RavenRock\Redoran\RedoranHutInt4Way01.nif
RedoranHutInt3Way01,0403498E,DLC02\Architecture\RavenRock\Redoran\RedoranHutInt3Way01.nif
RedoranHutIntCorner01,0403498F,DLC02\Architecture\RavenRock\Redoran\RedoranHutIntCorner01.nif
RedoranHutIntEnt01,04034999,DLC02\Architecture\RavenRock\Redoran\RedoranHutIntEnt01.nif
RedoranHutIntCap01,040349F2,DLC02\Architecture\RavenRock\Redoran\RedoranHutIntCap01.nif
RedoranHutIntStairs01,04034A1F,DLC02\Architecture\RavenRock\Redoran\RedoranHutIntStairs01.nif
ApoDarkPoolFree01,04034BA7,DLC02\Dungeons\Apocrypha\Clutter\ApoDarkPoolFree01.nif
DLC2_MineCBoulderPileS02_Ash,04034BF3,Dungeons\Mines\Rocks\MineCBoulderPileS02.nif
RRBuildingInt02,0403500E,DLC02\Architecture\RavenRock\RRBuildingInt02.nif
RRBuildingInt02Basement,0403500F,DLC02\Architecture\RavenRock\RRBuildingInt02Basement.nif
RRBuildingInt02Floor,04035010,DLC02\Architecture\RavenRock\RRBuildingInt02Floor.nif
RRBuildingInt03,04035016,DLC02\Architecture\RavenRock\RRBuildingInt03.nif
RRBuildingFloor01,04035019,DLC02\Architecture\RavenRock\RRBuildingFloor01.nif
RRBuildingInt03A,04035027,DLC02\Architecture\RavenRock\RRBuildingInt03A.nif
RedoranWell01,0403514E,DLC02\Architecture\RavenRock\Redoran\RedoranWell01.nif
RedoranAshPit01,04035150,DLC02\Architecture\RavenRock\Redoran\RedoranAshPit01.nif
ApoControlRing01Snow_H,04035346,DLC02\Dungeons\Apocrypha\Exterior\ControlRing\ApoControlRing01.nif
ApoControlRing01SAsh,04035348,DLC02\Dungeons\Apocrypha\Exterior\ControlRing\ApoControlRing01.nif
ApoControlRingArchPart01Ash_L,0403534A,DLC02\Dungeons\Apocrypha\Exterior\ControlRing\ApoControlRingArchPart01.nif
ApoControlRing01,0403534D,DLC02\Dungeons\Apocrypha\Exterior\ControlRing\ApoControlRing01.nif
ApoApoControlRingStones01VolcanicTundraRocks01,0403534F,DLC02\Dungeons\Apocrypha\Exterior\ApoApoControlRingStones01.nif
ApoApoControlRingStones01VolcanicAsh01,04035350,DLC02\Dungeons\Apocrypha\Exterior\ApoApoControlRingStones01.nif
DLC2MiraakTeleportMarker06,040354BF,Markers\CivilWarMarkers\CWDefMelee01A.nif
DLC2MiraakTeleportMarker04,040354C0,Markers\CivilWarMarkers\CWAttMelee04A.nif
DLC2MiraakTeleportMarker05,040354C1,Markers\CivilWarMarkers\CWAttMelee05A.nif
DLC2TelMithrynDiseased01,04035806,DLC02\Architecture\TelvanniTower\DLC2TelMithrynDiseased01.nif
DLC2TelMithrynDiseasedDUPLICATE002,04035825,DLC02\Architecture\TelvanniTower\DLC2TelMithrynDiseased01.nif
DLC2RieklingBridgePlatform01Snow,04035A87,DLC02\Architecture\Riekling\DLC2RieklingBridgePlatform01.nif
DLC2ShipwreckLarge04Snow,04035A88,Dungeons\Ship\ShipwreckLarge04.nif
DLC2ShipwreckLarge03Snow,04035A89,Dungeons\Ship\ShipwreckLarge03.nif
RedoranHutInterior03,04035D2D,DLC02\Architecture\RavenRock\Redoran\RedoranHutInterior03.nif
RedoranHutInterior02,04035D2E,DLC02\Architecture\RavenRock\Redoran\RedoranHutInterior02.nif
RedoranAshPit02,04035D52,DLC02\Architecture\RavenRock\Redoran\RedoranAshPit02.nif
DLC2BoneHumanRibcageFullStaticAsh,04035D6E,Clutter\Bones\HumanRibcageFullStatic.nif
DLC2BoneHumanArmLStaticAsh,04035D70,Clutter\Bones\HumanArmLeftStatic.nif
DLC2BoneHumanFootLStaticAsh,04035D72,Clutter\Bones\HumanFootLeftStatic.nif
DLC2BoneHumanFootRStaticAsh,04035D75,Clutter\Bones\HumanFootRightStatic.nif
DLC2BoneHumanLegRStaticAsh,04035D77,Clutter\Bones\HumanLegRightStatic.nif
DLC2BoneHumanSkullFullStaticAsh,04035D79,Clutter\Bones\HumanSkullFullStatic.nif
DLC2BoneHumanSpineStaticAsh,04035D81,Clutter\Bones\SpineStatic.nif
DLC2BoneHumanSkullStaticAsh,04035D85,Clutter\Bones\HumanSkullStatic.nif
DLC2BoneHumanHandLStaticAsh,04035FBF,Clutter\Bones\HumanHandLeftStatic.nif
RRBulwarkIntBend01,040361F9,DLC02\Architecture\RavenRock\Bulwark\RRBulwarkIntBend01.nif
RRBulwarkIntStr03,040361FB,DLC02\Architecture\RavenRock\Bulwark\RRBulwarkIntStr03.nif
ApoExtTowerBase02,040362AC,DLC02\Dungeons\Apocrypha\Exterior\ApoExtTowerBase02.nif
ApoExtTowerBaseDiasCover01,040362AD,DLC02\Dungeons\Apocrypha\Animated\TowerDias\ApoExtTowerBaseDiasCover01.nif
ApoExtTowerBaseDiasCover02,040362AE,DLC02\Dungeons\Apocrypha\Animated\TowerDias\ApoExtTowerBaseDiasCover02.nif
DLC2SVIntCeilMid01Chimney01,040362BA,DLC02\Architecture\SkaalVillage\DLC2SVIntCeilMid01Chimney01.nif
DLC2SVIntStrDoor01,040362BB,DLC02\Architecture\SkaalVillage\DLC2SVIntStrDoor01.nif
DLC2SVIntStr01,040362BC,DLC02\Architecture\SkaalVillage\DLC2SVIntStr01.nif
MineLHallEntrance02SNOW,04036591,Dungeons\Mines\MineLargeHall\MineLHallEntrance02.nif
1stPersonMiraak,040365F7,DLC02\Weapons\Miraak\Miraak.nif
1stPersonGeneralHammer,040365F8,DLC02\Weapons\Hammer\Hammer.nif
1stPersonHrothmundsAxe,040365FA,DLC02\Weapons\HrothmundsAxe\HrothmundsAxe.nif
1stPersonBloodskalBlade,040365FC,DLC02\Weapons\BloodSword\BloodSword.nif
DLC2TelvanniGourdHouseExt01_LOD,0403666E,DLC02\LOD\TelvanniTower\DLC2TelvanniGourdHouseExt01_LOD.nif
DLC2TelvanniGourdHouseRamp01_LOD,0403666F,DLC02\LOD\TelvanniTower\DLC2TelvanniGourdHouseRamp01_LOD.nif
DLC2TelvanniGourdHouseExt02_LOD,04036670,DLC02\LOD\TelvanniTower\DLC2TelvanniGourdHouseExt02_LOD.nif
DLC2MushroomMain01_LOD,04036671,DLC02\LOD\TelvanniTower\DLC2MushroomMain01_LOD.nif
RockCart01,04036692,DLC02\Clutter\Misc\RockCart01.nif
RockCartPile01,04036693,DLC02\Clutter\Misc\RockCartPile01.nif
DLC2GlowFillBlack,04036A73,DLC02\Effects\DLC2GlowFillBlack.nif
DLC2RieklingBridgePlatformSmallIce,0403703C,DLC02\Architecture\Riekling\DLC2RieklingBridgePlatformSmall.nif
CaveIBoulderLDUPLICATE004,04037260,Dungeons\Caves\Ice\Rocks\CaveIBoulderL03.nif
CaveIBoulderLDUPLICATE005,04037261,Dungeons\Caves\Ice\Rocks\CaveIBoulderL03.nif
CaveIBoulderL03_noSnow,04037262,Dungeons\Caves\Ice\Rocks\CaveIBoulderL03.nif
ApoStacksFull01Low,040373EB,DLC02\Dungeons\Apocrypha\Stacks\ApoStacksFull01Low.nif
ApoStacksDouble01Low,040373EC,DLC02\Dungeons\Apocrypha\Stacks\ApoStacksDouble01Low.nif
ApoStacksTriple01Low,040373ED,DLC02\Dungeons\Apocrypha\Stacks\ApoStacksTriple01Low.nif
ApoStacksArchTriple01Low,040373EE,DLC02\Dungeons\Apocrypha\Stacks\ApoStacksArchTriple01Low.nif
ApoStacksArchDouble01Low,040373EF,DLC02\Dungeons\Apocrypha\Stacks\ApoStacksArchDouble01Low.nif
RRBulwarkLower01,04037AEF,DLC02\Architecture\RavenRock\Bulwark\RRBulwarkLower01.nif
RRBulwarkLower02,04037AF0,DLC02\Architecture\RavenRock\Bulwark\RRBulwarkLower02.nif
RRBulwarkLower03,04037AF1,DLC02\Architecture\RavenRock\Bulwark\RRBulwarkLower03.nif
RRBulwarkIntEnd04,04037AF7,DLC02\Architecture\RavenRock\Bulwark\RRBulwarkIntEnd04.nif
DLC2SVIntRoofCorL01OpenA,04037D8F,DLC02\Architecture\SkaalVillage\DLC2SVIntRoofCorL01OpenA.nif
MAGINVApocryphaReward,04038305,DLC02\Magic\MAGINVApocryphaReward.nif
DLC2DweFacadeBalcony01_LOD,040384BF,DLC02\LOD\Dwemer\DLC2DweFacadeBalcony01_LOD.nif
DLC2DweFacadeBalcony01_LOD_1,040384C0,DLC02\LOD\Dwemer\DLC2DweFacadeBalcony01_LOD_1.nif
DLC2DweFacadeBalconyCap01_LOD,040384C1,DLC02\LOD\Dwemer\DLC2DweFacadeBalconyCap01_LOD.nif
DLC2DweFacadeBalconyCap01_LOD_1,040384C2,DLC02\LOD\Dwemer\DLC2DweFacadeBalconyCap01_LOD_1.nif
DLC2DweFacadeBalconyMid01_LOD,040384C3,DLC02\LOD\Dwemer\DLC2DweFacadeBalconyMid01_LOD.nif
DLC2DweFacadeBalconyMid01_LOD_1,040384C4,DLC02\LOD\Dwemer\DLC2DweFacadeBalconyMid01_LOD_1.nif
DLC2DweFacadeBridge01_LOD,040384C5,DLC02\LOD\Dwemer\DLC2DweFacadeBridge01_LOD.nif
DLC2DweFacadeBridge01_LOD_1,040384C6,DLC02\LOD\Dwemer\DLC2DweFacadeBridge01_LOD_1.nif
DLC2DweFacadeBridgeCurve01_LOD,040384C7,DLC02\LOD\Dwemer\DLC2DweFacadeBridgeCurve01_LOD.nif
DLC2DweFacadeBridgeCurve01_LOD_1,040384C8,DLC02\LOD\Dwemer\DLC2DweFacadeBridgeCurve01_LOD_1.nif
DLC2DweFacadeBridgeCurve02_LOD,040384C9,DLC02\LOD\Dwemer\DLC2DweFacadeBridgeCurve02_LOD.nif
DLC2DweFacadeBridgeCurve02_LOD_1,040384CA,DLC02\LOD\Dwemer\DLC2DweFacadeBridgeCurve02_LOD_1.nif
DLC2DweFacadeBridgeRampCCW01_LOD,040384CB,DLC02\LOD\Dwemer\DLC2DweFacadeBridgeRampCCW01_LOD.nif
DLC2DweFacadeBridgeRampCCW01_LOD_1,040384CC,DLC02\LOD\Dwemer\DLC2DweFacadeBridgeRampCCW01_LOD_1.nif
DLC2DweFacadeBridgeRampCW01_LOD,040384CD,DLC02\LOD\Dwemer\DLC2DweFacadeBridgeRampCW01_LOD.nif
DLC2DweFacadeBridgeRampCW01_LOD_1,040384CE,DLC02\LOD\Dwemer\DLC2DweFacadeBridgeRampCW01_LOD_1.nif
DLC2DweFacadeColumnXLgFree01_LOD,040384CF,DLC02\LOD\Dwemer\DLC2DweFacadeColumnXLgFree01_LOD.nif
DLC2DweFacadeColumnXLgFree01_LOD_1,040384D0,DLC02\LOD\Dwemer\DLC2DweFacadeColumnXLgFree01_LOD_1.nif
DLC2DweFacadeFreeExBg01_LOD,040384D1,DLC02\LOD\Dwemer\DLC2DweFacadeFreeExBg01_LOD.nif
DLC2DweFacadeFreeExBg01_LOD_1,040384D2,DLC02\LOD\Dwemer\DLC2DweFacadeFreeExBg01_LOD_1.nif
DLC2DweFacadePartition01_LOD,040384D3,DLC02\LOD\Dwemer\DLC2DweFacadePartition01_LOD.nif
DLC2DweFacadePartition01_LOD_1,040384D4,DLC02\LOD\Dwemer\DLC2DweFacadePartition01_LOD_1.nif
DLC2DweFacadePartition2x1_LOD,040384D5,DLC02\LOD\Dwemer\DLC2DweFacadePartition2x1_LOD.nif
DLC2DweFacadePartition2x1_LOD_1,040384D6,DLC02\LOD\Dwemer\DLC2DweFacadePartition2x1_LOD_1.nif
DLC2DweFacadePartitionBase01_LOD,040384D7,DLC02\LOD\Dwemer\DLC2DweFacadePartitionBase01_LOD.nif
DLC2DweFacadePartitionBase01_LOD_1,040384D8,DLC02\LOD\Dwemer\DLC2DweFacadePartitionBase01_LOD_1.nif
DLC2DweFacadePartitionBaseMid01_LOD,040384D9,DLC02\LOD\Dwemer\DLC2DweFacadePartitionBaseMid01_LOD.nif
DLC2DweFacadePartitionBaseMid01_LOD_1,040384DA,DLC02\LOD\Dwemer\DLC2DweFacadePartitionBaseMid01_LOD_1.nif
DLC2DweFacadeTower01_LOD,040384DB,DLC02\LOD\Dwemer\DLC2DweFacadeTower01_LOD.nif
DLC2DweFacadeTower01_LOD_1,040384DC,DLC02\LOD\Dwemer\DLC2DweFacadeTower01_LOD_1.nif
DLC2DweFacadeTower1x2_LOD,040384DD,DLC02\LOD\Dwemer\DLC2DweFacadeTower1x2_LOD.nif
DLC2DweFacadeTower1x2_LOD_1,040384DE,DLC02\LOD\Dwemer\DLC2DweFacadeTower1x2_LOD_1.nif
DLC2DweFacadeTower1x3_LOD,040384DF,DLC02\LOD\Dwemer\DLC2DweFacadeTower1x3_LOD.nif
DLC2DweFacadeTower1x3_LOD_1,040384E0,DLC02\LOD\Dwemer\DLC2DweFacadeTower1x3_LOD_1.nif
DLC2DweFacadeTower1x4_LOD,040384E1,DLC02\LOD\Dwemer\DLC2DweFacadeTower1x4_LOD.nif
DLC2DweFacadeTower1x4_LOD_1,040384E2,DLC02\LOD\Dwemer\DLC2DweFacadeTower1x4_LOD_1.nif
DLC2DweFacadeTower02_LOD,040384E3,DLC02\LOD\Dwemer\DLC2DweFacadeTower02_LOD.nif
DLC2DweFacadeTower02_LOD_1,040384E4,DLC02\LOD\Dwemer\DLC2DweFacadeTower02_LOD_1.nif
DLC2DweFacadeTower2x2_LOD,040384E5,DLC02\LOD\Dwemer\DLC2DweFacadeTower2x2_LOD.nif
DLC2DweFacadeTower2x2_LOD_1,040384E6,DLC02\LOD\Dwemer\DLC2DweFacadeTower2x2_LOD_1.nif
DLC2DweFacadeTower2x3_LOD,040384E7,DLC02\LOD\Dwemer\DLC2DweFacadeTower2x3_LOD.nif
DLC2DweFacadeTower2x3_LOD_1,040384E8,DLC02\LOD\Dwemer\DLC2DweFacadeTower2x3_LOD_1.nif
DLC2DweFacadeTower2x4_LOD,040384E9,DLC02\LOD\Dwemer\DLC2DweFacadeTower2x4_LOD.nif
DLC2DweFacadeTower2x4_LOD_1,040384EA,DLC02\LOD\Dwemer\DLC2DweFacadeTower2x4_LOD_1.nif
DLC2DweFacadeTower03_LOD,040384EB,DLC02\LOD\Dwemer\DLC2DweFacadeTower03_LOD.nif
DLC2DweFacadeTower03_LOD_1,040384EC,DLC02\LOD\Dwemer\DLC2DweFacadeTower03_LOD_1.nif
DLC2DweFacadeTower3x2_LOD,040384ED,DLC02\LOD\Dwemer\DLC2DweFacadeTower3x2_LOD.nif
DLC2DweFacadeTower3x2_LOD_1,040384EE,DLC02\LOD\Dwemer\DLC2DweFacadeTower3x2_LOD_1.nif
DLC2DweFacadeTower3x3_LOD,040384EF,DLC02\LOD\Dwemer\DLC2DweFacadeTower3x3_LOD.nif
DLC2DweFacadeTower3x3_LOD_1,040384F0,DLC02\LOD\Dwemer\DLC2DweFacadeTower3x3_LOD_1.nif
DLC2DweFacadeTower3x4_LOD,040384F1,DLC02\LOD\Dwemer\DLC2DweFacadeTower3x4_LOD.nif
DLC2DweFacadeTower3x4_LOD_1,040384F2,DLC02\LOD\Dwemer\DLC2DweFacadeTower3x4_LOD_1.nif
DLC2DweFacadeTowerArch01_LOD,040384F3,DLC02\LOD\Dwemer\DLC2DweFacadeTowerArch01_LOD.nif
DLC2DweFacadeTowerArch01_LOD_1,040384F4,DLC02\LOD\Dwemer\DLC2DweFacadeTowerArch01_LOD_1.nif
DLC2DweFacadeTowerArch1x2_LOD,040384F5,DLC02\LOD\Dwemer\DLC2DweFacadeTowerArch1x2_LOD.nif
DLC2DweFacadeTowerArch1x2_LOD_1,040384F6,DLC02\LOD\Dwemer\DLC2DweFacadeTowerArch1x2_LOD_1.nif
DLC2DweFacadeTowerArch1x3_LOD,040384F7,DLC02\LOD\Dwemer\DLC2DweFacadeTowerArch1x3_LOD.nif
DLC2DweFacadeTowerArch1x3_LOD_1,040384F8,DLC02\LOD\Dwemer\DLC2DweFacadeTowerArch1x3_LOD_1.nif
DLC2DweFacadeTowerArch1x3Hall_LOD,040384F9,DLC02\LOD\Dwemer\DLC2DweFacadeTowerArch1x3Hall_LOD.nif
DLC2DweFacadeTowerArch1x3Hall_LOD_1,040384FA,DLC02\LOD\Dwemer\DLC2DweFacadeTowerArch1x3Hall_LOD_1.nif
DLC2DweFacadeTowerArch1x4_LOD,040384FB,DLC02\LOD\Dwemer\DLC2DweFacadeTowerArch1x4_LOD.nif
DLC2DweFacadeTowerArch1x4_LOD_1,040384FC,DLC02\LOD\Dwemer\DLC2DweFacadeTowerArch1x4_LOD_1.nif
DLC2DweFacadeTowerArch1x4Hall_LOD,040384FD,DLC02\LOD\Dwemer\DLC2DweFacadeTowerArch1x4Hall_LOD.nif
DLC2DweFacadeTowerArch1x4Hall_LOD_1,040384FE,DLC02\LOD\Dwemer\DLC2DweFacadeTowerArch1x4Hall_LOD_1.nif
DLC2DweFacadeTowerArchAP_LOD,040384FF,DLC02\LOD\Dwemer\DLC2DweFacadeTowerArchAP_LOD.nif
DLC2DweFacadeTowerArchAP_LOD_1,04038500,DLC02\LOD\Dwemer\DLC2DweFacadeTowerArchAP_LOD_1.nif
DLC2DweFacadeTowerArchPA_LOD,04038501,DLC02\LOD\Dwemer\DLC2DweFacadeTowerArchPA_LOD.nif
DLC2DweFacadeTowerArchPA_LOD_1,04038502,DLC02\LOD\Dwemer\DLC2DweFacadeTowerArchPA_LOD_1.nif
DLC2DweFacadeTowerBase01_LOD,04038503,DLC02\LOD\Dwemer\DLC2DweFacadeTowerBase01_LOD.nif
DLC2DweFacadeTowerBase01_LOD_1,04038504,DLC02\LOD\Dwemer\DLC2DweFacadeTowerBase01_LOD_1.nif
DLC2DweFacadeTowerPT_LOD,04038505,DLC02\LOD\Dwemer\DLC2DweFacadeTowerPT_LOD.nif
DLC2DweFacadeTowerPT_LOD_1,04038506,DLC02\LOD\Dwemer\DLC2DweFacadeTowerPT_LOD_1.nif
DLC2DweFacadeTowerSpacer01_LOD,04038507,DLC02\LOD\Dwemer\DLC2DweFacadeTowerSpacer01_LOD.nif
DLC2DweFacadeTowerSpacer01_LOD_1,04038508,DLC02\LOD\Dwemer\DLC2DweFacadeTowerSpacer01_LOD_1.nif
DLC2DweFacadeTowerTP_LOD,04038509,DLC02\LOD\Dwemer\DLC2DweFacadeTowerTP_LOD.nif
DLC2DweFacadeTowerTP_LOD_1,0403850A,DLC02\LOD\Dwemer\DLC2DweFacadeTowerTP_LOD_1.nif
DLC2DwePlatBgCorDblEnd01_LOD,0403850B,DLC02\LOD\Dwemer\DLC2DwePlatBgCorDblEnd01_LOD.nif
DLC2DwePlatBgCorIn01_LOD,0403850C,DLC02\LOD\Dwemer\DLC2DwePlatBgCorIn01_LOD.nif
DLC2DwePlatBgCorOut01_LOD,0403850D,DLC02\LOD\Dwemer\DLC2DwePlatBgCorOut01_LOD.nif
DLC2DwePlatBgMid01_LOD,0403850E,DLC02\LOD\Dwemer\DLC2DwePlatBgMid01_LOD.nif
DLC2DwePlatBgMid02_LOD,0403850F,DLC02\LOD\Dwemer\DLC2DwePlatBgMid02_LOD.nif
DLC2DwePlatBgStairCapL01_LOD,04038510,DLC02\LOD\Dwemer\DLC2DwePlatBgStairCapL01_LOD.nif
DLC2DwePlatBgStairCapR01_LOD,04038511,DLC02\LOD\Dwemer\DLC2DwePlatBgStairCapR01_LOD.nif
DLC2DwePlatBgStairMid01_LOD,04038512,DLC02\LOD\Dwemer\DLC2DwePlatBgStairMid01_LOD.nif
DLC2DwePlatBgStairMid02_LOD,04038513,DLC02\LOD\Dwemer\DLC2DwePlatBgStairMid02_LOD.nif
DLC2DwePlatBgStairSingle01_LOD,04038514,DLC02\LOD\Dwemer\DLC2DwePlatBgStairSingle01_LOD.nif
DLC2DwePlatBgWall01_LOD,04038515,DLC02\LOD\Dwemer\DLC2DwePlatBgWall01_LOD.nif
DLC2DwePlatBgWall02_LOD,04038516,DLC02\LOD\Dwemer\DLC2DwePlatBgWall02_LOD.nif
DLC2SkaalVilGreyMane01_LOD,04038517,DLC02\LOD\SkaalVillage\DLC2SkaalVilGreyMane01_LOD.nif
DLC2SkaalVilGreyMane01_LOD_2,04038518,DLC02\LOD\SkaalVillage\DLC2SkaalVilGreyMane01_LOD_2.nif
DLC2SkaalVilHouseWind01_LOD,04038519,DLC02\LOD\SkaalVillage\DLC2SkaalVilHouseWind01_LOD.nif
DLC2SkaalVilHouseWind01_LOD_2,0403851A,DLC02\LOD\SkaalVillage\DLC2SkaalVilHouseWind01_LOD_2.nif
DLC2SkaalVilHouseWind04_LOD,0403851B,DLC02\LOD\SkaalVillage\DLC2SkaalVilHouseWind04_LOD.nif
DLC2SkaalVilHouseWind04_LOD_2,0403851C,DLC02\LOD\SkaalVillage\DLC2SkaalVilHouseWind04_LOD_2.nif
DLC2SkaalVilShack02_LOD,0403851D,DLC02\LOD\SkaalVillage\DLC2SkaalVilShack02_LOD.nif
DLC2SkaalVilShack02_LOD_2,0403851E,DLC02\LOD\SkaalVillage\DLC2SkaalVilShack02_LOD_2.nif
RockCartPile01Ash,04038896,DLC02\Clutter\Misc\RockCartPile01.nif
DLC2RRDock01,04038A26,DLC02\Architecture\RavenRock\Docks\DLC2RRDock01.nif
DLC2RRDock02,04038A28,DLC02\Architecture\RavenRock\Docks\DLC2RRDock02.nif
DLC2RRDockStr01,04038A29,DLC02\Architecture\RavenRock\Docks\DLC2RRDockStr01.nif
DLC2RRDockStepsDownEnd01,04038A2A,DLC02\Architecture\RavenRock\Docks\DLC2RRDockStepsDownEnd01.nif
DLC2RRDockStr4way01,04038A2C,DLC02\Architecture\RavenRock\Docks\DLC2RRDockStr4way01.nif
DLC2RRDockPier01,04038A2D,DLC02\Architecture\RavenRock\Docks\DLC2RRDockPier01.nif
DLC2RRDockStr3way01,04038A32,DLC02\Architecture\RavenRock\Docks\DLC2RRDockStr3way01.nif
DLC2RRDockPier02,04038A34,DLC02\Architecture\RavenRock\Docks\DLC2RRDockPier02.nif
DLC2RRDockStr02,04038A35,DLC02\Architecture\RavenRock\Docks\DLC2RRDockStr02.nif
DLC2RRDockStr02A,04038A36,DLC02\Architecture\RavenRock\Docks\DLC2RRDockStr02A.nif
DLC2RRFence01,04038A40,DLC02\Architecture\RavenRock\Fences\DLC2RRFence01.nif
1stPersonStahlrimBattleAxe,04038A50,DLC02\Weapons\Stahlrim\StahlrimBattleAxe.nif
1stPersonStahlrimWarhammer,04038A51,DLC02\Weapons\Stahlrim\StahlrimWarhammer.nif
1stPersonStahlrimSword,04038A52,DLC02\Weapons\Stahlrim\StahlrimSword.nif
1stPersonStahlrimDagger,04038A53,DLC02\Weapons\Stahlrim\StahlrimDagger.nif
1stPersonStahlrimGreatsword,04038A54,DLC02\Weapons\Stahlrim\StahlrimGreatsword.nif
1stPersonSalrhimAxe,04038A55,DLC02\Weapons\Stahlrim\StahlrimWarAxe.nif
1stPersonStalhrimMace,04038A56,DLC02\Weapons\Stahlrim\StahlrimMace.nif
1stPersonStahlrimWarAxe,04038A57,DLC02\Weapons\Stahlrim\StahlrimWarAxe.nif
DLC2RockPileL04VolcanicAshTundra01,04038AF7,Landscape\Rocks\RockPileL04.nif
DLC2CliffBasaltStraightMine,04038EAD,DLC02\Landscape\VolcanicCliffs\DLC2CliffBasaltStraightMine.nif
DLC2TelvanniRoot03,0403911F,DLC02\Architecture\TelvanniTower\DLC2TelvanniRoot03.nif
DLC2TelvanniRoot04,04039128,DLC02\Architecture\TelvanniTower\DLC2TelvanniRoot04.nif
DLC2DarkElfLantern01,04039129,DLC02\Clutter\DLC2DarkElfLantern01.nif
DLC2DarkElfLantern02,0403912A,DLC02\Clutter\DLC2DarkElfLantern02.nif
1stPersonStahlrimBow,04039215,DLC02\Weapons\Stahlrim\StahlrimBow.nif
DLC21stPersonMiraakSword,040397F1,DLC02\Weapons\Miraak\MiraakSword.nif
DLC2RRFence05Ramp,04039B4B,DLC02\Architecture\RavenRock\Fences\DLC2RRFence05Ramp.nif
DLC2RRFencePost01,04039B4D,DLC02\Architecture\RavenRock\Fences\DLC2RRFencePost01.nif
DLC2RRFence01Ramp,04039B4F,DLC02\Architecture\RavenRock\Fences\DLC2RRFence01Ramp.nif
DLC2DweShaftStandaloneRm01_LOD,04039B74,DLC02\LOD\Dwemer\DLC2DweShaftStandaloneRm01_LOD.nif
DLC2DweShaftStandaloneRm01_LOD_1,04039B75,DLC02\LOD\Dwemer\DLC2DweShaftStandaloneRm01_LOD_1.nif
DLC2DweClutterPlatformSm01_LOD,04039B76,DLC02\LOD\Dwemer\DLC2DweClutterPlatformSm01_LOD.nif
DLC2DweClutterPlatformSm01_LOD_1,04039B77,DLC02\LOD\Dwemer\DLC2DweClutterPlatformSm01_LOD_1.nif
DLC2DweReadRmEXTShaftRm01_LOD,04039B78,DLC02\LOD\Dwemer\DLC2DweReadRmEXTShaftRm01_LOD.nif
DLC2DweReadRmEXTShaftRm01_LOD_1,04039B79,DLC02\LOD\Dwemer\DLC2DweReadRmEXTShaftRm01_LOD_1.nif
DLC2DweReadRmEXTPlatformSmR01_LOD,04039B7A,DLC02\LOD\Dwemer\DLC2DweReadRmEXTPlatformSmR01_LOD.nif
DLC2DweReadRmEXTPlatformSmR01_LOD_1,04039B7B,DLC02\LOD\Dwemer\DLC2DweReadRmEXTPlatformSmR01_LOD_1.nif
DLC2DweReadRmEXTPlatformSmL01_LOD,04039B7C,DLC02\LOD\Dwemer\DLC2DweReadRmEXTPlatformSmL01_LOD.nif
DLC2DweReadRmEXTPlatformSmL01_LOD_1,04039B7D,DLC02\LOD\Dwemer\DLC2DweReadRmEXTPlatformSmL01_LOD_1.nif
DLC2DweReadRmEXTDome01_LOD,04039B7E,DLC02\LOD\Dwemer\DLC2DweReadRmEXTDome01_LOD.nif
DLC2DweReadRmEXTDome01_LOD_1,04039B7F,DLC02\LOD\Dwemer\DLC2DweReadRmEXTDome01_LOD_1.nif
DLC2DweReadRmEXT01_LOD,04039B80,DLC02\LOD\Dwemer\DLC2DweReadRmEXT01_LOD.nif
DLC2DweReadRmEXT01_LOD_1,04039B81,DLC02\LOD\Dwemer\DLC2DweReadRmEXT01_LOD_1.nif
DLC2DweReadRmEXTPlatformLg01_LOD,04039B82,DLC02\LOD\Dwemer\DLC2DweReadRmEXTPlatformLg01_LOD.nif
DLC2DweReadRmEXTPlatformLg01_LOD_1,04039B83,DLC02\LOD\Dwemer\DLC2DweReadRmEXTPlatformLg01_LOD_1.nif
ApoAltar01,04039B84,DLC02\Dungeons\Apocrypha\Clutter\ApoAltar01.nif
DLC2DarkElfLantern03,04039BB6,DLC02\Clutter\DLC2DarkElfLantern03.nif
DLC2DarkElfLantern04,04039BB8,DLC02\Clutter\DLC2DarkElfLantern04.nif
DLC2DarkElfLantern05,04039BB9,DLC02\Clutter\DLC2DarkElfLantern05.nif
DLC2DarkElfLantern06,04039BBA,DLC02\Clutter\DLC2DarkElfLantern06.nif
DLC02IceThroneUnique,04039D5C,DLC02\Clutter\DLC02IceThroneUnique.nif
ApoPlatRailStraigjht01,04039D66,DLC02\Dungeons\Apocrypha\Platform\ApoPlatRailStraigjht01.nif
ApoPlatRailCurveLong01,04039D67,DLC02\Dungeons\Apocrypha\Platform\ApoPlatRailCurveLong01.nif
ApoPlatRailCurveShort01,04039D69,DLC02\Dungeons\Apocrypha\Platform\ApoPlatRailCurveShort01.nif
ApoPlatRailCurveMed01,04039D6A,DLC02\Dungeons\Apocrypha\Platform\ApoPlatRailCurveMed01.nif
DLC2RRLanternPost01,04039E51,DLC02\Architecture\RavenRock\Fences\DLC2RRLanternPost01.nif
DLC2RRDockPier01A,04039E5F,DLC02\Architecture\RavenRock\Docks\DLC2RRDockPier01A.nif
DLC2RRBannerPost01,04039E61,DLC02\Architecture\RavenRock\Fences\DLC2RRBannerPost01.nif
DLC2RRFence01A,04039E62,DLC02\Architecture\RavenRock\Fences\DLC2RRFence01A.nif
RedoranBaseStairs01,04039E65,DLC02\Architecture\RavenRock\Redoran\RedoranBaseStairs01.nif
RedoranBaseCenter01,04039E66,DLC02\Architecture\RavenRock\Redoran\RedoranBaseCenter01.nif
RedoranBaseCorner01,04039E67,DLC02\Architecture\RavenRock\Redoran\RedoranBaseCorner01.nif
RedoranBaseWall01,04039E68,DLC02\Architecture\RavenRock\Redoran\RedoranBaseWall01.nif
RedoranBaseStairs02,04039EA4,DLC02\Architecture\RavenRock\Redoran\RedoranBaseStairs02.nif
DLC2RieklingThroneSnow,04039EFC,DLC02\Clutter\Riekling\DLC2RieklingThrone.nif
TreePineForestLog01_Sn,04039F25,Landscape\Trees\TreePineForestLog01.nif
DoomstoneCircle01_LightSnow,04039F2B,Clutter\PowerShrines\PowShrineCircle01.nif
DLC2CrateSmall03WeatheredLightAsh,0403A11B,Clutter\Common\CrateSmall03.nif
DLC2Barrel02Static_LightAsh,0403A11C,Clutter\Barrel02.nif
DLC2CrateSmall04WeatheredLight_Ash,0403A11E,Clutter\Common\CrateSmall04.nif
DLC2CrateSmall01Weathered_LightAsh,0403A11F,Clutter\Common\CrateSmall01.nif
DLC2CrateSmall02Weathered_LightAsh,0403A120,Clutter\Common\CrateSmall02.nif
DLC2HandCartCrate_LightSN,0403A121,Clutter\Carts\HandCartCrate.nif
ApoTentacleStatue01,0403A15A,DLC02\Dungeons\Apocrypha\Clutter\ApoTentacleStatue01.nif
DLC2SkaalVilGreathall01_LOD,0403A1E3,DLC02\LOD\SkaalVillage\DLC2SkaalVilGreathall01_LOD.nif
DLC2dunKolbjornAshMoundDUPLICATE007,0403A2AB,DLC02\Clutter\AshPiles\DLC2dunKolbjornAshMound06.nif
DLC2dunKolbjornArmorStatic,0403A2AC,Armor\Draugr\DraugrArmorMale_GO.nif
ApoLightPost01,0403A2C1,DLC02\Dungeons\Apocrypha\Clutter\ApoLightPost01.nif
ApoLightPost02,0403A2C4,DLC02\Dungeons\Apocrypha\Clutter\ApoLightPost02.nif
DLC2TelMithrynDiseased02,0403A3F9,DLC02\Architecture\TelvanniTower\DLC2TelMithrynDiseased02.nif
DLC2RRBuilding03,0403A47B,DLC02\Architecture\RavenRock\DLC2RRBuilding03.nif
ApoBookStandClaws01,0403A4BE,DLC02\Dungeons\Apocrypha\Clutter\ApoBookStandClaws01.nif
ApoBookStandEyes01,0403A4BF,DLC02\Dungeons\Apocrypha\Clutter\ApoBookStandEyes01.nif
ApoBookStandTent01,0403A4C0,DLC02\Dungeons\Apocrypha\Clutter\ApoBookStandTent01.nif
ApoBookStandTeeth01,0403A4C1,DLC02\Dungeons\Apocrypha\Clutter\ApoBookStandTeeth01.nif
DLC2BlacksmithForge01,0403A9EE,DLC02\Clutter\DLC2BlacksmithForge01.nif
RedoranHutIntDoorframe01,0403AB33,DLC02\Architecture\RavenRock\Redoran\RedoranHutIntDoorframe01.nif
RedoranAshPile01,0403AB49,DLC02\Architecture\RavenRock\Redoran\RedoranAshPile01.nif
DLC2Book01PuzzleBookStatic,0403B011,DLC02\Dungeons\Apocrypha\Clutter\ApoStaticBook01.nif
DLC02CaveIDirtMound02ice,0403B397,Dungeons\Caves\Ice\DirtMound\CaveIDirtMound02.nif
DLC2RRJailGrate02,0403BD64,DLC02\Architecture\RavenRock\Bulwark\DLC2RRJailGrate02.nif
AshMoundLHalf01,0403BD67,DLC02\Clutter\AshPiles\AshMoundLHalf01.nif
AshMoundLHalf02,0403BD68,DLC02\Clutter\AshPiles\AshMoundLHalf02.nif
1stPersonDLC2NordicBattleAxe,0403C34F,DLC02\Weapons\Nordic\1stPersonNordicBattleAxe.nif
1stPersonDLC2NordicDagger,0403C350,DLC02\Weapons\Nordic\1stPersonNordicDagger.nif
1stPersonDLC2NordicGreatSword,0403C351,DLC02\Weapons\Nordic\1stPersonNordicGreatSword.nif
1stPersonDLC2NordicMace,0403C352,DLC02\Weapons\Nordic\1stPersonNordicMace.nif
1stPersonDLC2NordicSword,0403C353,DLC02\Weapons\Nordic\1stPersonNordicSword.nif
1stPersonDLC2NordicWarAxe,0403C354,DLC02\Weapons\Nordic\1stPersonNordiclWarAxe.nif
1stPersonDLC2NordicWarhammer,0403C355,DLC02\Weapons\Nordic\1stPersonNordicWarhammer.nif
DLC2Tombstone01VolcanicAsh,0403C385,Clutter\Tombstones\Tombstone01.nif
DLC2Tombstone02VolcanicAsh,0403C386,Clutter\Tombstones\Tombstone02.nif
DLC2Tombstone03VolcanicAsh,0403C389,Clutter\Tombstones\Tombstone03.nif
DLC2StonewallLong01VolcanicAsh,0403C39E,Architecture\Farmhouse\Stonewall\StonewallLong01.NIF
DLC2Stonewall01VolcanicAsh,0403C39F,Architecture\Farmhouse\Stonewall\Stonewall01.NIF
DLC2StonewallEndR01VolcanicAsh,0403C3A0,Architecture\Farmhouse\Stonewall\StonewallEndR01.NIF
DLC2StonewallEndL01VolcanicAsh,0403C3A1,Architecture\Farmhouse\Stonewall\StonewallEndL01.NIF
DLC2Stonewall02VolcanicAsh,0403C3A2,Architecture\Farmhouse\Stonewall\Stonewall02.NIF
ApoParWallSolid1x2,0403C3C9,DLC02\Dungeons\Apocrypha\Partitions\ApoParWallSolid1x2.nif
ApoParWallSolid2x2,0403C3CA,DLC02\Dungeons\Apocrypha\Partitions\ApoParWallSolid2x2.nif
NorBurialShaft02,0403C6A7,DLC02\Dungeons\Nordic\NorBurialShaft02.nif
DLC2MapSolstheim03,0403C6BD,DLC02\Clutter\DLC2MapSolstheim03.nif
DLC2tentacleArmorPreloader,0403C735,DLC02\Effects\WordBurnedIntoChestSkin.nif
DLC2MapStalhrim,0403C7F2,DLC02\Clutter\DLC2MapSolstheim03.nif
DLC2IcePileL01Snow01_NoSN,0403C820,DLC02\Landscape\Glaciers\DLC2IcePileL01.nif
1stPersonDLC2NordicBow,0403CA7C,DLC02\Weapons\Nordic\NordicBow.nif
DLC2TelvanniTowerMain01_LOD,0403CA9D,DLC02\LOD\TelvanniTower\DLC2TelvanniTowerMain01_LOD.nif
LoadScreenStahlrim01,0403CF02,DLC02\LoadScreenArt\LoadScreenStahlrim01.nif
LoadScreenChitin01,0403CF03,DLC02\LoadScreenArt\LoadScreenChitin01.nif
LoadScreenBonemold01,0403CF04,DLC02\LoadScreenArt\LoadScreenBonemold01.nif
LoadScreenMiraak01,0403CF05,DLC02\LoadScreenArt\LoadScreenMiraak01.nif
LoadScreenNetch01,0403CF06,DLC02\LoadScreenArt\LoadScreenNetch01.nif
LoadScreenSeeker01,0403CF07,DLC02\LoadScreenArt\LoadScreenSeeker01.nif
LoadScreenBlackBook01,0403CF08,DLC02\Clutter\DLC2BlackBook01.nif
LoadScreenStandingStone01,0403CF09,DLC02\Landscape\StandingStone\DLC2StandingStoneTree.nif
LoadScreenThirsk01,0403CF0A,DLC02\LoadScreenArt\LoadScreenThirsk01.nif
LoadScreenTelvanni01,0403CF0B,DLC02\Architecture\TelvanniTower\DLC2TelvanniGourdHouseExt02.nif
TelvanniLiftEffect01,0403CF0C,DLC02\Effects\TelvanniLiftEffect01.nif
TelvanniLiftEffect02,0403CF11,DLC02\Effects\TelvanniLiftEffect02.nif
LoadScreenDragonRiding01,0403D04E,DLC02\LoadScreenArt\LoadScreenDragonRiding01.nif
LoadscreenAshspawn01,0403D04F,DLC02\LoadScreenArt\LoadscreenAshspawn01.nif
LoadScreenRavenRock01,0403D050,DLC02\LoadScreenArt\LoadScreenRavenRock01.nif
LoadScreenLocalGoods01,0403D051,DLC02\LoadScreenArt\LoadScreenLocalGoods01.nif
LoadScreenAdventure02,0403D052,DLC02\LoadScreenArt\LoadScreenAdventure02.nif
LoadScreenBurntWoods01,0403D053,DLC02\LoadScreenArt\LoadScreenBurntWoods01.nif
LoadScreenRedoran01,0403D054,DLC02\LoadScreenArt\LoadScreenRedoran01.nif
SnowDriftM01_GlacierBlend,0403D133,Landscape\SnowDrifts\SnowDriftM01.nif
CaveIRockM04_GlacierBlend,0403D135,Dungeons\Caves\Ice\Rocks\CaveIRockM04.nif
CaveIRockM04_NoIce,0403D136,Dungeons\Caves\Ice\Rocks\CaveIRockM04.nif
CaveIBoulderPileS01_NoIce,0403D137,Dungeons\Caves\Ice\Rocks\CaveIBoulderPileS01.nif
CaveIRockM02_NoIce,0403D138,Dungeons\Caves\Ice\Rocks\CaveIRockM02.nif
CaveIBoulderPileS02_NoIce,0403D139,Dungeons\Caves\Ice\Rocks\CaveIBoulderPileS02.nif
SnowDriftL01_GlacierBlend,0403D13A,Landscape\SnowDrifts\SnowDriftL01.nif
CaveIBoulderL05_NoIce,0403D13B,Dungeons\Caves\Ice\Rocks\CaveIBoulderL05.nif
SnowDriftL02_GlacierBlend,0403D13C,Landscape\SnowDrifts\SnowDriftL02.nif
CaveIRockS02_NoSN,0403D140,Dungeons\Caves\Ice\Rocks\CaveIRockS02.nif
LoadScreenBallista01,0403D2D3,DLC02\LoadScreenArt\LoadScreenBallista01.nif
LoadScreenLurker01,0403D2D6,DLC02\LoadScreenArt\LoadScreenLurker01.nif
LoadScreenRiekling01,0403D2FC,DLC02\LoadScreenArt\LoadScreenRiekling01.nif
LoadScreenRiekling02,0403D2FD,DLC02\LoadScreenArt\LoadScreenRiekling02.nif
LoadScreenSkaal01,0403D2FE,DLC02\LoadScreenArt\LoadScreenSkaal01.nif
ApoControlRingArchPart01Snow_L,0403D3BF,DLC02\Dungeons\Apocrypha\Exterior\ControlRing\ApoControlRingArchPart01.nif
RockCartPile01Snow,0403D3C0,DLC02\Clutter\Misc\RockCartPile01.nif
DLC2StoneCircle01,0403D447,DLC02\Clutter\Misc\DLC2StoneCircle01.nif
DLC2MAGINVShoutDBA,0403D58F,DLC02\Effects\MAGINVShoutDBA.nif
DLC2MAGINVShoutBendWill,0403D590,DLC02\Effects\MAGINVShoutBendWill.nif
